pdb_id,uniprot_id,title,organism,n_residues,n_atoms,resolution,method,n_protein_entities,ligand_ccd,ligand_smiles,ligand_rdkit_parameterizable,ligand_meeko_parameterizable,pocket_druggable,pocket_druggability_score,completeness,nonstd_residues,literature_count,suitable_for,modeling_alphafold_entry_id,modeling_alphafold_mean_plddt,modeling_alphafold_low_confidence_fraction,md_simulation_pdbfixer_repaired,modeling_status,modeling_predicted_difficulty,modeling_measured_difficulty,modeling_gap,modeling_tier,modeling_failure_mode,modeling_notes,md_simulation_status,md_simulation_predicted_difficulty,md_simulation_measured_difficulty,md_simulation_gap,md_simulation_tier,md_simulation_failure_mode,md_simulation_notes,docking_status,docking_predicted_difficulty,docking_measured_difficulty,docking_gap,docking_tier,docking_failure_mode,docking_notes,rationale_json
1CTQ,P01112,STRUCTURE OF P21RAS IN COMPLEX WITH GPPNHP AT 100 K,Homo sapiens,166,1655,1.26,X-RAY DIFFRACTION,1,GNP,c1nc2c(n1C3C(C(C(O3)COP(=O)(O)OP(=O)(NP(=O)(O)O)O)O)O)N=C(NC2=O)N,True,False,False,0.254,1.0,False,41,"[""modeling"", ""md_simulation"", ""docking""]",AF-P01112-F1,91.94,0.08,True,pass,,0.03049282380088698,,intro,,"[""AF-P01112-F1: mean pLDDT 91.9, 8.0% low/very-low confidence""]",pass,0.35244444444444445,0.01576909424334493,-0.3366753502010995,intro,,"[""2619 atoms, 50 steps at 2.0 fs completed cleanly, final PE -15466.2 kJ/mol"", ""minimization may not have fully converged: stopped at max_minimization_iterations=50""]",pass,,0.13219363743333284,,intro,,"[""self-dock RMSD 0.92 \u00c5, within 2.5 \u00c5"", ""PLIP interactions: {'hydrogen_bonds': 16, 'hydrophobic_contacts': 0, 'pi_stacking': 2, 'pi_cation': 0, 'salt_bridges': 1, 'halogen_bonds': 0, 'water_bridges': 0}""]","{""simulability_reasons"": [], ""pocket_reasons"": [""best druggability score 0.254 below threshold 0.5""], ""modeling"": [""AF-P01112-F1: mean pLDDT 91.9, 8.0% low/very-low confidence""], ""md_simulation"": [""2619 atoms, 50 steps at 2.0 fs completed cleanly, final PE -15466.2 kJ/mol"", ""minimization may not have fully converged: stopped at max_minimization_iterations=50""], ""docking"": [""self-dock RMSD 0.92 \u00c5, within 2.5 \u00c5"", ""PLIP interactions: {'hydrogen_bonds': 16, 'hydrophobic_contacts': 0, 'pi_stacking': 2, 'pi_cation': 0, 'salt_bridges': 1, 'halogen_bonds': 0, 'water_bridges': 0}""]}"
1RX7,P0ABQ4,STRUCTURE OF DIHYDROFOLATE REDUCTASE COMPLEXED WITH FOLATE,Escherichia coli,159,1323,2.3,X-RAY DIFFRACTION,1,FOL,c1cc(ccc1C(=O)NC(CCC(=O)O)C(=O)O)NCc2cnc3c(n2)C(=O)N=C(N3)N,True,True,True,0.653,1.0,False,24,"[""modeling"", ""md_simulation"", ""docking""]",AF-P0ABQ4-F1,96.44,0.0,True,pass,,0.030464908201247455,,intro,,"[""AF-P0ABQ4-F1: mean pLDDT 96.4, 0.0% low/very-low confidence""]",pass,0.4833333333333333,0.005526322246684382,-0.4778070110866489,intro,,"[""2489 atoms, 50 steps at 2.0 fs completed cleanly, final PE -6630.0 kJ/mol"", ""minimization may not have fully converged: stopped at max_minimization_iterations=50""]",pass,,0.10796122092500203,,intro,,"[""self-dock RMSD 2.19 \u00c5, within 2.5 \u00c5"", ""PLIP interactions: {'hydrogen_bonds': 4, 'hydrophobic_contacts': 5, 'pi_stacking': 0, 'pi_cation': 0, 'salt_bridges': 2, 'halogen_bonds': 0, 'water_bridges': 0}""]","{""simulability_reasons"": [], ""pocket_reasons"": [], ""modeling"": [""AF-P0ABQ4-F1: mean pLDDT 96.4, 0.0% low/very-low confidence""], ""md_simulation"": [""2489 atoms, 50 steps at 2.0 fs completed cleanly, final PE -6630.0 kJ/mol"", ""minimization may not have fully converged: stopped at max_minimization_iterations=50""], ""docking"": [""self-dock RMSD 2.19 \u00c5, within 2.5 \u00c5"", ""PLIP interactions: {'hydrogen_bonds': 4, 'hydrophobic_contacts': 5, 'pi_stacking': 0, 'pi_cation': 0, 'salt_bridges': 2, 'halogen_bonds': 0, 'water_bridges': 0}""]}"
1D2S,P04278,CRYSTAL STRUCTURE OF THE N-TERMINAL LAMININ G-LIKE DOMAIN OF SHBG IN COMPLEX WITH DIHYDROTESTOSTERONE,Homo sapiens,170,1521,1.55,X-RAY DIFFRACTION,1,CA,[Ca+2],True,False,True,0.759,1.0,False,22,"[""modeling"", ""md_simulation"", ""docking""]",AF-P04278-F1,85.69,0.177,True,pass,,0.03121268559480086,,intro,,"[""AF-P04278-F1: mean pLDDT 85.7, 17.7% low/very-low confidence""]",pass,0.39555555555555555,0.008899302390054799,-0.38665625316550073,intro,,"[""2634 atoms, 50 steps at 2.0 fs completed cleanly, final PE -9711.3 kJ/mol"", ""minimization may not have fully converged: stopped at max_minimization_iterations=50""]",pass,,0.03525441924187665,,intro,,"[""self-dock RMSD 0.23 \u00c5, within 2.5 \u00c5"", ""PLIP interactions: {'hydrogen_bonds': 3, 'hydrophobic_contacts': 7, 'pi_stacking': 0, 'pi_cation': 0, 'salt_bridges': 0, 'halogen_bonds': 0, 'water_bridges': 0}""]","{""simulability_reasons"": [], ""pocket_reasons"": [], ""modeling"": [""AF-P04278-F1: mean pLDDT 85.7, 17.7% low/very-low confidence""], ""md_simulation"": [""2634 atoms, 50 steps at 2.0 fs completed cleanly, final PE -9711.3 kJ/mol"", ""minimization may not have fully converged: stopped at max_minimization_iterations=50""], ""docking"": [""self-dock RMSD 0.23 \u00c5, within 2.5 \u00c5"", ""PLIP interactions: {'hydrogen_bonds': 3, 'hydrophobic_contacts': 7, 'pi_stacking': 0, 'pi_cation': 0, 'salt_bridges': 0, 'halogen_bonds': 0, 'water_bridges': 0}""]}"
1W1D,O15530,"Crystal Structure of the PDK1 Pleckstrin Homology (PH) domain bound to Inositol (1,3,4,5)-tetrakisphosphate",Homo sapiens,151,1473,1.5,X-RAY DIFFRACTION,1,4IP,C1(C(C(C(C(C1OP(=O)(O)O)OP(=O)(O)O)OP(=O)(O)O)O)OP(=O)(O)O)O,True,True,True,0.542,0.9536423841059603,False,22,"[""modeling"", ""md_simulation"", ""docking""]",AF-O15530-F1,78.75,0.263,True,pass,,0.027647505793720484,,intro,,"[""AF-O15530-F1: mean pLDDT 78.8, 26.3% low/very-low confidence""]",pass,0.3832303164091243,0.005061725403259818,-0.3781685910058645,intro,,"[""2493 atoms, 50 steps at 2.0 fs completed cleanly, final PE -9866.8 kJ/mol"", ""minimization may not have fully converged: stopped at max_minimization_iterations=50""]",pass,,0.05312724569181834,,intro,,"[""self-dock RMSD 1.49 \u00c5, within 2.5 \u00c5"", ""PLIP interactions: {'hydrogen_bonds': 0, 'hydrophobic_contacts': 0, 'pi_stacking': 0, 'pi_cation': 0, 'salt_bridges': 6, 'halogen_bonds': 0, 'water_bridges': 0}""]","{""simulability_reasons"": [], ""pocket_reasons"": [], ""modeling"": [""AF-O15530-F1: mean pLDDT 78.8, 26.3% low/very-low confidence""], ""md_simulation"": [""2493 atoms, 50 steps at 2.0 fs completed cleanly, final PE -9866.8 kJ/mol"", ""minimization may not have fully converged: stopped at max_minimization_iterations=50""], ""docking"": [""self-dock RMSD 1.49 \u00c5, within 2.5 \u00c5"", ""PLIP interactions: {'hydrogen_bonds': 0, 'hydrophobic_contacts': 0, 'pi_stacking': 0, 'pi_cation': 0, 'salt_bridges': 6, 'halogen_bonds': 0, 'water_bridges': 0}""]}"
1KQU,P14555,Human phospholipase A2 complexed with a substrate anologue,Homo sapiens,124,1065,2.1,X-RAY DIFFRACTION,1,BR4,c1ccc(cc1)CCCCCCC(=O)NC(CCc2ccccc2)CCC(=O)O,True,False,True,0.913,1.0,False,16,"[""modeling"", ""md_simulation"", ""docking""]",AF-P14555-F1,91.0,0.091,True,pass,,0.027936183200108645,,intro,,"[""AF-P14555-F1: mean pLDDT 91.0, 9.1% low/very-low confidence""]",pass,0.4177777777777778,0.007411342253326438,-0.41036643552445135,intro,,"[""1897 atoms, 50 steps at 2.0 fs completed cleanly, final PE -4925.7 kJ/mol"", ""minimization may not have fully converged: stopped at max_minimization_iterations=50""]",pass,,0.15839277137468646,,intro,,"[""self-dock RMSD 2.34 \u00c5, within 2.5 \u00c5"", ""PLIP interactions: {'hydrogen_bonds': 3, 'hydrophobic_contacts': 8, 'pi_stacking': 1, 'pi_cation': 0, 'salt_bridges': 1, 'halogen_bonds': 0, 'water_bridges': 0}""]","{""simulability_reasons"": [], ""pocket_reasons"": [], ""modeling"": [""AF-P14555-F1: mean pLDDT 91.0, 9.1% low/very-low confidence""], ""md_simulation"": [""1897 atoms, 50 steps at 2.0 fs completed cleanly, final PE -4925.7 kJ/mol"", ""minimization may not have fully converged: stopped at max_minimization_iterations=50""], ""docking"": [""self-dock RMSD 2.34 \u00c5, within 2.5 \u00c5"", ""PLIP interactions: {'hydrogen_bonds': 3, 'hydrophobic_contacts': 8, 'pi_stacking': 1, 'pi_cation': 0, 'salt_bridges': 1, 'halogen_bonds': 0, 'water_bridges': 0}""]}"
1XTQ,Q15382,Structure of small GTPase human Rheb in complex with GDP,Homo sapiens,177,1537,2.0,X-RAY DIFFRACTION,1,GDP,c1nc2c(n1C3C(C(C(O3)COP(=O)(O)OP(=O)(O)O)O)O)N=C(NC2=O)N,True,True,False,0.138,0.9548022598870056,False,16,"[""modeling"", ""md_simulation"", ""docking""]",AF-Q15382-F1,92.5,0.065,True,pass,,0.028344407199620038,,intro,,"[""AF-Q15382-F1: mean pLDDT 92.5, 6.5% low/very-low confidence""]",pass,0.4783992467043314,0.007719332233330836,-0.4706799144710006,intro,,"[""2841 atoms, 50 steps at 2.0 fs completed cleanly, final PE -10958.4 kJ/mol"", ""minimization may not have fully converged: stopped at max_minimization_iterations=50""]",pass,,0.08339541606666595,,intro,,"[""self-dock RMSD 1.09 \u00c5, within 2.5 \u00c5"", ""PLIP interactions: {'hydrogen_bonds': 11, 'hydrophobic_contacts': 0, 'pi_stacking': 0, 'pi_cation': 1, 'salt_bridges': 2, 'halogen_bonds': 0, 'water_bridges': 0}""]","{""simulability_reasons"": [], ""pocket_reasons"": [""best druggability score 0.138 below threshold 0.5""], ""modeling"": [""AF-Q15382-F1: mean pLDDT 92.5, 6.5% low/very-low confidence""], ""md_simulation"": [""2841 atoms, 50 steps at 2.0 fs completed cleanly, final PE -10958.4 kJ/mol"", ""minimization may not have fully converged: stopped at max_minimization_iterations=50""], ""docking"": [""self-dock RMSD 1.09 \u00c5, within 2.5 \u00c5"", ""PLIP interactions: {'hydrogen_bonds': 11, 'hydrophobic_contacts': 0, 'pi_stacking': 0, 'pi_cation': 1, 'salt_bridges': 2, 'halogen_bonds': 0, 'water_bridges': 0}""]}"
2PK4,P00747,THE REFINED STRUCTURE OF THE EPSILON-AMINOCAPROIC ACID COMPLEX OF HUMAN PLASMINOGEN KRINGLE,Homo sapiens,80,745,2.25,X-RAY DIFFRACTION,1,ACA,C(CCC(=O)O)CCN,True,False,False,0.299,1.0,False,16,"[""modeling"", ""md_simulation"", ""docking""]",AF-P00747-F1,82.81,0.156,True,pass,,0.029034558200510218,,intro,,"[""AF-P00747-F1: mean pLDDT 82.8, 15.6% low/very-low confidence""]",pass,0.38888888888888884,0.002454848963340434,-0.3864340399255484,intro,,"[""1218 atoms, 50 steps at 2.0 fs completed cleanly, final PE -5656.1 kJ/mol"", ""minimization may not have fully converged: stopped at max_minimization_iterations=50""]",pass,,0.013995699766868104,,intro,,"[""self-dock RMSD 1.25 \u00c5, within 2.5 \u00c5"", ""PLIP interactions: {'hydrogen_bonds': 2, 'hydrophobic_contacts': 5, 'pi_stacking': 0, 'pi_cation': 0, 'salt_bridges': 2, 'halogen_bonds': 0, 'water_bridges': 0}""]","{""simulability_reasons"": [], ""pocket_reasons"": [""best druggability score 0.299 below threshold 0.5""], ""modeling"": [""AF-P00747-F1: mean pLDDT 82.8, 15.6% low/very-low confidence""], ""md_simulation"": [""1218 atoms, 50 steps at 2.0 fs completed cleanly, final PE -5656.1 kJ/mol"", ""minimization may not have fully converged: stopped at max_minimization_iterations=50""], ""docking"": [""self-dock RMSD 1.25 \u00c5, within 2.5 \u00c5"", ""PLIP interactions: {'hydrogen_bonds': 2, 'hydrophobic_contacts': 5, 'pi_stacking': 0, 'pi_cation': 0, 'salt_bridges': 2, 'halogen_bonds': 0, 'water_bridges': 0}""]}"
1R2Q,P20339,Crystal Structure of Human Rab5a GTPase Domain at 1.05 A resolution,Homo sapiens,170,1734,1.05,X-RAY DIFFRACTION,1,GNP,c1nc2c(n1C3C(C(C(O3)COP(=O)(O)OP(=O)(NP(=O)(O)O)O)O)O)N=C(NC2=O)N,True,False,True,0.57,1.0,False,15,"[""modeling"", ""md_simulation"", ""docking""]",AF-P20339-F1,84.88,0.223,True,pass,,0.03068783300695941,,intro,,"[""AF-P20339-F1: mean pLDDT 84.9, 22.3% low/very-low confidence""]",pass,0.3288888888888889,0.0062829682799444226,-0.3226059206089445,intro,,"[""2666 atoms, 50 steps at 2.0 fs completed cleanly, final PE -14246.5 kJ/mol"", ""minimization may not have fully converged: stopped at max_minimization_iterations=50""]",pass,,0.14376501378331644,,intro,,"[""self-dock RMSD 1.11 \u00c5, within 2.5 \u00c5"", ""PLIP interactions: {'hydrogen_bonds': 17, 'hydrophobic_contacts': 0, 'pi_stacking': 2, 'pi_cation': 0, 'salt_bridges': 2, 'halogen_bonds': 0, 'water_bridges': 0}""]","{""simulability_reasons"": [], ""pocket_reasons"": [], ""modeling"": [""AF-P20339-F1: mean pLDDT 84.9, 22.3% low/very-low confidence""], ""md_simulation"": [""2666 atoms, 50 steps at 2.0 fs completed cleanly, final PE -14246.5 kJ/mol"", ""minimization may not have fully converged: stopped at max_minimization_iterations=50""], ""docking"": [""self-dock RMSD 1.11 \u00c5, within 2.5 \u00c5"", ""PLIP interactions: {'hydrogen_bonds': 17, 'hydrophobic_contacts': 0, 'pi_stacking': 2, 'pi_cation': 0, 'salt_bridges': 2, 'halogen_bonds': 0, 'water_bridges': 0}""]}"
2BBR,Q98325,Crystal Structure of MC159 Reveals Molecular Mechanism of DISC Assembly and vFLIP Inhibition,Molluscum contagiosum virus subtype 1,195,1814,1.2,X-RAY DIFFRACTION,1,AZI,[N-]=[N+]=[N-],True,True,False,0.477,0.9692307692307692,False,15,"[""modeling"", ""md_simulation"", ""docking""]",AF-0000000365762267,81.36,0.26,True,pass,,0.03262165479827672,,intro,,"[""AF-0000000365762267: mean pLDDT 81.4, 26.0% low/very-low confidence""]",pass,0.3869230769230769,0.010591034403381248,-0.37633204251969565,intro,,"[""3114 atoms, 50 steps at 2.0 fs completed cleanly, final PE -14183.5 kJ/mol"", ""minimization may not have fully converged: stopped at max_minimization_iterations=50""]",pass,,0.01497194403297423,,intro,,"[""self-dock RMSD 1.95 \u00c5, within 2.5 \u00c5"", ""PLIP interactions: {'hydrogen_bonds': 1, 'hydrophobic_contacts': 0, 'pi_stacking': 0, 'pi_cation': 0, 'salt_bridges': 0, 'halogen_bonds': 0, 'water_bridges': 0}""]","{""simulability_reasons"": [], ""pocket_reasons"": [""best druggability score 0.477 below threshold 0.5""], ""modeling"": [""AF-0000000365762267: mean pLDDT 81.4, 26.0% low/very-low confidence""], ""md_simulation"": [""3114 atoms, 50 steps at 2.0 fs completed cleanly, final PE -14183.5 kJ/mol"", ""minimization may not have fully converged: stopped at max_minimization_iterations=50""], ""docking"": [""self-dock RMSD 1.95 \u00c5, within 2.5 \u00c5"", ""PLIP interactions: {'hydrogen_bonds': 1, 'hydrophobic_contacts': 0, 'pi_stacking': 0, 'pi_cation': 0, 'salt_bridges': 0, 'halogen_bonds': 0, 'water_bridges': 0}""]}"
1AGP,P01112,THREE-DIMENSIONAL STRUCTURES AND PROPERTIES OF A TRANSFORMING AND A NONTRANSFORMING GLY-12 MUTANT OF P21-H-RAS,Homo sapiens,166,1399,2.3,X-RAY DIFFRACTION,1,GNP,c1nc2c(n1C3C(C(C(O3)COP(=O)(O)OP(=O)(NP(=O)(O)O)O)O)O)N=C(NC2=O)N,True,False,True,0.847,1.0,False,13,"[""modeling"", ""md_simulation"", ""docking""]",AF-P01112-F1,91.94,0.08,True,pass,,0.02892101559555158,,intro,,"[""AF-P01112-F1: mean pLDDT 91.9, 8.0% low/very-low confidence""]",pass,0.49111111111111105,0.009398999163337673,-0.48171211194777336,intro,,"[""2625 atoms, 50 steps at 2.0 fs completed cleanly, final PE -16730.5 kJ/mol"", ""minimization may not have fully converged: stopped at max_minimization_iterations=50""]",pass,,0.18249067677485678,,intro,,"[""self-dock RMSD 0.91 \u00c5, within 2.5 \u00c5"", ""PLIP interactions: {'hydrogen_bonds': 12, 'hydrophobic_contacts': 0, 'pi_stacking': 2, 'pi_cation': 1, 'salt_bridges': 2, 'halogen_bonds': 0, 'water_bridges': 0}""]","{""simulability_reasons"": [], ""pocket_reasons"": [], ""modeling"": [""AF-P01112-F1: mean pLDDT 91.9, 8.0% low/very-low confidence""], ""md_simulation"": [""2625 atoms, 50 steps at 2.0 fs completed cleanly, final PE -16730.5 kJ/mol"", ""minimization may not have fully converged: stopped at max_minimization_iterations=50""], ""docking"": [""self-dock RMSD 0.91 \u00c5, within 2.5 \u00c5"", ""PLIP interactions: {'hydrogen_bonds': 12, 'hydrophobic_contacts': 0, 'pi_stacking': 2, 'pi_cation': 1, 'salt_bridges': 2, 'halogen_bonds': 0, 'water_bridges': 0}""]}"
1OHJ,P00374,"HUMAN DIHYDROFOLATE REDUCTASE, MONOCLINIC (P21) CRYSTAL FORM",Homo sapiens,186,1616,2.5,X-RAY DIFFRACTION,1,COP,c1ccc(c(c1)C(=O)NCCCC(C(=O)O)NC(=O)c2ccc(cc2)NCc3cnc4c(n3)c(nc(n4)N)N)C(=O)O,True,True,True,0.756,1.0,False,13,"[""modeling"", ""md_simulation"", ""docking""]",AF-P00374-F1,96.12,0.01,True,pass,,0.03185460919999059,,intro,,"[""AF-P00374-F1: mean pLDDT 96.1, 1.0% low/very-low confidence""]",pass,0.54,0.027566610833334077,-0.5124333891666659,intro,,"[""3013 atoms, 50 steps at 2.0 fs completed cleanly, final PE -12828.3 kJ/mol"", ""minimization may not have fully converged: stopped at max_minimization_iterations=50""]",pass,,0.8504738648000056,,challenge,,"[""self-dock RMSD 1.36 \u00c5, within 2.5 \u00c5"", ""PLIP interactions: {'hydrogen_bonds': 17, 'hydrophobic_contacts': 1, 'pi_stacking': 0, 'pi_cation': 0, 'salt_bridges': 2, 'halogen_bonds': 0, 'water_bridges': 0}""]","{""simulability_reasons"": [], ""pocket_reasons"": [], ""modeling"": [""AF-P00374-F1: mean pLDDT 96.1, 1.0% low/very-low confidence""], ""md_simulation"": [""3013 atoms, 50 steps at 2.0 fs completed cleanly, final PE -12828.3 kJ/mol"", ""minimization may not have fully converged: stopped at max_minimization_iterations=50""], ""docking"": [""self-dock RMSD 1.36 \u00c5, within 2.5 \u00c5"", ""PLIP interactions: {'hydrogen_bonds': 17, 'hydrophobic_contacts': 1, 'pi_stacking': 0, 'pi_cation': 0, 'salt_bridges': 2, 'halogen_bonds': 0, 'water_bridges': 0}""]}"
1KAO,P10114,CRYSTAL STRUCTURE OF THE SMALL G PROTEIN RAP2A WITH GDP,Homo sapiens,167,1429,1.7,X-RAY DIFFRACTION,1,GDP,c1nc2c(n1C3C(C(C(O3)COP(=O)(O)OP(=O)(O)O)O)O)N=C(NC2=O)N,True,True,True,0.858,1.0,False,12,"[""modeling"", ""md_simulation"", ""docking""]",AF-P10114-F1,91.69,0.082,True,pass,,0.03978620439302176,,intro,,"[""AF-P10114-F1: mean pLDDT 91.7, 8.2% low/very-low confidence""]",pass,0.41222222222222216,0.007660275199838603,-0.4045619470223836,intro,,"[""2659 atoms, 50 steps at 2.0 fs completed cleanly, final PE -13838.5 kJ/mol"", ""minimization may not have fully converged: stopped at max_minimization_iterations=50""]",pass,,0.11698512318350064,,intro,,"[""self-dock RMSD 1.26 \u00c5, within 2.5 \u00c5"", ""PLIP interactions: {'hydrogen_bonds': 11, 'hydrophobic_contacts': 0, 'pi_stacking': 1, 'pi_cation': 0, 'salt_bridges': 4, 'halogen_bonds': 0, 'water_bridges': 0}""]","{""simulability_reasons"": [], ""pocket_reasons"": [], ""modeling"": [""AF-P10114-F1: mean pLDDT 91.7, 8.2% low/very-low confidence""], ""md_simulation"": [""2659 atoms, 50 steps at 2.0 fs completed cleanly, final PE -13838.5 kJ/mol"", ""minimization may not have fully converged: stopped at max_minimization_iterations=50""], ""docking"": [""self-dock RMSD 1.26 \u00c5, within 2.5 \u00c5"", ""PLIP interactions: {'hydrogen_bonds': 11, 'hydrophobic_contacts': 0, 'pi_stacking': 1, 'pi_cation': 0, 'salt_bridges': 4, 'halogen_bonds': 0, 'water_bridges': 0}""]}"
1RUV,P61823,RIBONUCLEASE A-URIDINE VANADATE COMPLEX: HIGH RESOLUTION RESOLUTION X-RAY STRUCTURE (1.3 A),Bos taurus,124,1138,1.25,X-RAY DIFFRACTION,1,TBU,CC(C)(C)O,True,True,False,0.001,1.0,False,12,"[""modeling"", ""md_simulation"", ""docking""]",AF-P61823-F1,94.06,0.06,True,pass,,0.02909024100517854,,intro,,"[""AF-P61823-F1: mean pLDDT 94.1, 6.0% low/very-low confidence""]",pass,0.3044444444444444,0.006932556066700879,-0.2975118883777435,intro,,"[""1860 atoms, 50 steps at 2.0 fs completed cleanly, final PE -7827.2 kJ/mol"", ""minimization may not have fully converged: stopped at max_minimization_iterations=50""]",pass,,0.011259020483218288,,intro,,"[""self-dock RMSD 2.17 \u00c5, within 2.5 \u00c5"", ""PLIP interactions: {'hydrogen_bonds': 1, 'hydrophobic_contacts': 2, 'pi_stacking': 0, 'pi_cation': 0, 'salt_bridges': 0, 'halogen_bonds': 0, 'water_bridges': 0}""]","{""simulability_reasons"": [], ""pocket_reasons"": [""best druggability score 0.001 below threshold 0.5""], ""modeling"": [""AF-P61823-F1: mean pLDDT 94.1, 6.0% low/very-low confidence""], ""md_simulation"": [""1860 atoms, 50 steps at 2.0 fs completed cleanly, final PE -7827.2 kJ/mol"", ""minimization may not have fully converged: stopped at max_minimization_iterations=50""], ""docking"": [""self-dock RMSD 2.17 \u00c5, within 2.5 \u00c5"", ""PLIP interactions: {'hydrogen_bonds': 1, 'hydrophobic_contacts': 2, 'pi_stacking': 0, 'pi_cation': 0, 'salt_bridges': 0, 'halogen_bonds': 0, 'water_bridges': 0}""]}"
2FAC,P0A6A8,Crystal structure of E. coli hexanoyl-ACP,Escherichia coli,154,1485,1.76,X-RAY DIFFRACTION,1,PM4,CCCCCC(=O)SCCNC(=O)CCNC(=O)C(C(C)(C)COP(=O)O)O,True,True,True,0.869,1.0,False,12,"[""modeling"", ""md_simulation"", ""docking""]",AF-P0A6A8-F1,90.88,0.038,True,pass,,0.03046518099727109,,intro,,"[""AF-P0A6A8-F1: mean pLDDT 90.9, 3.8% low/very-low confidence""]",pass,0.40577777777777774,0.007083602860026682,-0.39869417491775105,intro,,"[""2342 atoms, 50 steps at 2.0 fs completed cleanly, final PE 17424.0 kJ/mol"", ""minimization may not have fully converged: stopped at max_minimization_iterations=50""]",pass,,0.3787347068583282,,core,,"[""self-dock RMSD 1.92 \u00c5, within 2.5 \u00c5"", ""PLIP interactions: {'hydrogen_bonds': 2, 'hydrophobic_contacts': 7, 'pi_stacking': 0, 'pi_cation': 0, 'salt_bridges': 0, 'halogen_bonds': 0, 'water_bridges': 0}""]","{""simulability_reasons"": [], ""pocket_reasons"": [], ""modeling"": [""AF-P0A6A8-F1: mean pLDDT 90.9, 3.8% low/very-low confidence""], ""md_simulation"": [""2342 atoms, 50 steps at 2.0 fs completed cleanly, final PE 17424.0 kJ/mol"", ""minimization may not have fully converged: stopped at max_minimization_iterations=50""], ""docking"": [""self-dock RMSD 1.92 \u00c5, within 2.5 \u00c5"", ""PLIP interactions: {'hydrogen_bonds': 2, 'hydrophobic_contacts': 7, 'pi_stacking': 0, 'pi_cation': 0, 'salt_bridges': 0, 'halogen_bonds': 0, 'water_bridges': 0}""]}"
3EWR,P0C6U2,complex of substrate ADP-ribose with HCoV-229E Nsp3 ADRP domain,Human coronavirus 229E,168,1426,2.01,X-RAY DIFFRACTION,1,APR,c1nc(c2c(n1)n(cn2)C3C(C(C(O3)COP(=O)(O)OP(=O)(O)OCC4C(C(C(O4)O)O)O)O)O)N,True,True,False,0.486,0.9940476190476191,False,12,"[""modeling"", ""md_simulation"", ""docking""]",AF-0000000365766182,82.69,0.17,True,pass,,0.027099106996320187,,intro,,"[""AF-0000000365766182: mean pLDDT 82.7, 17.0% low/very-low confidence""]",pass,0.45665079365079364,0.0068227513433278845,-0.44982804230746576,intro,,"[""2612 atoms, 50 steps at 2.0 fs completed cleanly, final PE -9277.8 kJ/mol"", ""minimization may not have fully converged: stopped at max_minimization_iterations=50""]",pass,,0.16642619455815294,,intro,,"[""self-dock RMSD 1.67 \u00c5, within 2.5 \u00c5"", ""PLIP interactions: {'hydrogen_bonds': 11, 'hydrophobic_contacts': 0, 'pi_stacking': 1, 'pi_cation': 0, 'salt_bridges': 0, 'halogen_bonds': 0, 'water_bridges': 0}""]","{""simulability_reasons"": [], ""pocket_reasons"": [""best druggability score 0.486 below threshold 0.5""], ""modeling"": [""AF-0000000365766182: mean pLDDT 82.7, 17.0% low/very-low confidence""], ""md_simulation"": [""2612 atoms, 50 steps at 2.0 fs completed cleanly, final PE -9277.8 kJ/mol"", ""minimization may not have fully converged: stopped at max_minimization_iterations=50""], ""docking"": [""self-dock RMSD 1.67 \u00c5, within 2.5 \u00c5"", ""PLIP interactions: {'hydrogen_bonds': 11, 'hydrophobic_contacts': 0, 'pi_stacking': 1, 'pi_cation': 0, 'salt_bridges': 0, 'halogen_bonds': 0, 'water_bridges': 0}""]}"
1RMZ,P39900,Crystal structure of the catalytic domain of human MMP12 complexed with the inhibitor NNGH at 1.3 A resolution,Homo sapiens,159,1508,1.34,X-RAY DIFFRACTION,1,CA,[Ca+2],True,False,False,0.43,1.0,False,11,"[""modeling"", ""md_simulation"", ""docking""]",AF-P39900-F1,86.94,0.136,True,pass,,0.030321456600358943,,intro,,"[""AF-P39900-F1: mean pLDDT 86.9, 13.6% low/very-low confidence""]",pass,0.35533333333333333,0.012145005523331445,-0.3431883278100019,intro,,"[""2425 atoms, 50 steps at 2.0 fs completed cleanly, final PE -9179.6 kJ/mol"", ""minimization may not have fully converged: stopped at max_minimization_iterations=50""]",pass,,0.043858489391277546,,intro,,"[""self-dock RMSD 1.90 \u00c5, within 2.5 \u00c5"", ""PLIP interactions: {'hydrogen_bonds': 4, 'hydrophobic_contacts': 6, 'pi_stacking': 0, 'pi_cation': 0, 'salt_bridges': 0, 'halogen_bonds': 0, 'water_bridges': 0}""]","{""simulability_reasons"": [], ""pocket_reasons"": [""best druggability score 0.43 below threshold 0.5""], ""modeling"": [""AF-P39900-F1: mean pLDDT 86.9, 13.6% low/very-low confidence""], ""md_simulation"": [""2425 atoms, 50 steps at 2.0 fs completed cleanly, final PE -9179.6 kJ/mol"", ""minimization may not have fully converged: stopped at max_minimization_iterations=50""], ""docking"": [""self-dock RMSD 1.90 \u00c5, within 2.5 \u00c5"", ""PLIP interactions: {'hydrogen_bonds': 4, 'hydrophobic_contacts': 6, 'pi_stacking': 0, 'pi_cation': 0, 'salt_bridges': 0, 'halogen_bonds': 0, 'water_bridges': 0}""]}"
1STD,P56221,"CRYSTAL STRUCTURE OF SCYTALONE DEHYDRATASE: A DISEASE DETERMINANT OF THE RICE PATHOGEN, MAGNAPORTHE GRISEA",Pyricularia grisea,172,1383,2.9,X-RAY DIFFRACTION,1,BFS,CC(c1ccc(cc1)Br)NC(=O)c2cc(ccc2O)F,True,True,True,0.899,0.9418604651162791,False,11,"[""modeling"", ""md_simulation"", ""docking""]",AF-P56221-F1,93.5,0.053000000000000005,True,pass,,0.03137811298947781,,intro,,"[""AF-P56221-F1: mean pLDDT 93.5, 5.3% low/very-low confidence""]",pass,0.5438242894056847,0.0077606820099754255,-0.5360636073957094,intro,,"[""2803 atoms, 50 steps at 2.0 fs completed cleanly, final PE -9014.1 kJ/mol"", ""minimization may not have fully converged: stopped at max_minimization_iterations=50""]",pass,,0.04953449675813317,,intro,,"[""self-dock RMSD 1.15 \u00c5, within 2.5 \u00c5"", ""PLIP interactions: {'hydrogen_bonds': 1, 'hydrophobic_contacts': 6, 'pi_stacking': 2, 'pi_cation': 0, 'salt_bridges': 0, 'halogen_bonds': 0, 'water_bridges': 0}""]","{""simulability_reasons"": [], ""pocket_reasons"": [], ""modeling"": [""AF-P56221-F1: mean pLDDT 93.5, 5.3% low/very-low confidence""], ""md_simulation"": [""2803 atoms, 50 steps at 2.0 fs completed cleanly, final PE -9014.1 kJ/mol"", ""minimization may not have fully converged: stopped at max_minimization_iterations=50""], ""docking"": [""self-dock RMSD 1.15 \u00c5, within 2.5 \u00c5"", ""PLIP interactions: {'hydrogen_bonds': 1, 'hydrophobic_contacts': 6, 'pi_stacking': 2, 'pi_cation': 0, 'salt_bridges': 0, 'halogen_bonds': 0, 'water_bridges': 0}""]}"
1X1S,O08989,Crystal structure of M-Ras in complex with GppNHp,Mus musculus,178,1464,2.2,X-RAY DIFFRACTION,1,GNP,c1nc2c(n1C3C(C(C(O3)COP(=O)(O)OP(=O)(NP(=O)(O)O)O)O)O)N=C(NC2=O)N,True,False,True,0.886,0.9157303370786517,False,11,"[""modeling"", ""md_simulation"", ""docking""]",AF-O08989-F1,85.75,0.183,True,pass,,0.032152223199955185,,intro,,"[""AF-O08989-F1: mean pLDDT 85.8, 18.3% low/very-low confidence""]",pass,0.5192009987515606,0.022516396800007592,-0.49668460195155295,intro,,"[""2868 atoms, 50 steps at 2.0 fs completed cleanly, final PE -8631.5 kJ/mol"", ""minimization may not have fully converged: stopped at max_minimization_iterations=50""]",pass,,0.1865073415581719,,intro,,"[""self-dock RMSD 0.62 \u00c5, within 2.5 \u00c5"", ""PLIP interactions: {'hydrogen_bonds': 18, 'hydrophobic_contacts': 0, 'pi_stacking': 1, 'pi_cation': 1, 'salt_bridges': 1, 'halogen_bonds': 0, 'water_bridges': 0}""]","{""simulability_reasons"": [], ""pocket_reasons"": [], ""modeling"": [""AF-O08989-F1: mean pLDDT 85.8, 18.3% low/very-low confidence""], ""md_simulation"": [""2868 atoms, 50 steps at 2.0 fs completed cleanly, final PE -8631.5 kJ/mol"", ""minimization may not have fully converged: stopped at max_minimization_iterations=50""], ""docking"": [""self-dock RMSD 0.62 \u00c5, within 2.5 \u00c5"", ""PLIP interactions: {'hydrogen_bonds': 18, 'hydrophobic_contacts': 0, 'pi_stacking': 1, 'pi_cation': 1, 'salt_bridges': 1, 'halogen_bonds': 0, 'water_bridges': 0}""]}"
2UGI,P14739,PROTEIN MIMICRY OF DNA FROM CRYSTAL STRUCTURES OF THE URACIL GLYCOSYLASE INHIBITOR PROTEIN AND ITS COMPLEX WITH ESCHERICHIA COLI URACIL-DNA GLYCOSYLASE,Bacillus phage PBS2,168,1384,2.2,X-RAY DIFFRACTION,1,IMD,c1c[nH+]c[nH]1,True,True,True,0.909,0.9880952380952381,False,10,"[""modeling"", ""md_simulation"", ""docking""]",AF-0000000000209526,90.65,0.023,True,pass,,0.02846030280006744,,intro,,"[""AF-0000000000209526: mean pLDDT 90.7, 2.3% low/very-low confidence""]",pass,0.483968253968254,0.012247734860000794,-0.4717205191082532,intro,,"[""2642 atoms, 50 steps at 2.0 fs completed cleanly, final PE 12576.5 kJ/mol"", ""minimization may not have fully converged: stopped at max_minimization_iterations=50""]",pass,,0.006417611724998551,,intro,,"[""self-dock RMSD 2.19 \u00c5 (5 matched atoms), within 2.5 \u00c5"", ""PLIP found zero interpretable interactions of any kind (soft caveat, not treated as a failure -- see scripts/ligand_filter_fix_brief.md Problem 2)""]","{""simulability_reasons"": [], ""pocket_reasons"": [], ""modeling"": [""AF-0000000000209526: mean pLDDT 90.7, 2.3% low/very-low confidence""], ""md_simulation"": [""2642 atoms, 50 steps at 2.0 fs completed cleanly, final PE 12576.5 kJ/mol"", ""minimization may not have fully converged: stopped at max_minimization_iterations=50""], ""docking"": [""self-dock RMSD 2.19 \u00c5 (5 matched atoms), within 2.5 \u00c5"", ""PLIP found zero interpretable interactions of any kind (soft caveat, not treated as a failure -- see scripts/ligand_filter_fix_brief.md Problem 2)""]}"
3EIG,P00374,Crystal structure of a methotrexate-resistant mutant of human dihydrofolate reductase,Homo sapiens,186,1719,1.7,X-RAY DIFFRACTION,1,CD,[Cd+2],True,False,False,0.358,1.0,False,10,"[""modeling"", ""md_simulation"", ""docking""]",AF-P00374-F1,96.12,0.01,True,pass,,0.029882359597831965,,intro,,"[""AF-P00374-F1: mean pLDDT 96.1, 1.0% low/very-low confidence""]",pass,0.4333333333333333,0.007430853756571499,-0.4259024795767618,intro,,"[""3015 atoms, 50 steps at 2.0 fs completed cleanly, final PE -14152.4 kJ/mol"", ""minimization may not have fully converged: stopped at max_minimization_iterations=50""]",pass,,0.10576363275855935,,intro,,"[""self-dock RMSD 1.57 \u00c5, within 2.5 \u00c5"", ""PLIP interactions: {'hydrogen_bonds': 3, 'hydrophobic_contacts': 5, 'pi_stacking': 0, 'pi_cation': 0, 'salt_bridges': 2, 'halogen_bonds': 0, 'water_bridges': 0}""]","{""simulability_reasons"": [], ""pocket_reasons"": [""best druggability score 0.358 below threshold 0.5""], ""modeling"": [""AF-P00374-F1: mean pLDDT 96.1, 1.0% low/very-low confidence""], ""md_simulation"": [""3015 atoms, 50 steps at 2.0 fs completed cleanly, final PE -14152.4 kJ/mol"", ""minimization may not have fully converged: stopped at max_minimization_iterations=50""], ""docking"": [""self-dock RMSD 1.57 \u00c5, within 2.5 \u00c5"", ""PLIP interactions: {'hydrogen_bonds': 3, 'hydrophobic_contacts': 5, 'pi_stacking': 0, 'pi_cation': 0, 'salt_bridges': 2, 'halogen_bonds': 0, 'water_bridges': 0}""]}"
1QBR,P04585,HIV-1 PROTEASE INHIBITORS WIIH LOW NANOMOLAR POTENCY,Human immunodeficiency virus 1,198,1566,1.8,X-RAY DIFFRACTION,1,XV6,c1ccc(cc1)CC2C(C(C(N(C(=O)N2Cc3cccc(c3)C(=O)Nc4nccs4)Cc5cccc(c5)C(=O)Nc6nccs6)Cc7ccccc7)O)O,True,True,False,0.127,1.0,False,9,"[""modeling"", ""md_simulation"", ""docking""]",AF-0000000365763112,83.75,0.12,True,pass,,0.034746164397802204,,intro,,"[""AF-0000000365763112: mean pLDDT 83.8, 12.0% low/very-low confidence""]",pass,0.45999999999999996,0.007876529466593639,-0.45212347053340635,intro,,"[""3120 atoms, 50 steps at 2.0 fs completed cleanly, final PE -14625.7 kJ/mol"", ""minimization may not have fully converged: stopped at max_minimization_iterations=50""]",pass,,0.8864175807330563,,challenge,,"[""self-dock RMSD 0.48 \u00c5, within 2.5 \u00c5"", ""PLIP interactions: {'hydrogen_bonds': 13, 'hydrophobic_contacts': 11, 'pi_stacking': 0, 'pi_cation': 0, 'salt_bridges': 0, 'halogen_bonds': 0, 'water_bridges': 0}""]","{""simulability_reasons"": [], ""pocket_reasons"": [""best druggability score 0.127 below threshold 0.5""], ""modeling"": [""AF-0000000365763112: mean pLDDT 83.8, 12.0% low/very-low confidence""], ""md_simulation"": [""3120 atoms, 50 steps at 2.0 fs completed cleanly, final PE -14625.7 kJ/mol"", ""minimization may not have fully converged: stopped at max_minimization_iterations=50""], ""docking"": [""self-dock RMSD 0.48 \u00c5, within 2.5 \u00c5"", ""PLIP interactions: {'hydrogen_bonds': 13, 'hydrophobic_contacts': 11, 'pi_stacking': 0, 'pi_cation': 0, 'salt_bridges': 0, 'halogen_bonds': 0, 'water_bridges': 0}""]}"
1SJW,Q9RN59,Structure of polyketide cyclase SnoaL,Streptomyces nogalater,144,1342,1.35,X-RAY DIFFRACTION,1,NGV,CC1=C(c2cc3c(c(c2C(=O)C1)O)C(=O)c4c(cccc4O)C3=O)C(=O)OC,True,True,True,0.967,0.9861111111111112,False,9,"[""modeling"", ""md_simulation"", ""docking""]",AF-Q9RN59-F1,96.56,0.007,True,pass,,0.029317486599757102,,intro,,"[""AF-Q9RN59-F1: mean pLDDT 96.6, 0.7% low/very-low confidence""]",pass,0.3446296296296296,0.010790234713337364,-0.3338393949162923,intro,,"[""2326 atoms, 50 steps at 2.0 fs completed cleanly, final PE -17959.0 kJ/mol"", ""minimization may not have fully converged: stopped at max_minimization_iterations=50""]",pass,,0.025570550349997726,,intro,,"[""self-dock RMSD 0.65 \u00c5, within 2.5 \u00c5"", ""PLIP interactions: {'hydrogen_bonds': 1, 'hydrophobic_contacts': 9, 'pi_stacking': 2, 'pi_cation': 0, 'salt_bridges': 1, 'halogen_bonds': 0, 'water_bridges': 0}""]","{""simulability_reasons"": [], ""pocket_reasons"": [], ""modeling"": [""AF-Q9RN59-F1: mean pLDDT 96.6, 0.7% low/very-low confidence""], ""md_simulation"": [""2326 atoms, 50 steps at 2.0 fs completed cleanly, final PE -17959.0 kJ/mol"", ""minimization may not have fully converged: stopped at max_minimization_iterations=50""], ""docking"": [""self-dock RMSD 0.65 \u00c5, within 2.5 \u00c5"", ""PLIP interactions: {'hydrogen_bonds': 1, 'hydrophobic_contacts': 9, 'pi_stacking': 2, 'pi_cation': 0, 'salt_bridges': 1, 'halogen_bonds': 0, 'water_bridges': 0}""]}"
2W2T,P15153,Rac2 (G12V) in complex with GDP,Homo sapiens,185,1511,1.95,X-RAY DIFFRACTION,1,GDP,c1nc2c(n1C3C(C(C(O3)COP(=O)(O)OP(=O)(O)O)O)O)N=C(NC2=O)N,True,True,True,0.865,0.9621621621621622,False,9,"[""modeling"", ""md_simulation"", ""docking""]",AF-P15153-F1,93.69,0.062,True,pass,,0.030851187399821355,,intro,,"[""AF-P15153-F1: mean pLDDT 93.7, 6.2% low/very-low confidence""]",pass,0.47816816816816815,0.021282909796670236,-0.4568852583714979,intro,,"[""2868 atoms, 50 steps at 2.0 fs completed cleanly, final PE -11448.6 kJ/mol"", ""minimization may not have fully converged: stopped at max_minimization_iterations=50""]",pass,,0.06379417713324073,,intro,,"[""self-dock RMSD 1.50 \u00c5, within 2.5 \u00c5"", ""PLIP interactions: {'hydrogen_bonds': 12, 'hydrophobic_contacts': 0, 'pi_stacking': 0, 'pi_cation': 0, 'salt_bridges': 2, 'halogen_bonds': 0, 'water_bridges': 0}""]","{""simulability_reasons"": [], ""pocket_reasons"": [], ""modeling"": [""AF-P15153-F1: mean pLDDT 93.7, 6.2% low/very-low confidence""], ""md_simulation"": [""2868 atoms, 50 steps at 2.0 fs completed cleanly, final PE -11448.6 kJ/mol"", ""minimization may not have fully converged: stopped at max_minimization_iterations=50""], ""docking"": [""self-dock RMSD 1.50 \u00c5, within 2.5 \u00c5"", ""PLIP interactions: {'hydrogen_bonds': 12, 'hydrophobic_contacts': 0, 'pi_stacking': 0, 'pi_cation': 0, 'salt_bridges': 2, 'halogen_bonds': 0, 'water_bridges': 0}""]}"
1QBU,P04585,HIV-1 PROTEASE INHIBITORS WIIH LOW NANOMOLAR POTENCY,Human immunodeficiency virus 1,198,1598,1.8,X-RAY DIFFRACTION,1,846,c1ccc(cc1)CC2C(C(C(N(C(=O)N2Cc3cccc(c3)C(=O)Nc4nccs4)CC5CC5)Cc6ccccc6)O)O,True,True,False,0.055,1.0,False,8,"[""modeling"", ""md_simulation"", ""docking""]",AF-0000000365763112,83.75,0.12,True,pass,,0.03691400819989212,,intro,,"[""AF-0000000365763112: mean pLDDT 83.8, 12.0% low/very-low confidence""]",pass,0.45999999999999996,0.021581710496666347,-0.4384182895033336,intro,,"[""3120 atoms, 50 steps at 2.0 fs completed cleanly, final PE -14558.9 kJ/mol"", ""minimization may not have fully converged: stopped at max_minimization_iterations=50""]",pass,,0.4163843895168005,,core,,"[""self-dock RMSD 0.65 \u00c5, within 2.5 \u00c5"", ""PLIP interactions: {'hydrogen_bonds': 12, 'hydrophobic_contacts': 11, 'pi_stacking': 0, 'pi_cation': 0, 'salt_bridges': 1, 'halogen_bonds': 0, 'water_bridges': 0}""]","{""simulability_reasons"": [], ""pocket_reasons"": [""best druggability score 0.055 below threshold 0.5""], ""modeling"": [""AF-0000000365763112: mean pLDDT 83.8, 12.0% low/very-low confidence""], ""md_simulation"": [""3120 atoms, 50 steps at 2.0 fs completed cleanly, final PE -14558.9 kJ/mol"", ""minimization may not have fully converged: stopped at max_minimization_iterations=50""], ""docking"": [""self-dock RMSD 0.65 \u00c5, within 2.5 \u00c5"", ""PLIP interactions: {'hydrogen_bonds': 12, 'hydrophobic_contacts': 11, 'pi_stacking': 0, 'pi_cation': 0, 'salt_bridges': 1, 'halogen_bonds': 0, 'water_bridges': 0}""]}"
1L1R,Q967M2,"Crystal Structure of APRTase from Giardia lamblia Complexed with 9-deazaadenine, Mg2+ and PRPP",Giardia duodenalis,186,1457,1.95,X-RAY DIFFRACTION,1,9DA,c1c[nH]c2c1ncnc2N,True,True,True,0.573,0.9623655913978495,False,7,"[""modeling"", ""md_simulation"", ""docking""]",AF-Q967M2-F1,96.25,0.006,True,pass,,0.023398484790232033,,intro,,"[""AF-Q967M2-F1: mean pLDDT 96.2, 0.6% low/very-low confidence""]",pass,0.4792114695340502,0.0053607455600285904,-0.4738507239740216,intro,,"[""2893 atoms, 50 steps at 2.0 fs completed cleanly, final PE -10704.3 kJ/mol"", ""minimization may not have fully converged: stopped at max_minimization_iterations=50""]",pass,,0.0780796677165199,,intro,,"[""self-dock RMSD 2.43 \u00c5, within 2.5 \u00c5"", ""PLIP interactions: {'hydrogen_bonds': 13, 'hydrophobic_contacts': 0, 'pi_stacking': 0, 'pi_cation': 0, 'salt_bridges': 4, 'halogen_bonds': 0, 'water_bridges': 0}""]","{""simulability_reasons"": [], ""pocket_reasons"": [], ""modeling"": [""AF-Q967M2-F1: mean pLDDT 96.2, 0.6% low/very-low confidence""], ""md_simulation"": [""2893 atoms, 50 steps at 2.0 fs completed cleanly, final PE -10704.3 kJ/mol"", ""minimization may not have fully converged: stopped at max_minimization_iterations=50""], ""docking"": [""self-dock RMSD 2.43 \u00c5, within 2.5 \u00c5"", ""PLIP interactions: {'hydrogen_bonds': 13, 'hydrophobic_contacts': 0, 'pi_stacking': 0, 'pi_cation': 0, 'salt_bridges': 4, 'halogen_bonds': 0, 'water_bridges': 0}""]}"
2FKE,P62942,"FK-506-BINDING PROTEIN: THREE-DIMENSIONAL STRUCTURE OF THE COMPLEX WITH THE ANTAGONIST L-685,818",Homo sapiens,107,960,1.72,X-RAY DIFFRACTION,1,FK5,CC1CC(C2C(CC(C(O2)(C(=O)C(=O)N3CCCCC3C(=O)OC(C(C(CC(=O)C(C=C(C1)C)CC=C)O)C)C(=CC4CCC(C(C4)OC)O)C)O)C)OC)OC,True,True,False,0.191,1.0,False,7,"[""modeling"", ""md_simulation"", ""docking""]",AF-P62942-F1,96.25,0.0,True,pass,,0.029504787595942616,,intro,,"[""AF-P62942-F1: mean pLDDT 96.2, 0.0% low/very-low confidence""]",pass,0.3482222222222222,0.005821670316508971,-0.3424005519057132,intro,,"[""1663 atoms, 50 steps at 2.0 fs completed cleanly, final PE -9019.3 kJ/mol"", ""minimization may not have fully converged: stopped at max_minimization_iterations=50""]",pass,,0.3559691199164566,,core,,"[""self-dock RMSD 1.14 \u00c5, within 2.5 \u00c5"", ""PLIP interactions: {'hydrogen_bonds': 4, 'hydrophobic_contacts': 10, 'pi_stacking': 0, 'pi_cation': 0, 'salt_bridges': 0, 'halogen_bonds': 0, 'water_bridges': 0}""]","{""simulability_reasons"": [], ""pocket_reasons"": [""best druggability score 0.191 below threshold 0.5""], ""modeling"": [""AF-P62942-F1: mean pLDDT 96.2, 0.0% low/very-low confidence""], ""md_simulation"": [""1663 atoms, 50 steps at 2.0 fs completed cleanly, final PE -9019.3 kJ/mol"", ""minimization may not have fully converged: stopped at max_minimization_iterations=50""], ""docking"": [""self-dock RMSD 1.14 \u00c5, within 2.5 \u00c5"", ""PLIP interactions: {'hydrogen_bonds': 4, 'hydrophobic_contacts': 10, 'pi_stacking': 0, 'pi_cation': 0, 'salt_bridges': 0, 'halogen_bonds': 0, 'water_bridges': 0}""]}"
1P2S,P01112,"H-Ras 166 in 50% 2,2,2 triflouroethanol",Homo sapiens,166,1397,2.45,X-RAY DIFFRACTION,1,ETF,C(C(F)(F)F)O,True,True,False,0.047,1.0,False,6,"[""modeling"", ""md_simulation"", ""docking""]",AF-P01112-F1,91.94,0.08,True,pass,,0.02892838299740106,,intro,,"[""AF-P01112-F1: mean pLDDT 91.9, 8.0% low/very-low confidence""]",pass,0.5111111111111111,0.004162389006620894,-0.5069487221044902,intro,,"[""2619 atoms, 50 steps at 2.0 fs completed cleanly, final PE -15716.4 kJ/mol"", ""minimization may not have fully converged: stopped at max_minimization_iterations=50""]",pass,,0.16947056714173717,,intro,,"[""self-dock RMSD 0.57 \u00c5, within 2.5 \u00c5"", ""PLIP interactions: {'hydrogen_bonds': 16, 'hydrophobic_contacts': 0, 'pi_stacking': 2, 'pi_cation': 1, 'salt_bridges': 1, 'halogen_bonds': 0, 'water_bridges': 0}""]","{""simulability_reasons"": [], ""pocket_reasons"": [""best druggability score 0.047 below threshold 0.5""], ""modeling"": [""AF-P01112-F1: mean pLDDT 91.9, 8.0% low/very-low confidence""], ""md_simulation"": [""2619 atoms, 50 steps at 2.0 fs completed cleanly, final PE -15716.4 kJ/mol"", ""minimization may not have fully converged: stopped at max_minimization_iterations=50""], ""docking"": [""self-dock RMSD 0.57 \u00c5, within 2.5 \u00c5"", ""PLIP interactions: {'hydrogen_bonds': 16, 'hydrophobic_contacts': 0, 'pi_stacking': 2, 'pi_cation': 1, 'salt_bridges': 1, 'halogen_bonds': 0, 'water_bridges': 0}""]}"
1ORE,P07741,Human Adenine Phosphoribosyltransferase,Homo sapiens,180,1626,2.1,X-RAY DIFFRACTION,1,AMP,c1nc(c2c(n1)n(cn2)C3C(C(C(O3)COP(=O)(O)O)O)O)N,True,True,True,0.572,0.9944444444444445,False,5,"[""modeling"", ""md_simulation"", ""docking""]",AF-P07741-F1,96.94,0.011,True,pass,,0.02856853379998938,,intro,,"[""AF-P07741-F1: mean pLDDT 96.9, 1.1% low/very-low confidence""]",pass,0.48185185185185186,0.008351919449999816,-0.47349993240185206,intro,,"[""2802 atoms, 50 steps at 2.0 fs completed cleanly, final PE -15180.6 kJ/mol"", ""minimization may not have fully converged: stopped at max_minimization_iterations=50""]",pass,,0.06814776064166685,,intro,,"[""self-dock RMSD 1.16 \u00c5, within 2.5 \u00c5"", ""PLIP interactions: {'hydrogen_bonds': 13, 'hydrophobic_contacts': 0, 'pi_stacking': 0, 'pi_cation': 0, 'salt_bridges': 0, 'halogen_bonds': 0, 'water_bridges': 0}""]","{""simulability_reasons"": [], ""pocket_reasons"": [], ""modeling"": [""AF-P07741-F1: mean pLDDT 96.9, 1.1% low/very-low confidence""], ""md_simulation"": [""2802 atoms, 50 steps at 2.0 fs completed cleanly, final PE -15180.6 kJ/mol"", ""minimization may not have fully converged: stopped at max_minimization_iterations=50""], ""docking"": [""self-dock RMSD 1.16 \u00c5, within 2.5 \u00c5"", ""PLIP interactions: {'hydrogen_bonds': 13, 'hydrophobic_contacts': 0, 'pi_stacking': 0, 'pi_cation': 0, 'salt_bridges': 0, 'halogen_bonds': 0, 'water_bridges': 0}""]}"
1QY2,P11589,Thermodynamics of Binding of 2-methoxy-3-isopropylpyrazine and 2-methoxy-3-isobutylpyrazine to the Major Urinary Protein,Mus musculus,174,1495,1.75,X-RAY DIFFRACTION,1,CD,[Cd+2],True,False,True,0.86,0.9022988505747126,False,5,"[""modeling"", ""md_simulation"", ""docking""]",AF-P11589-F1,91.5,0.10500000000000001,True,pass,,0.0300186622000183,,intro,,"[""AF-P11589-F1: mean pLDDT 91.5, 10.5% low/very-low confidence""]",pass,0.4592337164750957,0.030131339033335584,-0.4291023774417601,intro,,"[""2758 atoms, 50 steps at 2.0 fs completed cleanly, final PE -5378.5 kJ/mol"", ""minimization may not have fully converged: stopped at max_minimization_iterations=50""]",pass,,0.021357768058332265,,intro,,"[""self-dock RMSD 0.80 \u00c5, within 2.5 \u00c5"", ""PLIP interactions: {'hydrogen_bonds': 1, 'hydrophobic_contacts': 4, 'pi_stacking': 1, 'pi_cation': 0, 'salt_bridges': 0, 'halogen_bonds': 0, 'water_bridges': 0}""]","{""simulability_reasons"": [], ""pocket_reasons"": [], ""modeling"": [""AF-P11589-F1: mean pLDDT 91.5, 10.5% low/very-low confidence""], ""md_simulation"": [""2758 atoms, 50 steps at 2.0 fs completed cleanly, final PE -5378.5 kJ/mol"", ""minimization may not have fully converged: stopped at max_minimization_iterations=50""], ""docking"": [""self-dock RMSD 0.80 \u00c5, within 2.5 \u00c5"", ""PLIP interactions: {'hydrogen_bonds': 1, 'hydrophobic_contacts': 4, 'pi_stacking': 1, 'pi_cation': 0, 'salt_bridges': 0, 'halogen_bonds': 0, 'water_bridges': 0}""]}"
1V30,O58558,Crystal Structure Of Uncharacterized Protein PH0828 From Pyrococcus horikoshii,Pyrococcus horikoshii,124,1189,1.4,X-RAY DIFFRACTION,1,NHE,C1CCC(CC1)NCCS(=O)(=O)O,True,True,True,0.69,0.9516129032258065,False,5,"[""modeling"", ""md_simulation"", ""docking""]",AF-O58558-F1,94.81,0.051000000000000004,True,pass,,0.03049054260045523,,intro,,"[""AF-O58558-F1: mean pLDDT 94.8, 5.1% low/very-low confidence""]",pass,0.3405734767025089,0.008018235149999478,-0.33255524155250943,intro,,"[""2088 atoms, 50 steps at 2.0 fs completed cleanly, final PE -7280.5 kJ/mol"", ""minimization may not have fully converged: stopped at max_minimization_iterations=50""]",pass,,0.023395500841434113,,intro,,"[""self-dock RMSD 1.44 \u00c5, within 2.5 \u00c5"", ""PLIP interactions: {'hydrogen_bonds': 5, 'hydrophobic_contacts': 7, 'pi_stacking': 0, 'pi_cation': 0, 'salt_bridges': 0, 'halogen_bonds': 0, 'water_bridges': 0}""]","{""simulability_reasons"": [], ""pocket_reasons"": [], ""modeling"": [""AF-O58558-F1: mean pLDDT 94.8, 5.1% low/very-low confidence""], ""md_simulation"": [""2088 atoms, 50 steps at 2.0 fs completed cleanly, final PE -7280.5 kJ/mol"", ""minimization may not have fully converged: stopped at max_minimization_iterations=50""], ""docking"": [""self-dock RMSD 1.44 \u00c5, within 2.5 \u00c5"", ""PLIP interactions: {'hydrogen_bonds': 5, 'hydrophobic_contacts': 7, 'pi_stacking': 0, 'pi_cation': 0, 'salt_bridges': 0, 'halogen_bonds': 0, 'water_bridges': 0}""]}"
1ZW6,P01112,Crystal Structure of the GTP-bound form of RasQ61G,Homo sapiens,166,1559,1.5,X-RAY DIFFRACTION,1,CA,[Ca+2],True,False,True,0.861,1.0,True,5,"[""modeling"", ""md_simulation"", ""docking""]",AF-P01112-F1,91.94,0.08,True,pass,,0.026133023400325327,,intro,,"[""AF-P01112-F1: mean pLDDT 91.9, 8.0% low/very-low confidence""]",pass,0.3844444444444444,0.006774746470036916,-0.3776696979744075,intro,,"[""2609 atoms, 50 steps at 2.0 fs completed cleanly, final PE -15861.0 kJ/mol"", ""minimization may not have fully converged: stopped at max_minimization_iterations=50""]",pass,,0.37367703687486936,,core,,"[""self-dock RMSD 0.77 \u00c5, within 2.5 \u00c5"", ""PLIP interactions: {'hydrogen_bonds': 15, 'hydrophobic_contacts': 0, 'pi_stacking': 2, 'pi_cation': 0, 'salt_bridges': 1, 'halogen_bonds': 0, 'water_bridges': 0}""]","{""simulability_reasons"": [], ""pocket_reasons"": [], ""modeling"": [""AF-P01112-F1: mean pLDDT 91.9, 8.0% low/very-low confidence""], ""md_simulation"": [""2609 atoms, 50 steps at 2.0 fs completed cleanly, final PE -15861.0 kJ/mol"", ""minimization may not have fully converged: stopped at max_minimization_iterations=50""], ""docking"": [""self-dock RMSD 0.77 \u00c5, within 2.5 \u00c5"", ""PLIP interactions: {'hydrogen_bonds': 15, 'hydrophobic_contacts': 0, 'pi_stacking': 2, 'pi_cation': 0, 'salt_bridges': 1, 'halogen_bonds': 0, 'water_bridges': 0}""]}"
2FZJ,P00375,New Insights into DHFR Interactions: Analysis of Pneumocystis carinii and Mouse DHFR Complexes with NADPH and Two Highly Potent Trimethoprim Derivatives,Mus musculus,186,1711,2.0,X-RAY DIFFRACTION,1,DH3,COc1cc(cc(c1OC)C#CCCCC(=O)O)Cc2cnc(nc2N)N,True,True,False,0.007,1.0,False,5,"[""modeling"", ""md_simulation"", ""docking""]",AF-P00375-F1,97.0,0.005,True,pass,,0.02949370100395754,,intro,,"[""AF-P00375-F1: mean pLDDT 97.0, 0.5% low/very-low confidence""]",pass,0.47333333333333333,0.008617733673308975,-0.46471559966002435,intro,,"[""3049 atoms, 50 steps at 2.0 fs completed cleanly, final PE -15527.8 kJ/mol"", ""minimization may not have fully converged: stopped at max_minimization_iterations=50""]",pass,,0.7120115283750541,,challenge,,"[""self-dock RMSD 1.82 \u00c5, within 2.5 \u00c5"", ""PLIP interactions: {'hydrogen_bonds': 9, 'hydrophobic_contacts': 2, 'pi_stacking': 0, 'pi_cation': 1, 'salt_bridges': 1, 'halogen_bonds': 0, 'water_bridges': 0}""]","{""simulability_reasons"": [], ""pocket_reasons"": [""best druggability score 0.007 below threshold 0.5""], ""modeling"": [""AF-P00375-F1: mean pLDDT 97.0, 0.5% low/very-low confidence""], ""md_simulation"": [""3049 atoms, 50 steps at 2.0 fs completed cleanly, final PE -15527.8 kJ/mol"", ""minimization may not have fully converged: stopped at max_minimization_iterations=50""], ""docking"": [""self-dock RMSD 1.82 \u00c5, within 2.5 \u00c5"", ""PLIP interactions: {'hydrogen_bonds': 9, 'hydrophobic_contacts': 2, 'pi_stacking': 0, 'pi_cation': 1, 'salt_bridges': 1, 'halogen_bonds': 0, 'water_bridges': 0}""]}"
2QUZ,P01112,"Crystal Structure of the activating H-RasK117R mutant in Costello Syndrome, bound to Mg-GDP",Homo sapiens,166,1464,1.49,X-RAY DIFFRACTION,1,GDP,c1nc2c(n1C3C(C(C(O3)COP(=O)(O)OP(=O)(O)O)O)O)N=C(NC2=O)N,True,True,True,0.87,1.0,False,5,"[""modeling"", ""md_simulation"", ""docking""]",AF-P01112-F1,91.94,0.08,True,pass,,0.03005902599543333,,intro,,"[""AF-P01112-F1: mean pLDDT 91.9, 8.0% low/very-low confidence""]",pass,0.38311111111111107,0.009340563776786439,-0.37377054733432463,intro,,"[""2621 atoms, 50 steps at 2.0 fs completed cleanly, final PE -15149.9 kJ/mol"", ""minimization may not have fully converged: stopped at max_minimization_iterations=50""]",pass,,0.14753916944173398,,intro,,"[""self-dock RMSD 1.39 \u00c5, within 2.5 \u00c5"", ""PLIP interactions: {'hydrogen_bonds': 12, 'hydrophobic_contacts': 0, 'pi_stacking': 1, 'pi_cation': 0, 'salt_bridges': 2, 'halogen_bonds': 0, 'water_bridges': 0}""]","{""simulability_reasons"": [], ""pocket_reasons"": [], ""modeling"": [""AF-P01112-F1: mean pLDDT 91.9, 8.0% low/very-low confidence""], ""md_simulation"": [""2621 atoms, 50 steps at 2.0 fs completed cleanly, final PE -15149.9 kJ/mol"", ""minimization may not have fully converged: stopped at max_minimization_iterations=50""], ""docking"": [""self-dock RMSD 1.39 \u00c5, within 2.5 \u00c5"", ""PLIP interactions: {'hydrogen_bonds': 12, 'hydrophobic_contacts': 0, 'pi_stacking': 1, 'pi_cation': 0, 'salt_bridges': 2, 'halogen_bonds': 0, 'water_bridges': 0}""]}"
1D4O,P11024,CRYSTAL STRUCTURE OF TRANSHYDROGENASE DOMAIN III AT 1.2 ANGSTROMS RESOLUTION,Bos taurus,184,1576,1.21,X-RAY DIFFRACTION,1,NAP,c1cc(c[n+](c1)C2C(C(C(O2)COP(=O)([O-])OP(=O)(O)OCC3C(C(C(O3)n4cnc5c4ncnc5N)OP(=O)(O)O)O)O)O)C(=O)N,True,False,True,0.76,0.9619565217391305,False,4,"[""modeling"", ""md_simulation"", ""docking""]",AF-P11024-F1,90.75,0.062,True,pass,,0.02990734600025462,,intro,,"[""AF-P11024-F1: mean pLDDT 90.8, 6.2% low/very-low confidence""]",pass,0.3784589371980676,0.02038984783333338,-0.35806908936473425,intro,,"[""2823 atoms, 50 steps at 2.0 fs completed cleanly, final PE -10776.3 kJ/mol"", ""minimization may not have fully converged: stopped at max_minimization_iterations=50""]",pass,,0.7643624781999582,,challenge,,"[""self-dock RMSD 1.17 \u00c5, within 2.5 \u00c5"", ""PLIP interactions: {'hydrogen_bonds': 14, 'hydrophobic_contacts': 0, 'pi_stacking': 1, 'pi_cation': 1, 'salt_bridges': 4, 'halogen_bonds': 0, 'water_bridges': 0}""]","{""simulability_reasons"": [], ""pocket_reasons"": [], ""modeling"": [""AF-P11024-F1: mean pLDDT 90.8, 6.2% low/very-low confidence""], ""md_simulation"": [""2823 atoms, 50 steps at 2.0 fs completed cleanly, final PE -10776.3 kJ/mol"", ""minimization may not have fully converged: stopped at max_minimization_iterations=50""], ""docking"": [""self-dock RMSD 1.17 \u00c5, within 2.5 \u00c5"", ""PLIP interactions: {'hydrogen_bonds': 14, 'hydrophobic_contacts': 0, 'pi_stacking': 1, 'pi_cation': 1, 'salt_bridges': 4, 'halogen_bonds': 0, 'water_bridges': 0}""]}"
1HBP,P18902,CRYSTAL STRUCTURE OF LIGANDED AND UNLIGANDED FORMS OF BOVINE PLASMA RETINOL-BINDING PROTEIN,Bos taurus,183,1596,1.9,X-RAY DIFFRACTION,1,RTL,CC1=C(C(CCC1)(C)C)C=CC(=CC=CC(=CCO)C)C,True,False,True,0.974,0.9562841530054644,False,4,"[""modeling"", ""md_simulation"", ""docking""]",AF-P18902-F1,93.81,0.038,True,pass,,0.033605613990221175,,intro,,"[""AF-P18902-F1: mean pLDDT 93.8, 3.8% low/very-low confidence""]",pass,0.4712386156648451,0.010032347286663329,-0.4612062683781818,intro,,"[""2887 atoms, 50 steps at 2.0 fs completed cleanly, final PE -16714.3 kJ/mol"", ""minimization may not have fully converged: stopped at max_minimization_iterations=50""]",pass,,0.06110777114129936,,intro,,"[""self-dock RMSD 1.65 \u00c5, within 2.5 \u00c5"", ""PLIP interactions: {'hydrogen_bonds': 1, 'hydrophobic_contacts': 13, 'pi_stacking': 0, 'pi_cation': 0, 'salt_bridges': 0, 'halogen_bonds': 0, 'water_bridges': 0}""]","{""simulability_reasons"": [], ""pocket_reasons"": [], ""modeling"": [""AF-P18902-F1: mean pLDDT 93.8, 3.8% low/very-low confidence""], ""md_simulation"": [""2887 atoms, 50 steps at 2.0 fs completed cleanly, final PE -16714.3 kJ/mol"", ""minimization may not have fully converged: stopped at max_minimization_iterations=50""], ""docking"": [""self-dock RMSD 1.65 \u00c5, within 2.5 \u00c5"", ""PLIP interactions: {'hydrogen_bonds': 1, 'hydrophobic_contacts': 13, 'pi_stacking': 0, 'pi_cation': 0, 'salt_bridges': 0, 'halogen_bonds': 0, 'water_bridges': 0}""]}"
1IJR,P06239,Crystal structure of LCK SH2 complexed with nonpeptide phosphotyrosine mimetic,Homo sapiens,104,877,2.2,X-RAY DIFFRACTION,1,CC0,CC(c1ccc(c(c1)C(=O)N)OCC2CCCCC2)NC(=O)C(Cc3ccc(c(c3)P(=O)(O)O)OCC(=O)O)NC(=O)C,True,True,False,0.275,1.0,False,4,"[""modeling"", ""md_simulation"", ""docking""]",AF-P06239-F1,83.62,0.179,True,pass,,0.0320370853994973,,intro,,"[""AF-P06239-F1: mean pLDDT 83.6, 17.9% low/very-low confidence""]",pass,0.40888888888888886,0.005913167256658199,-0.40297572163223067,intro,,"[""1640 atoms, 50 steps at 2.0 fs completed cleanly, final PE -11225.1 kJ/mol"", ""minimization may not have fully converged: stopped at max_minimization_iterations=50""]",pass,,1.0,,challenge,,"[""self-dock RMSD 1.84 \u00c5, within 2.5 \u00c5"", ""PLIP interactions: {'hydrogen_bonds': 9, 'hydrophobic_contacts': 6, 'pi_stacking': 0, 'pi_cation': 1, 'salt_bridges': 1, 'halogen_bonds': 0, 'water_bridges': 0}""]","{""simulability_reasons"": [], ""pocket_reasons"": [""best druggability score 0.275 below threshold 0.5""], ""modeling"": [""AF-P06239-F1: mean pLDDT 83.6, 17.9% low/very-low confidence""], ""md_simulation"": [""1640 atoms, 50 steps at 2.0 fs completed cleanly, final PE -11225.1 kJ/mol"", ""minimization may not have fully converged: stopped at max_minimization_iterations=50""], ""docking"": [""self-dock RMSD 1.84 \u00c5, within 2.5 \u00c5"", ""PLIP interactions: {'hydrogen_bonds': 9, 'hydrophobic_contacts': 6, 'pi_stacking': 0, 'pi_cation': 1, 'salt_bridges': 1, 'halogen_bonds': 0, 'water_bridges': 0}""]}"
1RSN,P05798,"RIBONUCLEASE (RNASE SA) (E.C.3.1.4.8) COMPLEXED WITH EXO-2',3'-CYCLOPHOSPHOROTHIOATE",Kitasatospora aureofaciens,192,1995,2.0,X-RAY DIFFRACTION,1,SGP,c1nc2c(n1C3C4C(C(O3)CO)OP(=S)(O4)O)N=C(NC2=O)N,True,True,False,0.411,1.0,False,4,"[""modeling"", ""md_simulation"", ""docking""]",AF-P05798-F1,98.44,0.0,True,pass,,0.029051990999869305,,intro,,"[""AF-P05798-F1: mean pLDDT 98.4, 0.0% low/very-low confidence""]",pass,0.48,0.010438763270006651,-0.46956123672999334,intro,,"[""2876 atoms, 50 steps at 2.0 fs completed cleanly, final PE -9939.0 kJ/mol"", ""minimization may not have fully converged: stopped at max_minimization_iterations=50""]",pass,,0.09003597257493917,,intro,,"[""self-dock RMSD 0.72 \u00c5, within 2.5 \u00c5"", ""PLIP interactions: {'hydrogen_bonds': 6, 'hydrophobic_contacts': 0, 'pi_stacking': 0, 'pi_cation': 0, 'salt_bridges': 1, 'halogen_bonds': 0, 'water_bridges': 0}""]","{""simulability_reasons"": [], ""pocket_reasons"": [""best druggability score 0.411 below threshold 0.5""], ""modeling"": [""AF-P05798-F1: mean pLDDT 98.4, 0.0% low/very-low confidence""], ""md_simulation"": [""2876 atoms, 50 steps at 2.0 fs completed cleanly, final PE -9939.0 kJ/mol"", ""minimization may not have fully converged: stopped at max_minimization_iterations=50""], ""docking"": [""self-dock RMSD 0.72 \u00c5, within 2.5 \u00c5"", ""PLIP interactions: {'hydrogen_bonds': 6, 'hydrophobic_contacts': 0, 'pi_stacking': 0, 'pi_cation': 0, 'salt_bridges': 1, 'halogen_bonds': 0, 'water_bridges': 0}""]}"
1RVD,P01112,"H-RAS COMPLEXED WITH DIAMINOBENZOPHENONE-BETA,GAMMA-IMIDO-GTP",Homo sapiens,166,1312,1.9,X-RAY DIFFRACTION,1,DBG,c1ccc(cc1)C(=O)c2ccc(c(c2)N)NP(=O)(NP(=O)(O)OP(=O)(O)OCC3C(C(C(O3)n4cnc5c4N=C(NC5=O)N)O)O)O,True,True,True,0.55,0.963855421686747,False,4,"[""modeling"", ""md_simulation"", ""docking""]",AF-P01112-F1,91.94,0.08,True,pass,,0.030160856805741786,,intro,,"[""AF-P01112-F1: mean pLDDT 91.9, 8.0% low/very-low confidence""]",pass,0.4498259705488621,0.007000095910043456,-0.4428258746388186,intro,,"[""2628 atoms, 50 steps at 2.0 fs completed cleanly, final PE -9118.8 kJ/mol"", ""minimization may not have fully converged: stopped at max_minimization_iterations=50""]",pass,,0.19448208103325063,,intro,,"[""self-dock RMSD 2.35 \u00c5, within 2.5 \u00c5"", ""PLIP interactions: {'hydrogen_bonds': 16, 'hydrophobic_contacts': 0, 'pi_stacking': 2, 'pi_cation': 0, 'salt_bridges': 1, 'halogen_bonds': 0, 'water_bridges': 0}""]","{""simulability_reasons"": [], ""pocket_reasons"": [], ""modeling"": [""AF-P01112-F1: mean pLDDT 91.9, 8.0% low/very-low confidence""], ""md_simulation"": [""2628 atoms, 50 steps at 2.0 fs completed cleanly, final PE -9118.8 kJ/mol"", ""minimization may not have fully converged: stopped at max_minimization_iterations=50""], ""docking"": [""self-dock RMSD 2.35 \u00c5, within 2.5 \u00c5"", ""PLIP interactions: {'hydrogen_bonds': 16, 'hydrophobic_contacts': 0, 'pi_stacking': 2, 'pi_cation': 0, 'salt_bridges': 1, 'halogen_bonds': 0, 'water_bridges': 0}""]}"
1Y9T,P0A1X2,"Crystal structure of a type III secretion system protein complexed with the lipid, 1-monohexanoyl-2-hydroxy-sn-glycero-3-phosphate",Shigella flexneri,115,984,1.87,X-RAY DIFFRACTION,1,ACT,CC(=O)[O-],True,True,True,0.949,0.9565217391304348,False,4,"[""modeling"", ""md_simulation"", ""docking""]",AF-P0A1X2-F1,81.44,0.246,True,pass,,0.029485544795170425,,intro,,"[""AF-P0A1X2-F1: mean pLDDT 81.4, 24.6% low/very-low confidence""]",pass,0.3916038647342995,0.006752010196796618,-0.38485185453750287,intro,,"[""1827 atoms, 50 steps at 2.0 fs completed cleanly, final PE -4373.7 kJ/mol"", ""minimization may not have fully converged: stopped at max_minimization_iterations=50""]",pass,,0.11296706476665956,,intro,,"[""self-dock RMSD 2.13 \u00c5, within 2.5 \u00c5"", ""PLIP interactions: {'hydrogen_bonds': 0, 'hydrophobic_contacts': 6, 'pi_stacking': 0, 'pi_cation': 0, 'salt_bridges': 0, 'halogen_bonds': 0, 'water_bridges': 0}""]","{""simulability_reasons"": [], ""pocket_reasons"": [], ""modeling"": [""AF-P0A1X2-F1: mean pLDDT 81.4, 24.6% low/very-low confidence""], ""md_simulation"": [""1827 atoms, 50 steps at 2.0 fs completed cleanly, final PE -4373.7 kJ/mol"", ""minimization may not have fully converged: stopped at max_minimization_iterations=50""], ""docking"": [""self-dock RMSD 2.13 \u00c5, within 2.5 \u00c5"", ""PLIP interactions: {'hydrogen_bonds': 0, 'hydrophobic_contacts': 6, 'pi_stacking': 0, 'pi_cation': 0, 'salt_bridges': 0, 'halogen_bonds': 0, 'water_bridges': 0}""]}"
2AVK,Q9REU3,met-azido-DcrH-Hr,Nitratidesulfovibrio vulgaris,136,1331,1.53,X-RAY DIFFRACTION,1,FEA,[N-]=[N+]=N[Fe]O[Fe],True,True,True,0.588,0.9779411764705882,False,4,"[""modeling"", ""md_simulation"", ""docking""]",AF-Q9REU3-F1,93.94,0.022,True,pass,,0.02952261899918085,,intro,,"[""AF-Q9REU3-F1: mean pLDDT 93.9, 2.2% low/very-low confidence""]",pass,0.36246405228758166,0.01511872717999116,-0.34734532510759053,intro,,"[""2257 atoms, 50 steps at 2.0 fs completed cleanly, final PE -16097.2 kJ/mol"", ""minimization may not have fully converged: stopped at max_minimization_iterations=50""]",pass,,0.045076576958338894,,intro,,"[""self-dock RMSD 0.25 \u00c5, within 2.5 \u00c5"", ""PLIP interactions: {'hydrogen_bonds': 2, 'hydrophobic_contacts': 0, 'pi_stacking': 0, 'pi_cation': 0, 'salt_bridges': 0, 'halogen_bonds': 0, 'water_bridges': 0}""]","{""simulability_reasons"": [], ""pocket_reasons"": [], ""modeling"": [""AF-Q9REU3-F1: mean pLDDT 93.9, 2.2% low/very-low confidence""], ""md_simulation"": [""2257 atoms, 50 steps at 2.0 fs completed cleanly, final PE -16097.2 kJ/mol"", ""minimization may not have fully converged: stopped at max_minimization_iterations=50""], ""docking"": [""self-dock RMSD 0.25 \u00c5, within 2.5 \u00c5"", ""PLIP interactions: {'hydrogen_bonds': 2, 'hydrophobic_contacts': 0, 'pi_stacking': 0, 'pi_cation': 0, 'salt_bridges': 0, 'halogen_bonds': 0, 'water_bridges': 0}""]}"
3FR2,P15090,N-Benzyl-indolo carboxylic acids: Design and synthesis of potent and selective adipocyte Fatty-Acid Binding Protein (A-FABP) inhibitors,Homo sapiens,131,1198,2.2,X-RAY DIFFRACTION,1,8CA,c1ccc(cc1)Cn2c3c(c4c2c(ccc4)C(=O)O)CCCC3,True,True,True,0.69,1.0,False,4,"[""modeling"", ""md_simulation"", ""docking""]",AF-P15090-F1,95.75,0.0,True,pass,,0.027321787400069297,,intro,,"[""AF-P15090-F1: mean pLDDT 95.8, 0.0% low/very-low confidence""]",pass,0.4388888888888889,0.01039159934000054,-0.4284972895488883,intro,,"[""2059 atoms, 50 steps at 2.0 fs completed cleanly, final PE -8972.7 kJ/mol"", ""minimization may not have fully converged: stopped at max_minimization_iterations=50""]",pass,,0.05946095005000037,,intro,,"[""self-dock RMSD 0.97 \u00c5, within 2.5 \u00c5"", ""PLIP interactions: {'hydrogen_bonds': 0, 'hydrophobic_contacts': 11, 'pi_stacking': 2, 'pi_cation': 0, 'salt_bridges': 1, 'halogen_bonds': 0, 'water_bridges': 0}""]","{""simulability_reasons"": [], ""pocket_reasons"": [], ""modeling"": [""AF-P15090-F1: mean pLDDT 95.8, 0.0% low/very-low confidence""], ""md_simulation"": [""2059 atoms, 50 steps at 2.0 fs completed cleanly, final PE -8972.7 kJ/mol"", ""minimization may not have fully converged: stopped at max_minimization_iterations=50""], ""docking"": [""self-dock RMSD 0.97 \u00c5, within 2.5 \u00c5"", ""PLIP interactions: {'hydrogen_bonds': 0, 'hydrophobic_contacts': 11, 'pi_stacking': 2, 'pi_cation': 0, 'salt_bridges': 1, 'halogen_bonds': 0, 'water_bridges': 0}""]}"
1KOU,P16113,Crystal Structure of the Photoactive Yellow Protein Reconstituted with Caffeic Acid at 1.16 A Resolution,Halorhodospira halophila,125,1102,1.16,X-RAY DIFFRACTION,1,DHC,c1cc(c(cc1C=CC(=O)O)O)O,True,True,False,0.441,0.96,False,3,"[""modeling"", ""md_simulation"", ""docking""]",AF-P16113-F1,95.81,0.016,True,pass,,0.03151685799966799,,intro,,"[""AF-P16113-F1: mean pLDDT 95.8, 1.6% low/very-low confidence""]",pass,0.3068888888888889,0.005368986456669517,-0.3015199024322194,intro,,"[""1912 atoms, 50 steps at 2.0 fs completed cleanly, final PE -6838.3 kJ/mol"", ""minimization may not have fully converged: stopped at max_minimization_iterations=50""]",pass,,0.031810967849742154,,intro,,"[""self-dock RMSD 2.34 \u00c5, within 2.5 \u00c5"", ""PLIP interactions: {'hydrogen_bonds': 3, 'hydrophobic_contacts': 6, 'pi_stacking': 0, 'pi_cation': 0, 'salt_bridges': 0, 'halogen_bonds': 0, 'water_bridges': 0}""]","{""simulability_reasons"": [], ""pocket_reasons"": [""best druggability score 0.441 below threshold 0.5""], ""modeling"": [""AF-P16113-F1: mean pLDDT 95.8, 1.6% low/very-low confidence""], ""md_simulation"": [""1912 atoms, 50 steps at 2.0 fs completed cleanly, final PE -6838.3 kJ/mol"", ""minimization may not have fully converged: stopped at max_minimization_iterations=50""], ""docking"": [""self-dock RMSD 2.34 \u00c5, within 2.5 \u00c5"", ""PLIP interactions: {'hydrogen_bonds': 3, 'hydrophobic_contacts': 6, 'pi_stacking': 0, 'pi_cation': 0, 'salt_bridges': 0, 'halogen_bonds': 0, 'water_bridges': 0}""]}"
1LQY,O31410,Crystal Structure of Bacillus stearothermophilus Peptide Deformylase Complexed with Antibiotic Actinonin,Geobacillus stearothermophilus,184,1723,1.9,X-RAY DIFFRACTION,1,BB2,CCCCCC(CC(=O)NO)C(=O)NC(C(C)C)C(=O)N1CCCC1CO,True,True,True,0.607,1.0,False,3,"[""modeling"", ""md_simulation"", ""docking""]",AF-O31410-F1,97.5,0.005,True,pass,,0.027462475595530122,,intro,,"[""AF-O31410-F1: mean pLDDT 97.5, 0.5% low/very-low confidence""]",pass,0.45777777777777773,0.005699719123270673,-0.45207805865450706,intro,,"[""2891 atoms, 50 steps at 2.0 fs completed cleanly, final PE -15422.8 kJ/mol"", ""minimization may not have fully converged: stopped at max_minimization_iterations=50""]",pass,,0.07537330286674357,,intro,,"[""self-dock RMSD 1.24 \u00c5, within 2.5 \u00c5"", ""PLIP interactions: {'hydrogen_bonds': 5, 'hydrophobic_contacts': 5, 'pi_stacking': 0, 'pi_cation': 0, 'salt_bridges': 0, 'halogen_bonds': 0, 'water_bridges': 0}""]","{""simulability_reasons"": [], ""pocket_reasons"": [], ""modeling"": [""AF-O31410-F1: mean pLDDT 97.5, 0.5% low/very-low confidence""], ""md_simulation"": [""2891 atoms, 50 steps at 2.0 fs completed cleanly, final PE -15422.8 kJ/mol"", ""minimization may not have fully converged: stopped at max_minimization_iterations=50""], ""docking"": [""self-dock RMSD 1.24 \u00c5, within 2.5 \u00c5"", ""PLIP interactions: {'hydrogen_bonds': 5, 'hydrophobic_contacts': 5, 'pi_stacking': 0, 'pi_cation': 0, 'salt_bridges': 0, 'halogen_bonds': 0, 'water_bridges': 0}""]}"
207L,P61626,MUTANT HUMAN LYSOZYME C77A,Homo sapiens,130,1161,1.8,X-RAY DIFFRACTION,1,SC2,CC(=O)NC(CS)C(=O)O,True,True,False,0.206,1.0,False,3,"[""modeling"", ""md_simulation"", ""docking""]",AF-P61626-F1,94.06,0.102,True,pass,,0.02845713339993381,,intro,,"[""AF-P61626-F1: mean pLDDT 94.1, 10.2% low/very-low confidence""]",pass,0.3844444444444444,0.005494045843333879,-0.3789503986011105,intro,,"[""2022 atoms, 50 steps at 2.0 fs completed cleanly, final PE -13949.0 kJ/mol"", ""minimization may not have fully converged: stopped at max_minimization_iterations=50""]",pass,,0.02289670904998881,,intro,,"[""self-dock RMSD 1.57 \u00c5, within 2.5 \u00c5"", ""PLIP interactions: {'hydrogen_bonds': 2, 'hydrophobic_contacts': 1, 'pi_stacking': 0, 'pi_cation': 0, 'salt_bridges': 1, 'halogen_bonds': 0, 'water_bridges': 0}""]","{""simulability_reasons"": [], ""pocket_reasons"": [""best druggability score 0.206 below threshold 0.5""], ""modeling"": [""AF-P61626-F1: mean pLDDT 94.1, 10.2% low/very-low confidence""], ""md_simulation"": [""2022 atoms, 50 steps at 2.0 fs completed cleanly, final PE -13949.0 kJ/mol"", ""minimization may not have fully converged: stopped at max_minimization_iterations=50""], ""docking"": [""self-dock RMSD 1.57 \u00c5, within 2.5 \u00c5"", ""PLIP interactions: {'hydrogen_bonds': 2, 'hydrophobic_contacts': 1, 'pi_stacking': 0, 'pi_cation': 0, 'salt_bridges': 1, 'halogen_bonds': 0, 'water_bridges': 0}""]}"
2AZZ,P00592,Crystal Structure of Porcine Pancreatic Phospholipase A2 in Complex with Taurocholate,Sus scrofa,124,1109,2.2,X-RAY DIFFRACTION,1,CA,[Ca+2],True,False,True,0.556,1.0,False,3,"[""modeling"", ""md_simulation"", ""docking""]",AF-P00592-F1,88.38,0.158,True,pass,,0.029911490399899775,,intro,,"[""AF-P00592-F1: mean pLDDT 88.4, 15.8% low/very-low confidence""]",pass,0.4311111111111111,0.012875256150000496,-0.4182358549611106,intro,,"[""1857 atoms, 50 steps at 2.0 fs completed cleanly, final PE -8653.2 kJ/mol"", ""minimization may not have fully converged: stopped at max_minimization_iterations=50""]",pass,,0.13779459388315446,,intro,,"[""self-dock RMSD 2.17 \u00c5, within 2.5 \u00c5"", ""PLIP interactions: {'hydrogen_bonds': 2, 'hydrophobic_contacts': 12, 'pi_stacking': 0, 'pi_cation': 0, 'salt_bridges': 0, 'halogen_bonds': 0, 'water_bridges': 0}""]","{""simulability_reasons"": [], ""pocket_reasons"": [], ""modeling"": [""AF-P00592-F1: mean pLDDT 88.4, 15.8% low/very-low confidence""], ""md_simulation"": [""1857 atoms, 50 steps at 2.0 fs completed cleanly, final PE -8653.2 kJ/mol"", ""minimization may not have fully converged: stopped at max_minimization_iterations=50""], ""docking"": [""self-dock RMSD 2.17 \u00c5, within 2.5 \u00c5"", ""PLIP interactions: {'hydrogen_bonds': 2, 'hydrophobic_contacts': 12, 'pi_stacking': 0, 'pi_cation': 0, 'salt_bridges': 0, 'halogen_bonds': 0, 'water_bridges': 0}""]}"
2F8P,Q27709,Crystal structure of obelin following Ca2+ triggered bioluminescence suggests neutral coelenteramide as the primary excited state,Obelia longissima,195,1699,1.93,X-RAY DIFFRACTION,1,CA,[Ca+2],True,False,True,0.96,0.9743589743589743,False,3,"[""modeling"", ""md_simulation"", ""docking""]",AF-Q27709-F1,91.44,0.021,True,pass,,0.029282321594655512,,intro,,"[""AF-Q27709-F1: mean pLDDT 91.4, 2.1% low/very-low confidence""]",pass,0.48254700854700855,0.008686284503395049,-0.4738607240436135,intro,,"[""3052 atoms, 50 steps at 2.0 fs completed cleanly, final PE -7286.9 kJ/mol"", ""minimization may not have fully converged: stopped at max_minimization_iterations=50""]",pass,,0.35863174247497226,,core,,"[""self-dock RMSD 1.07 \u00c5, within 2.5 \u00c5"", ""PLIP interactions: {'hydrogen_bonds': 5, 'hydrophobic_contacts': 10, 'pi_stacking': 2, 'pi_cation': 0, 'salt_bridges': 0, 'halogen_bonds': 0, 'water_bridges': 0}""]","{""simulability_reasons"": [], ""pocket_reasons"": [], ""modeling"": [""AF-Q27709-F1: mean pLDDT 91.4, 2.1% low/very-low confidence""], ""md_simulation"": [""3052 atoms, 50 steps at 2.0 fs completed cleanly, final PE -7286.9 kJ/mol"", ""minimization may not have fully converged: stopped at max_minimization_iterations=50""], ""docking"": [""self-dock RMSD 1.07 \u00c5, within 2.5 \u00c5"", ""PLIP interactions: {'hydrogen_bonds': 5, 'hydrophobic_contacts': 10, 'pi_stacking': 2, 'pi_cation': 0, 'salt_bridges': 0, 'halogen_bonds': 0, 'water_bridges': 0}""]}"
2JAC,P25373,Glutaredoxin Grx1p C30S mutant from yeast,Saccharomyces cerevisiae,110,940,2.02,X-RAY DIFFRACTION,1,GSH,C(CC(=O)NC(CS)C(=O)NCC(=O)O)C(C(=O)O)N,True,True,False,0.311,0.9818181818181818,False,3,"[""modeling"", ""md_simulation"", ""docking""]",AF-P25373-F1,96.94,0.009,True,pass,,0.030939090996980667,,intro,,"[""AF-P25373-F1: mean pLDDT 96.9, 0.9% low/very-low confidence""]",pass,0.3976161616161616,0.006575314770064627,-0.39104084684609697,intro,,"[""1749 atoms, 50 steps at 2.0 fs completed cleanly, final PE -6328.7 kJ/mol"", ""minimization may not have fully converged: stopped at max_minimization_iterations=50""]",pass,,0.0776015427831832,,intro,,"[""self-dock RMSD 2.01 \u00c5, within 2.5 \u00c5"", ""PLIP interactions: {'hydrogen_bonds': 6, 'hydrophobic_contacts': 2, 'pi_stacking': 0, 'pi_cation': 0, 'salt_bridges': 0, 'halogen_bonds': 0, 'water_bridges': 0}""]","{""simulability_reasons"": [], ""pocket_reasons"": [""best druggability score 0.311 below threshold 0.5""], ""modeling"": [""AF-P25373-F1: mean pLDDT 96.9, 0.9% low/very-low confidence""], ""md_simulation"": [""1749 atoms, 50 steps at 2.0 fs completed cleanly, final PE -6328.7 kJ/mol"", ""minimization may not have fully converged: stopped at max_minimization_iterations=50""], ""docking"": [""self-dock RMSD 2.01 \u00c5, within 2.5 \u00c5"", ""PLIP interactions: {'hydrogen_bonds': 6, 'hydrophobic_contacts': 2, 'pi_stacking': 0, 'pi_cation': 0, 'salt_bridges': 0, 'halogen_bonds': 0, 'water_bridges': 0}""]}"
2NUC,P00644,"STAPHLOCOCCAL NUCLEASE, ETHANE THIOL DISULFIDE TO V23C VARIANT",Staphylococcus aureus,149,1145,2.0,X-RAY DIFFRACTION,1,CA,[Ca+2],True,False,False,0.435,0.9060402684563759,True,3,"[""modeling"", ""md_simulation"", ""docking""]",AF-P00644-F1,82.19,0.239,True,pass,,0.02896946360124275,,intro,,"[""AF-P00644-F1: mean pLDDT 82.2, 23.9% low/very-low confidence""]",pass,0.4635421327367636,0.008655532496826102,-0.4548866002399375,intro,,"[""2394 atoms, 50 steps at 2.0 fs completed cleanly, final PE -2735.2 kJ/mol"", ""minimization may not have fully converged: stopped at max_minimization_iterations=50""]",pass,,0.05481619565010381,,intro,,"[""self-dock RMSD 1.31 \u00c5, within 2.5 \u00c5"", ""PLIP interactions: {'hydrogen_bonds': 3, 'hydrophobic_contacts': 3, 'pi_stacking': 0, 'pi_cation': 0, 'salt_bridges': 3, 'halogen_bonds': 0, 'water_bridges': 0}""]","{""simulability_reasons"": [], ""pocket_reasons"": [""best druggability score 0.435 below threshold 0.5""], ""modeling"": [""AF-P00644-F1: mean pLDDT 82.2, 23.9% low/very-low confidence""], ""md_simulation"": [""2394 atoms, 50 steps at 2.0 fs completed cleanly, final PE -2735.2 kJ/mol"", ""minimization may not have fully converged: stopped at max_minimization_iterations=50""], ""docking"": [""self-dock RMSD 1.31 \u00c5, within 2.5 \u00c5"", ""PLIP interactions: {'hydrogen_bonds': 3, 'hydrophobic_contacts': 3, 'pi_stacking': 0, 'pi_cation': 0, 'salt_bridges': 3, 'halogen_bonds': 0, 'water_bridges': 0}""]}"
2QO6,Q9I8L5,Crystal structure of the glycine 55 arginine mutant of zebrafish liver bile acid-binding protein complexed with cholic acid,Danio rerio,126,1126,1.9,X-RAY DIFFRACTION,1,CHD,CC(CCC(=O)O)C1CCC2C1(C(CC3C2C(CC4C3(CCC(C4)O)C)O)O)C,True,True,False,0.278,0.9920634920634921,False,3,"[""modeling"", ""md_simulation"", ""docking""]",AF-Q9I8L5-F1,94.31,0.008,True,pass,,0.027151195600163193,,intro,,"[""AF-Q9I8L5-F1: mean pLDDT 94.3, 0.8% low/very-low confidence""]",pass,0.39597883597883593,0.01040656921667202,-0.3855722667621639,intro,,"[""2014 atoms, 50 steps at 2.0 fs completed cleanly, final PE -8760.3 kJ/mol"", ""minimization may not have fully converged: stopped at max_minimization_iterations=50""]",pass,,0.03538395066667969,,intro,,"[""self-dock RMSD 0.65 \u00c5, within 2.5 \u00c5"", ""PLIP interactions: {'hydrogen_bonds': 0, 'hydrophobic_contacts': 8, 'pi_stacking': 0, 'pi_cation': 0, 'salt_bridges': 1, 'halogen_bonds': 0, 'water_bridges': 0}""]","{""simulability_reasons"": [], ""pocket_reasons"": [""best druggability score 0.278 below threshold 0.5""], ""modeling"": [""AF-Q9I8L5-F1: mean pLDDT 94.3, 0.8% low/very-low confidence""], ""md_simulation"": [""2014 atoms, 50 steps at 2.0 fs completed cleanly, final PE -8760.3 kJ/mol"", ""minimization may not have fully converged: stopped at max_minimization_iterations=50""], ""docking"": [""self-dock RMSD 0.65 \u00c5, within 2.5 \u00c5"", ""PLIP interactions: {'hydrogen_bonds': 0, 'hydrophobic_contacts': 8, 'pi_stacking': 0, 'pi_cation': 0, 'salt_bridges': 1, 'halogen_bonds': 0, 'water_bridges': 0}""]}"
1D7E,P16113,CRYSTAL STRUCTURE OF THE P65 CRYSTAL FORM OF PHOTOACTIVE YELLOW PROTEIN,Halorhodospira halophila,122,1104,1.39,X-RAY DIFFRACTION,1,HC4,c1cc(ccc1C=CC(=O)O)O,True,True,False,0.445,0.9836065573770492,False,2,"[""modeling"", ""md_simulation"", ""docking""]",AF-P16113-F1,95.81,0.016,True,pass,,0.023374545201659203,,intro,,"[""AF-P16113-F1: mean pLDDT 95.8, 1.6% low/very-low confidence""]",pass,0.3263533697632058,0.004188577859895304,-0.3221647919033105,intro,,"[""1863 atoms, 50 steps at 2.0 fs completed cleanly, final PE -8502.5 kJ/mol"", ""minimization may not have fully converged: stopped at max_minimization_iterations=50""]",pass,,0.00931969896676795,,intro,,"[""self-dock RMSD 2.05 \u00c5, within 2.5 \u00c5"", ""PLIP interactions: {'hydrogen_bonds': 0, 'hydrophobic_contacts': 8, 'pi_stacking': 0, 'pi_cation': 0, 'salt_bridges': 0, 'halogen_bonds': 0, 'water_bridges': 0}""]","{""simulability_reasons"": [], ""pocket_reasons"": [""best druggability score 0.445 below threshold 0.5""], ""modeling"": [""AF-P16113-F1: mean pLDDT 95.8, 1.6% low/very-low confidence""], ""md_simulation"": [""1863 atoms, 50 steps at 2.0 fs completed cleanly, final PE -8502.5 kJ/mol"", ""minimization may not have fully converged: stopped at max_minimization_iterations=50""], ""docking"": [""self-dock RMSD 2.05 \u00c5, within 2.5 \u00c5"", ""PLIP interactions: {'hydrogen_bonds': 0, 'hydrophobic_contacts': 8, 'pi_stacking': 0, 'pi_cation': 0, 'salt_bridges': 0, 'halogen_bonds': 0, 'water_bridges': 0}""]}"
1O45,P12931,CRYSTAL STRUCTURE OF SH2 IN COMPLEX WITH RU84687.,Homo sapiens,108,1016,1.8,X-RAY DIFFRACTION,1,687,CC(=O)NC(Cc1ccc(c(c1)C=O)OP(=O)(O)O)C(=O)NC2CCCCN(C2=O)Cc3ccc(cc3)c4ccccc4,True,True,False,0.428,0.9814814814814815,False,2,"[""modeling"", ""md_simulation"", ""docking""]",AF-P12931-F1,83.44,0.194,True,pass,,0.02973827540045022,,intro,,"[""AF-P12931-F1: mean pLDDT 83.4, 19.4% low/very-low confidence""]",pass,0.36617283950617285,0.004439358630006609,-0.36173348087616625,intro,,"[""1734 atoms, 50 steps at 2.0 fs completed cleanly, final PE -9293.7 kJ/mol"", ""minimization may not have fully converged: stopped at max_minimization_iterations=50""]",pass,,1.0,,challenge,,"[""self-dock RMSD 1.77 \u00c5, within 2.5 \u00c5"", ""PLIP interactions: {'hydrogen_bonds': 8, 'hydrophobic_contacts': 8, 'pi_stacking': 0, 'pi_cation': 0, 'salt_bridges': 2, 'halogen_bonds': 0, 'water_bridges': 0}""]","{""simulability_reasons"": [], ""pocket_reasons"": [""best druggability score 0.428 below threshold 0.5""], ""modeling"": [""AF-P12931-F1: mean pLDDT 83.4, 19.4% low/very-low confidence""], ""md_simulation"": [""1734 atoms, 50 steps at 2.0 fs completed cleanly, final PE -9293.7 kJ/mol"", ""minimization may not have fully converged: stopped at max_minimization_iterations=50""], ""docking"": [""self-dock RMSD 1.77 \u00c5, within 2.5 \u00c5"", ""PLIP interactions: {'hydrogen_bonds': 8, 'hydrophobic_contacts': 8, 'pi_stacking': 0, 'pi_cation': 0, 'salt_bridges': 2, 'halogen_bonds': 0, 'water_bridges': 0}""]}"
1O4B,P12931,CRYSTAL STRUCTURE OF SH2 IN COMPLEX WITH RU83876.,Homo sapiens,108,1071,1.85,X-RAY DIFFRACTION,1,876,CC(=O)NC(Cc1ccc(c(c1)P(=O)(O)O)P(=O)(O)O)C(=O)NC2CCCCN(C2=O)Cc3ccc(cc3)c4ccccc4,True,True,True,0.712,0.9814814814814815,False,2,"[""modeling"", ""md_simulation"", ""docking""]",AF-P12931-F1,83.44,0.194,True,pass,,0.026977901998907327,,intro,,"[""AF-P12931-F1: mean pLDDT 83.4, 19.4% low/very-low confidence""]",pass,0.37283950617283945,0.004241099576659811,-0.36859840659617965,intro,,"[""1734 atoms, 50 steps at 2.0 fs completed cleanly, final PE -10495.1 kJ/mol"", ""minimization may not have fully converged: stopped at max_minimization_iterations=50""]",pass,,0.29678127392495907,,intro,,"[""self-dock RMSD 1.17 \u00c5, within 2.5 \u00c5"", ""PLIP interactions: {'hydrogen_bonds': 11, 'hydrophobic_contacts': 6, 'pi_stacking': 0, 'pi_cation': 0, 'salt_bridges': 3, 'halogen_bonds': 0, 'water_bridges': 0}""]","{""simulability_reasons"": [], ""pocket_reasons"": [], ""modeling"": [""AF-P12931-F1: mean pLDDT 83.4, 19.4% low/very-low confidence""], ""md_simulation"": [""1734 atoms, 50 steps at 2.0 fs completed cleanly, final PE -10495.1 kJ/mol"", ""minimization may not have fully converged: stopped at max_minimization_iterations=50""], ""docking"": [""self-dock RMSD 1.17 \u00c5, within 2.5 \u00c5"", ""PLIP interactions: {'hydrogen_bonds': 11, 'hydrophobic_contacts': 6, 'pi_stacking': 0, 'pi_cation': 0, 'salt_bridges': 3, 'halogen_bonds': 0, 'water_bridges': 0}""]}"
1X7N,P83194,The crystal structure of Pyrococcus furiosus phosphoglucose isomerase with bound 5-phospho-D-arabinonate and Manganese,Pyrococcus furiosus,190,1740,1.89,X-RAY DIFFRACTION,1,MN,[Mn+2],True,False,False,0.377,0.9947368421052631,False,2,"[""modeling"", ""md_simulation"", ""docking""]",AF-P83194-F1,98.12,0.0,True,pass,,0.029698469800041493,,intro,,"[""AF-P83194-F1: mean pLDDT 98.1, 0.0% low/very-low confidence""]",pass,0.46486549707602337,0.008853193009999814,-0.45601230406602355,intro,,"[""3026 atoms, 50 steps at 2.0 fs completed cleanly, final PE -6829.5 kJ/mol"", ""minimization may not have fully converged: stopped at max_minimization_iterations=50""]",pass,,0.0231853253166643,,intro,,"[""self-dock RMSD 1.78 \u00c5, within 2.5 \u00c5"", ""PLIP interactions: {'hydrogen_bonds': 6, 'hydrophobic_contacts': 0, 'pi_stacking': 0, 'pi_cation': 0, 'salt_bridges': 3, 'halogen_bonds': 0, 'water_bridges': 0}""]","{""simulability_reasons"": [], ""pocket_reasons"": [""best druggability score 0.377 below threshold 0.5""], ""modeling"": [""AF-P83194-F1: mean pLDDT 98.1, 0.0% low/very-low confidence""], ""md_simulation"": [""3026 atoms, 50 steps at 2.0 fs completed cleanly, final PE -6829.5 kJ/mol"", ""minimization may not have fully converged: stopped at max_minimization_iterations=50""], ""docking"": [""self-dock RMSD 1.78 \u00c5, within 2.5 \u00c5"", ""PLIP interactions: {'hydrogen_bonds': 6, 'hydrophobic_contacts': 0, 'pi_stacking': 0, 'pi_cation': 0, 'salt_bridges': 3, 'halogen_bonds': 0, 'water_bridges': 0}""]}"
2EKT,P02185,Crystal structure of myoglobin reconstituted with 6-methyl-6-depropionatehemin,Physeter macrocephalus,153,1626,1.1,X-RAY DIFFRACTION,1,6HE,Cc1c2n3c(c1CCC(=O)O)C=C4C(=C(C5=Cc6c(c(c7n6[Fe]3(N45)N8C(=C2)C(=C(C8=C7)C=C)C)C)C=C)C)C,True,True,True,0.972,1.0,False,2,"[""modeling"", ""md_simulation"", ""docking""]",AF-P02185-F1,97.5,0.0,True,pass,,0.02433108879486099,,intro,,"[""AF-P02185-F1: mean pLDDT 97.5, 0.0% low/very-low confidence""]",pass,0.31666666666666665,0.0040862504233761384,-0.3125804162432905,intro,,"[""2459 atoms, 50 steps at 2.0 fs completed cleanly, final PE -10822.0 kJ/mol"", ""minimization may not have fully converged: stopped at max_minimization_iterations=50""]",pass,,0.05742764492509499,,intro,,"[""self-dock RMSD 0.47 \u00c5, within 2.5 \u00c5"", ""PLIP interactions: {'hydrogen_bonds': 2, 'hydrophobic_contacts': 6, 'pi_stacking': 1, 'pi_cation': 0, 'salt_bridges': 2, 'halogen_bonds': 0, 'water_bridges': 0}""]","{""simulability_reasons"": [], ""pocket_reasons"": [], ""modeling"": [""AF-P02185-F1: mean pLDDT 97.5, 0.0% low/very-low confidence""], ""md_simulation"": [""2459 atoms, 50 steps at 2.0 fs completed cleanly, final PE -10822.0 kJ/mol"", ""minimization may not have fully converged: stopped at max_minimization_iterations=50""], ""docking"": [""self-dock RMSD 0.47 \u00c5, within 2.5 \u00c5"", ""PLIP interactions: {'hydrogen_bonds': 2, 'hydrophobic_contacts': 6, 'pi_stacking': 1, 'pi_cation': 0, 'salt_bridges': 2, 'halogen_bonds': 0, 'water_bridges': 0}""]}"
2IYS,P9WPY3,"Shikimate kinase from Mycobacterium tuberculosis in complex with shikimate, open LID (conf. A)",Mycobacterium tuberculosis H37Rv,184,1630,1.4,X-RAY DIFFRACTION,1,CL,[Cl-],True,True,False,0.498,0.9510869565217391,False,2,"[""modeling"", ""md_simulation"", ""docking""]",AF-P9WPY3-F1,91.5,0.073,True,pass,,0.03192687899572775,,intro,,"[""AF-P9WPY3-F1: mean pLDDT 91.5, 7.3% low/very-low confidence""]",pass,0.40741545893719805,0.010183730783173814,-0.39723172815402424,intro,,"[""2800 atoms, 50 steps at 2.0 fs completed cleanly, final PE -11731.4 kJ/mol"", ""minimization may not have fully converged: stopped at max_minimization_iterations=50""]",pass,,0.039927688941922196,,intro,,"[""self-dock RMSD 1.21 \u00c5, within 2.5 \u00c5"", ""PLIP interactions: {'hydrogen_bonds': 5, 'hydrophobic_contacts': 0, 'pi_stacking': 0, 'pi_cation': 0, 'salt_bridges': 1, 'halogen_bonds': 0, 'water_bridges': 0}""]","{""simulability_reasons"": [], ""pocket_reasons"": [""best druggability score 0.498 below threshold 0.5""], ""modeling"": [""AF-P9WPY3-F1: mean pLDDT 91.5, 7.3% low/very-low confidence""], ""md_simulation"": [""2800 atoms, 50 steps at 2.0 fs completed cleanly, final PE -11731.4 kJ/mol"", ""minimization may not have fully converged: stopped at max_minimization_iterations=50""], ""docking"": [""self-dock RMSD 1.21 \u00c5, within 2.5 \u00c5"", ""PLIP interactions: {'hydrogen_bonds': 5, 'hydrophobic_contacts': 0, 'pi_stacking': 0, 'pi_cation': 0, 'salt_bridges': 1, 'halogen_bonds': 0, 'water_bridges': 0}""]}"
2JDC,Q65LG7,Glyphosate N-acetyltransferase bound to oxidized COA and sulfate,Bacillus licheniformis,146,1349,1.6,X-RAY DIFFRACTION,1,CAO,CC(C)(COP(=O)(O)OP(=O)(O)OCC1C(C(C(O1)n2cnc3c2ncnc3N)O)OP(=O)(O)O)C(C(=O)NCCC(=O)NCCSO)O,True,True,False,0.085,0.9931506849315068,False,2,"[""modeling"", ""md_simulation"", ""docking""]",AF-Q65LG7-F1,97.25,0.0,True,pass,,0.029364489996805788,,intro,,"[""AF-Q65LG7-F1: mean pLDDT 97.2, 0.0% low/very-low confidence""]",pass,0.37783866057838655,0.0046282825465702145,-0.37321037803181634,intro,,"[""2330 atoms, 50 steps at 2.0 fs completed cleanly, final PE -12179.9 kJ/mol"", ""minimization may not have fully converged: stopped at max_minimization_iterations=50""]",pass,,1.0,,challenge,,"[""self-dock RMSD 2.22 \u00c5, within 2.5 \u00c5"", ""PLIP interactions: {'hydrogen_bonds': 9, 'hydrophobic_contacts': 1, 'pi_stacking': 0, 'pi_cation': 0, 'salt_bridges': 2, 'halogen_bonds': 0, 'water_bridges': 0}""]","{""simulability_reasons"": [], ""pocket_reasons"": [""best druggability score 0.085 below threshold 0.5""], ""modeling"": [""AF-Q65LG7-F1: mean pLDDT 97.2, 0.0% low/very-low confidence""], ""md_simulation"": [""2330 atoms, 50 steps at 2.0 fs completed cleanly, final PE -12179.9 kJ/mol"", ""minimization may not have fully converged: stopped at max_minimization_iterations=50""], ""docking"": [""self-dock RMSD 2.22 \u00c5, within 2.5 \u00c5"", ""PLIP interactions: {'hydrogen_bonds': 9, 'hydrophobic_contacts': 1, 'pi_stacking': 0, 'pi_cation': 0, 'salt_bridges': 2, 'halogen_bonds': 0, 'water_bridges': 0}""]}"
2VM0,P68082,Crystal structure of radiation-induced myoglobin compound II generated after annealing of peroxymyoglobin,Equus caballus,153,1482,1.6,X-RAY DIFFRACTION,1,GOL,C(C(CO)O)O,True,True,True,0.931,1.0,False,2,"[""modeling"", ""md_simulation"", ""docking""]",AF-P68082-F1,96.81,0.013,True,pass,,0.029859241800295422,,intro,,"[""AF-P68082-F1: mean pLDDT 96.8, 1.3% low/very-low confidence""]",pass,0.3833333333333333,0.010035622753324182,-0.3732977105800091,intro,,"[""2411 atoms, 50 steps at 2.0 fs completed cleanly, final PE -9743.9 kJ/mol"", ""minimization may not have fully converged: stopped at max_minimization_iterations=50""]",pass,,0.012321545583351206,,intro,,"[""self-dock RMSD 0.79 \u00c5, within 2.5 \u00c5"", ""PLIP interactions: {'hydrogen_bonds': 4, 'hydrophobic_contacts': 0, 'pi_stacking': 0, 'pi_cation': 0, 'salt_bridges': 0, 'halogen_bonds': 0, 'water_bridges': 0}""]","{""simulability_reasons"": [], ""pocket_reasons"": [], ""modeling"": [""AF-P68082-F1: mean pLDDT 96.8, 1.3% low/very-low confidence""], ""md_simulation"": [""2411 atoms, 50 steps at 2.0 fs completed cleanly, final PE -9743.9 kJ/mol"", ""minimization may not have fully converged: stopped at max_minimization_iterations=50""], ""docking"": [""self-dock RMSD 0.79 \u00c5, within 2.5 \u00c5"", ""PLIP interactions: {'hydrogen_bonds': 4, 'hydrophobic_contacts': 0, 'pi_stacking': 0, 'pi_cation': 0, 'salt_bridges': 0, 'halogen_bonds': 0, 'water_bridges': 0}""]}"
3F0A,Q9HL57,Structure of a putative n-acetyltransferase (ta0374) in complex with acetyl-coa from thermoplasma acidophilum,Thermoplasma acidophilum,162,1453,2.5,X-RAY DIFFRACTION,1,ACO,CC(=O)SCCNC(=O)CCNC(=O)C(C(C)(C)COP(=O)(O)OP(=O)(O)OCC1C(C(C(O1)n2cnc3c2ncnc3N)O)OP(=O)(O)O)O,True,True,True,0.837,0.9814814814814815,True,2,"[""modeling"", ""md_simulation"", ""docking""]",AF-Q9HL57-F1,95.5,0.006,True,pass,,0.02916575979979825,,intro,,"[""AF-Q9HL57-F1: mean pLDDT 95.5, 0.6% low/very-low confidence""]",pass,0.5195061728395062,0.012234316306676192,-0.50727185653283,intro,,"[""2723 atoms, 50 steps at 2.0 fs completed cleanly, final PE -10509.9 kJ/mol"", ""minimization may not have fully converged: stopped at max_minimization_iterations=50""]",pass,,1.0,,challenge,,"[""self-dock RMSD 2.15 \u00c5, within 2.5 \u00c5"", ""PLIP interactions: {'hydrogen_bonds': 11, 'hydrophobic_contacts': 2, 'pi_stacking': 1, 'pi_cation': 0, 'salt_bridges': 2, 'halogen_bonds': 0, 'water_bridges': 0}""]","{""simulability_reasons"": [], ""pocket_reasons"": [], ""modeling"": [""AF-Q9HL57-F1: mean pLDDT 95.5, 0.6% low/very-low confidence""], ""md_simulation"": [""2723 atoms, 50 steps at 2.0 fs completed cleanly, final PE -10509.9 kJ/mol"", ""minimization may not have fully converged: stopped at max_minimization_iterations=50""], ""docking"": [""self-dock RMSD 2.15 \u00c5, within 2.5 \u00c5"", ""PLIP interactions: {'hydrogen_bonds': 11, 'hydrophobic_contacts': 2, 'pi_stacking': 1, 'pi_cation': 0, 'salt_bridges': 2, 'halogen_bonds': 0, 'water_bridges': 0}""]}"
1BSK,P0A6K3,ZINC DEFORMYLASE INHIBITOR COMPLEX FROM E.COLI,Escherichia coli,168,1377,3.0,X-RAY DIFFRACTION,1,MLN,CCCCC(C(=O)NC(CC(C)C)C(=O)Nc1ccc(cc1)[N+](=O)[O-])OP(=O)(O)O,True,True,False,0.301,0.9880952380952381,False,1,"[""modeling"", ""md_simulation"", ""docking""]",AF-P0A6K3-F1,97.0,0.006,True,pass,,0.03062899340002332,,intro,,"[""AF-P0A6K3-F1: mean pLDDT 97.0, 0.6% low/very-low confidence""]",pass,0.523968253968254,0.022444178553329645,-0.5015240754149243,intro,,"[""2740 atoms, 50 steps at 2.0 fs completed cleanly, final PE -14724.5 kJ/mol"", ""minimization may not have fully converged: stopped at max_minimization_iterations=50""]",pass,,0.15538723502492455,,intro,,"[""self-dock RMSD 1.30 \u00c5, within 2.5 \u00c5"", ""PLIP interactions: {'hydrogen_bonds': 6, 'hydrophobic_contacts': 6, 'pi_stacking': 0, 'pi_cation': 0, 'salt_bridges': 1, 'halogen_bonds': 0, 'water_bridges': 0}""]","{""simulability_reasons"": [], ""pocket_reasons"": [""best druggability score 0.301 below threshold 0.5""], ""modeling"": [""AF-P0A6K3-F1: mean pLDDT 97.0, 0.6% low/very-low confidence""], ""md_simulation"": [""2740 atoms, 50 steps at 2.0 fs completed cleanly, final PE -14724.5 kJ/mol"", ""minimization may not have fully converged: stopped at max_minimization_iterations=50""], ""docking"": [""self-dock RMSD 1.30 \u00c5, within 2.5 \u00c5"", ""PLIP interactions: {'hydrogen_bonds': 6, 'hydrophobic_contacts': 6, 'pi_stacking': 0, 'pi_cation': 0, 'salt_bridges': 1, 'halogen_bonds': 0, 'water_bridges': 0}""]}"
1DR3,P00378,2.3 ANGSTROMS CRYSTAL STRUCTURE OF CHICKEN LIVER DIHYDROFOLATE REDUCTASE COMPLEXED WITH THIONADP+ AND BIOPTERIN,Gallus gallus,189,1665,2.3,X-RAY DIFFRACTION,1,CA,[Ca+2],True,False,True,0.942,0.9841269841269841,False,1,"[""modeling"", ""md_simulation"", ""docking""]",AF-P00378-F1,95.88,0.022,True,pass,,0.031186797800182832,,intro,,"[""AF-P00378-F1: mean pLDDT 95.9, 2.2% low/very-low confidence""]",pass,0.521957671957672,0.021334740340001494,-0.5006229316176705,intro,,"[""3067 atoms, 50 steps at 2.0 fs completed cleanly, final PE -12797.5 kJ/mol"", ""minimization may not have fully converged: stopped at max_minimization_iterations=50""]",pass,,1.0,,challenge,,"[""self-dock RMSD 2.04 \u00c5, within 2.5 \u00c5"", ""PLIP interactions: {'hydrogen_bonds': 9, 'hydrophobic_contacts': 2, 'pi_stacking': 0, 'pi_cation': 1, 'salt_bridges': 2, 'halogen_bonds': 0, 'water_bridges': 0}""]","{""simulability_reasons"": [], ""pocket_reasons"": [], ""modeling"": [""AF-P00378-F1: mean pLDDT 95.9, 2.2% low/very-low confidence""], ""md_simulation"": [""3067 atoms, 50 steps at 2.0 fs completed cleanly, final PE -12797.5 kJ/mol"", ""minimization may not have fully converged: stopped at max_minimization_iterations=50""], ""docking"": [""self-dock RMSD 2.04 \u00c5, within 2.5 \u00c5"", ""PLIP interactions: {'hydrogen_bonds': 9, 'hydrophobic_contacts': 2, 'pi_stacking': 0, 'pi_cation': 1, 'salt_bridges': 2, 'halogen_bonds': 0, 'water_bridges': 0}""]}"
1GRQ,Q56148,CHLORAMPHENICOL PHOSPHOTRANSFERASE IN COMPLEX WITH P-AMINO-CHLORAMPHENICOL FROM STREPTOMYCES VENEZUELAE,Streptomyces venezuelae,178,1435,2.9,X-RAY DIFFRACTION,1,CLK,c1cc(ccc1C(C(CO)NC(=O)C(Cl)Cl)O)N,True,True,True,0.819,1.0,False,1,"[""modeling"", ""md_simulation"", ""docking""]",AF-Q56148-F1,96.06,0.0,True,pass,,0.029511708999052644,,intro,,"[""AF-Q56148-F1: mean pLDDT 96.1, 0.0% low/very-low confidence""]",pass,0.5311111111111111,0.004502832043217495,-0.5266082790678936,intro,,"[""2614 atoms, 50 steps at 2.0 fs completed cleanly, final PE -9170.8 kJ/mol"", ""minimization may not have fully converged: stopped at max_minimization_iterations=50""]",pass,,0.01981168880010955,,intro,,"[""self-dock RMSD 1.89 \u00c5, within 2.5 \u00c5"", ""PLIP interactions: {'hydrogen_bonds': 3, 'hydrophobic_contacts': 5, 'pi_stacking': 0, 'pi_cation': 0, 'salt_bridges': 0, 'halogen_bonds': 2, 'water_bridges': 0}""]","{""simulability_reasons"": [], ""pocket_reasons"": [], ""modeling"": [""AF-Q56148-F1: mean pLDDT 96.1, 0.0% low/very-low confidence""], ""md_simulation"": [""2614 atoms, 50 steps at 2.0 fs completed cleanly, final PE -9170.8 kJ/mol"", ""minimization may not have fully converged: stopped at max_minimization_iterations=50""], ""docking"": [""self-dock RMSD 1.89 \u00c5, within 2.5 \u00c5"", ""PLIP interactions: {'hydrogen_bonds': 3, 'hydrophobic_contacts': 5, 'pi_stacking': 0, 'pi_cation': 0, 'salt_bridges': 0, 'halogen_bonds': 2, 'water_bridges': 0}""]}"
1LHN,P04278,"CRYSTAL STRUCTURE OF THE N-TERMINAL LG-DOMAIN OF SHBG IN COMPLEX WITH 5ALPHA-ANDROSTANE-3BETA,17ALPHA-DIOL",Homo sapiens,189,1520,2.0,X-RAY DIFFRACTION,1,AON,CC12CCC(CC1CCC3C2CCC4(C3CCC4O)C)O,True,True,True,0.801,0.9312169312169312,False,1,"[""modeling"", ""md_simulation"", ""docking""]",AF-P04278-F1,85.69,0.177,True,pass,,0.03263033359980909,,intro,,"[""AF-P04278-F1: mean pLDDT 85.7, 17.7% low/very-low confidence""]",pass,0.4995943562610229,0.011365116106668818,-0.4882292401543541,intro,,"[""2937 atoms, 50 steps at 2.0 fs completed cleanly, final PE -11845.1 kJ/mol"", ""minimization may not have fully converged: stopped at max_minimization_iterations=50""]",pass,,0.0497450308000225,,intro,,"[""self-dock RMSD 0.35 \u00c5, within 2.5 \u00c5"", ""PLIP interactions: {'hydrogen_bonds': 2, 'hydrophobic_contacts': 8, 'pi_stacking': 0, 'pi_cation': 0, 'salt_bridges': 0, 'halogen_bonds': 0, 'water_bridges': 0}""]","{""simulability_reasons"": [], ""pocket_reasons"": [], ""modeling"": [""AF-P04278-F1: mean pLDDT 85.7, 17.7% low/very-low confidence""], ""md_simulation"": [""2937 atoms, 50 steps at 2.0 fs completed cleanly, final PE -11845.1 kJ/mol"", ""minimization may not have fully converged: stopped at max_minimization_iterations=50""], ""docking"": [""self-dock RMSD 0.35 \u00c5, within 2.5 \u00c5"", ""PLIP interactions: {'hydrogen_bonds': 2, 'hydrophobic_contacts': 8, 'pi_stacking': 0, 'pi_cation': 0, 'salt_bridges': 0, 'halogen_bonds': 0, 'water_bridges': 0}""]}"
1Z4I,Q9NPB1,Structure of the D41N variant of the human mitochondrial deoxyribonucleotidase in complex with deoxyribouridine 5'-monophosphate,Homo sapiens,197,1842,1.98,X-RAY DIFFRACTION,1,GOL,C(C(CO)O)O,True,True,True,0.723,0.9847715736040609,False,1,"[""modeling"", ""md_simulation"", ""docking""]",AF-Q9NPB1-F1,89.88,0.15,True,pass,,0.02819430140007171,,intro,,"[""AF-Q9NPB1-F1: mean pLDDT 89.9, 15.0% low/very-low confidence""]",pass,0.4879650310208686,0.009215847430000394,-0.4787491835908682,intro,,"[""3195 atoms, 50 steps at 2.0 fs completed cleanly, final PE -17595.3 kJ/mol"", ""minimization may not have fully converged: stopped at max_minimization_iterations=50""]",pass,,0.060639566366667924,,intro,,"[""self-dock RMSD 0.53 \u00c5, within 2.5 \u00c5"", ""PLIP interactions: {'hydrogen_bonds': 13, 'hydrophobic_contacts': 4, 'pi_stacking': 0, 'pi_cation': 0, 'salt_bridges': 2, 'halogen_bonds': 0, 'water_bridges': 0}""]","{""simulability_reasons"": [], ""pocket_reasons"": [], ""modeling"": [""AF-Q9NPB1-F1: mean pLDDT 89.9, 15.0% low/very-low confidence""], ""md_simulation"": [""3195 atoms, 50 steps at 2.0 fs completed cleanly, final PE -17595.3 kJ/mol"", ""minimization may not have fully converged: stopped at max_minimization_iterations=50""], ""docking"": [""self-dock RMSD 0.53 \u00c5, within 2.5 \u00c5"", ""PLIP interactions: {'hydrogen_bonds': 13, 'hydrophobic_contacts': 4, 'pi_stacking': 0, 'pi_cation': 0, 'salt_bridges': 2, 'halogen_bonds': 0, 'water_bridges': 0}""]}"
2HL0,Q9UZ14,Crystal structure of the editing domain of threonyl-tRNA synthetase from Pyrococcus abyssi in complex with seryl-3'-aminoadenosine,Pyrococcus abyssi,143,1364,1.86,X-RAY DIFFRACTION,1,A3S,c1nc(c2c(n1)n(cn2)C3C(C(C(O3)CO)NC(=O)C(CO)N)O)N,True,True,True,0.831,1.0,False,1,"[""modeling"", ""md_simulation"", ""docking""]",AF-Q9UZ14-F1,93.38,0.04,True,pass,,0.029979142604861408,,intro,,"[""AF-Q9UZ14-F1: mean pLDDT 93.4, 4.0% low/very-low confidence""]",pass,0.40688888888888886,0.006450137503173512,-0.40043875138571533,intro,,"[""2310 atoms, 50 steps at 2.0 fs completed cleanly, final PE -10079.5 kJ/mol"", ""minimization may not have fully converged: stopped at max_minimization_iterations=50""]",pass,,0.07476209565017294,,intro,,"[""self-dock RMSD 1.30 \u00c5, within 2.5 \u00c5"", ""PLIP interactions: {'hydrogen_bonds': 10, 'hydrophobic_contacts': 0, 'pi_stacking': 0, 'pi_cation': 0, 'salt_bridges': 0, 'halogen_bonds': 0, 'water_bridges': 0}""]","{""simulability_reasons"": [], ""pocket_reasons"": [], ""modeling"": [""AF-Q9UZ14-F1: mean pLDDT 93.4, 4.0% low/very-low confidence""], ""md_simulation"": [""2310 atoms, 50 steps at 2.0 fs completed cleanly, final PE -10079.5 kJ/mol"", ""minimization may not have fully converged: stopped at max_minimization_iterations=50""], ""docking"": [""self-dock RMSD 1.30 \u00c5, within 2.5 \u00c5"", ""PLIP interactions: {'hydrogen_bonds': 10, 'hydrophobic_contacts': 0, 'pi_stacking': 0, 'pi_cation': 0, 'salt_bridges': 0, 'halogen_bonds': 0, 'water_bridges': 0}""]}"
2PUO,Q55389,Crystal srtucture of the NEM modified ferredoxin:thioredoxin reductase,Synechocystis sp.,182,1568,1.7,X-RAY DIFFRACTION,2,NEQ,CCN1C(=O)C=CC1=O,True,True,False,0.476,1.0,False,1,"[""modeling"", ""md_simulation"", ""docking""]",AF-Q55389-F1,94.69,0.042,True,pass,,0.030440222402103246,,intro,,"[""AF-Q55389-F1: mean pLDDT 94.7, 4.2% low/very-low confidence""]",pass,0.4288888888888889,0.006295979376688289,-0.4225929095122006,intro,,"[""2872 atoms, 50 steps at 2.0 fs completed cleanly, final PE -12122.5 kJ/mol"", ""minimization may not have fully converged: stopped at max_minimization_iterations=50""]",pass,,0.0077927205333253365,,intro,,"[""self-dock RMSD 2.23 \u00c5, within 2.5 \u00c5"", ""PLIP interactions: {'hydrogen_bonds': 0, 'hydrophobic_contacts': 3, 'pi_stacking': 0, 'pi_cation': 0, 'salt_bridges': 0, 'halogen_bonds': 0, 'water_bridges': 0}""]","{""simulability_reasons"": [], ""pocket_reasons"": [""best druggability score 0.476 below threshold 0.5""], ""modeling"": [""AF-Q55389-F1: mean pLDDT 94.7, 4.2% low/very-low confidence""], ""md_simulation"": [""2872 atoms, 50 steps at 2.0 fs completed cleanly, final PE -12122.5 kJ/mol"", ""minimization may not have fully converged: stopped at max_minimization_iterations=50""], ""docking"": [""self-dock RMSD 2.23 \u00c5, within 2.5 \u00c5"", ""PLIP interactions: {'hydrogen_bonds': 0, 'hydrophobic_contacts': 3, 'pi_stacking': 0, 'pi_cation': 0, 'salt_bridges': 0, 'halogen_bonds': 0, 'water_bridges': 0}""]}"
2ULL,P00778,MULTIPLE CONFORMATION STRUCTURE OF ALPHA-LYTIC PROTEASE AT 120 K,Lysobacter enzymogenes,198,1715,1.5,X-RAY DIFFRACTION,1,SO4,[O-]S(=O)(=O)[O-],True,False,False,0.151,1.0,False,1,"[""modeling"", ""md_simulation"", ""docking""]",AF-P00778-F1,91.06,0.08800000000000001,True,pass,,0.028691646398510785,,intro,,"[""AF-P00778-F1: mean pLDDT 91.1, 8.8% low/very-low confidence""]",pass,0.42,0.007575128103295962,-0.412424871896704,intro,,"[""2755 atoms, 50 steps at 2.0 fs completed cleanly, final PE -19099.1 kJ/mol"", ""minimization may not have fully converged: stopped at max_minimization_iterations=50""]",pass,,0.013767364491650369,,intro,,"[""self-dock RMSD 2.35 \u00c5, within 2.5 \u00c5"", ""PLIP interactions: {'hydrogen_bonds': 1, 'hydrophobic_contacts': 6, 'pi_stacking': 0, 'pi_cation': 0, 'salt_bridges': 0, 'halogen_bonds': 0, 'water_bridges': 0}""]","{""simulability_reasons"": [], ""pocket_reasons"": [""best druggability score 0.151 below threshold 0.5""], ""modeling"": [""AF-P00778-F1: mean pLDDT 91.1, 8.8% low/very-low confidence""], ""md_simulation"": [""2755 atoms, 50 steps at 2.0 fs completed cleanly, final PE -19099.1 kJ/mol"", ""minimization may not have fully converged: stopped at max_minimization_iterations=50""], ""docking"": [""self-dock RMSD 2.35 \u00c5, within 2.5 \u00c5"", ""PLIP interactions: {'hydrogen_bonds': 1, 'hydrophobic_contacts': 6, 'pi_stacking': 0, 'pi_cation': 0, 'salt_bridges': 0, 'halogen_bonds': 0, 'water_bridges': 0}""]}"
2VLZ,P68082,Crystal structure of peroxymyoglobin generated by cryoradiolytic reduction of myoglobin compound III,Equus caballus,153,1508,1.5,X-RAY DIFFRACTION,1,GOL,C(C(CO)O)O,True,True,True,0.923,1.0,False,1,"[""modeling"", ""md_simulation"", ""docking""]",AF-P68082-F1,96.81,0.013,True,pass,,0.028598819207400084,,intro,,"[""AF-P68082-F1: mean pLDDT 96.8, 1.3% low/very-low confidence""]",pass,0.37,0.005470098429941572,-0.36452990157005843,intro,,"[""2411 atoms, 50 steps at 2.0 fs completed cleanly, final PE -10013.3 kJ/mol"", ""minimization may not have fully converged: stopped at max_minimization_iterations=50""]",pass,,0.009867896025146669,,intro,,"[""self-dock RMSD 0.30 \u00c5, within 2.5 \u00c5"", ""PLIP interactions: {'hydrogen_bonds': 4, 'hydrophobic_contacts': 0, 'pi_stacking': 0, 'pi_cation': 0, 'salt_bridges': 0, 'halogen_bonds': 0, 'water_bridges': 0}""]","{""simulability_reasons"": [], ""pocket_reasons"": [], ""modeling"": [""AF-P68082-F1: mean pLDDT 96.8, 1.3% low/very-low confidence""], ""md_simulation"": [""2411 atoms, 50 steps at 2.0 fs completed cleanly, final PE -10013.3 kJ/mol"", ""minimization may not have fully converged: stopped at max_minimization_iterations=50""], ""docking"": [""self-dock RMSD 0.30 \u00c5, within 2.5 \u00c5"", ""PLIP interactions: {'hydrogen_bonds': 4, 'hydrophobic_contacts': 0, 'pi_stacking': 0, 'pi_cation': 0, 'salt_bridges': 0, 'halogen_bonds': 0, 'water_bridges': 0}""]}"
2WC6,P34170,Structure of BMori GOBP2 (General Odorant Binding Protein 2) with bombykol and water to Arg 110,Bombyx mori,141,1280,1.9,X-RAY DIFFRACTION,1,BOM,CCCC=CC=CCCCCCCCCCO,True,True,True,0.946,1.0,False,1,"[""modeling"", ""md_simulation"", ""docking""]",AF-P34170-F1,93.62,0.106,True,pass,,0.026721447193995117,,intro,,"[""AF-P34170-F1: mean pLDDT 93.6, 10.6% low/very-low confidence""]",pass,0.4099999999999999,0.005834673583352317,-0.4041653264166476,intro,,"[""2206 atoms, 50 steps at 2.0 fs completed cleanly, final PE -5145.1 kJ/mol"", ""minimization may not have fully converged: stopped at max_minimization_iterations=50""]",pass,,0.05842316729977028,,intro,,"[""self-dock RMSD 2.31 \u00c5, within 2.5 \u00c5"", ""PLIP interactions: {'hydrogen_bonds': 1, 'hydrophobic_contacts': 13, 'pi_stacking': 0, 'pi_cation': 0, 'salt_bridges': 0, 'halogen_bonds': 0, 'water_bridges': 0}""]","{""simulability_reasons"": [], ""pocket_reasons"": [], ""modeling"": [""AF-P34170-F1: mean pLDDT 93.6, 10.6% low/very-low confidence""], ""md_simulation"": [""2206 atoms, 50 steps at 2.0 fs completed cleanly, final PE -5145.1 kJ/mol"", ""minimization may not have fully converged: stopped at max_minimization_iterations=50""], ""docking"": [""self-dock RMSD 2.31 \u00c5, within 2.5 \u00c5"", ""PLIP interactions: {'hydrogen_bonds': 1, 'hydrophobic_contacts': 13, 'pi_stacking': 0, 'pi_cation': 0, 'salt_bridges': 0, 'halogen_bonds': 0, 'water_bridges': 0}""]}"
3F91,P00374,Structural Data for Human Active Site Mutant Enzyme Complexes,Homo sapiens,187,1753,1.9,X-RAY DIFFRACTION,1,DH1,COc1ccc(cc1Cc2cnc(nc2N)N)OCCCCC(=O)O,True,True,True,0.791,0.9946524064171123,False,1,"[""modeling"", ""md_simulation"", ""docking""]",AF-P00374-F1,96.12,0.01,True,pass,,0.03026166040217504,,intro,,"[""AF-P00374-F1: mean pLDDT 96.1, 1.0% low/very-low confidence""]",pass,0.46289364230540697,0.007073418486591739,-0.4558202238188152,intro,,"[""3030 atoms, 50 steps at 2.0 fs completed cleanly, final PE -13596.8 kJ/mol"", ""minimization may not have fully converged: stopped at max_minimization_iterations=50""]",pass,,0.6731597464667478,,challenge,,"[""self-dock RMSD 1.73 \u00c5, within 2.5 \u00c5"", ""PLIP interactions: {'hydrogen_bonds': 16, 'hydrophobic_contacts': 2, 'pi_stacking': 0, 'pi_cation': 0, 'salt_bridges': 1, 'halogen_bonds': 0, 'water_bridges': 0}""]","{""simulability_reasons"": [], ""pocket_reasons"": [], ""modeling"": [""AF-P00374-F1: mean pLDDT 96.1, 1.0% low/very-low confidence""], ""md_simulation"": [""3030 atoms, 50 steps at 2.0 fs completed cleanly, final PE -13596.8 kJ/mol"", ""minimization may not have fully converged: stopped at max_minimization_iterations=50""], ""docking"": [""self-dock RMSD 1.73 \u00c5, within 2.5 \u00c5"", ""PLIP interactions: {'hydrogen_bonds': 16, 'hydrophobic_contacts': 2, 'pi_stacking': 0, 'pi_cation': 0, 'salt_bridges': 1, 'halogen_bonds': 0, 'water_bridges': 0}""]}"
1A3V,P00644,"STAPHYLOCOCCAL NUCLEASE, CYCLOPENTANE THIOL DISULFIDE TO V23C VARIANT",Staphylococcus aureus,149,1147,2.2,X-RAY DIFFRACTION,1,CA,[Ca+2],True,False,False,0.24,0.9060402684563759,True,0,"[""modeling"", ""md_simulation"", ""docking""]",AF-P00644-F1,82.19,0.239,True,pass,,0.028484864602796735,,intro,,"[""AF-P00644-F1: mean pLDDT 82.2, 23.9% low/very-low confidence""]",pass,0.49020879940343026,0.006855460630031302,-0.483353338773399,intro,,"[""2394 atoms, 50 steps at 2.0 fs completed cleanly, final PE -1544.6 kJ/mol"", ""minimization may not have fully converged: stopped at max_minimization_iterations=50""]",pass,,0.039479171516723,,intro,,"[""self-dock RMSD 1.61 \u00c5, within 2.5 \u00c5"", ""PLIP interactions: {'hydrogen_bonds': 2, 'hydrophobic_contacts': 5, 'pi_stacking': 1, 'pi_cation': 0, 'salt_bridges': 3, 'halogen_bonds': 0, 'water_bridges': 0}""]","{""simulability_reasons"": [], ""pocket_reasons"": [""best druggability score 0.24 below threshold 0.5""], ""modeling"": [""AF-P00644-F1: mean pLDDT 82.2, 23.9% low/very-low confidence""], ""md_simulation"": [""2394 atoms, 50 steps at 2.0 fs completed cleanly, final PE -1544.6 kJ/mol"", ""minimization may not have fully converged: stopped at max_minimization_iterations=50""], ""docking"": [""self-dock RMSD 1.61 \u00c5, within 2.5 \u00c5"", ""PLIP interactions: {'hydrogen_bonds': 2, 'hydrophobic_contacts': 5, 'pi_stacking': 1, 'pi_cation': 0, 'salt_bridges': 3, 'halogen_bonds': 0, 'water_bridges': 0}""]}"
1HH7,P00091,REFINED CRYSTAL STRUCTURE OF CYTOCHROME C2 FROM RHODOPSEUDOMONAS PALUSTRIS AT 1.4 ANGSTROM RESOLUTION,Rhodopseudomonas palustris,114,1159,1.4,X-RAY DIFFRACTION,1,HEC,CCc1c(c2n3c1C=C4C(=C(C5=[N]4[Fe]36[N]7=C(C=C8N6C(=C5)C(=C8C)CCC(=O)O)C(=C(C7=C2)CC)C)CCC(=O)O)C)C,True,False,True,0.947,1.0,True,0,"[""modeling"", ""md_simulation"", ""docking""]",AF-P00091-F1,91.75,0.08700000000000001,True,pass,,0.026426188403274865,,intro,,"[""AF-P00091-F1: mean pLDDT 91.8, 8.7% low/very-low confidence""]",pass,0.3133333333333333,0.009494839393494962,-0.30383849393983836,intro,,"[""1722 atoms, 50 steps at 2.0 fs completed cleanly, final PE -5838.5 kJ/mol"", ""minimization may not have fully converged: stopped at max_minimization_iterations=50""]",pass,,0.007024702866813944,,intro,,"[""self-dock RMSD 2.47 \u00c5, within 2.5 \u00c5"", ""PLIP interactions: {'hydrogen_bonds': 2, 'hydrophobic_contacts': 0, 'pi_stacking': 0, 'pi_cation': 0, 'salt_bridges': 0, 'halogen_bonds': 0, 'water_bridges': 0}""]","{""simulability_reasons"": [], ""pocket_reasons"": [], ""modeling"": [""AF-P00091-F1: mean pLDDT 91.8, 8.7% low/very-low confidence""], ""md_simulation"": [""1722 atoms, 50 steps at 2.0 fs completed cleanly, final PE -5838.5 kJ/mol"", ""minimization may not have fully converged: stopped at max_minimization_iterations=50""], ""docking"": [""self-dock RMSD 2.47 \u00c5, within 2.5 \u00c5"", ""PLIP interactions: {'hydrogen_bonds': 2, 'hydrophobic_contacts': 0, 'pi_stacking': 0, 'pi_cation': 0, 'salt_bridges': 0, 'halogen_bonds': 0, 'water_bridges': 0}""]}"
1JD3,P26602,Chorismate lyase G90A mutant with bound product,Escherichia coli,164,1391,2.03,X-RAY DIFFRACTION,1,PHB,c1cc(ccc1C(=O)O)O,True,True,True,0.796,1.0,False,0,"[""modeling"", ""md_simulation"", ""docking""]",AF-P26602-F1,93.25,0.018,True,pass,,0.028659309999784454,,intro,,"[""AF-P26602-F1: mean pLDDT 93.2, 1.8% low/very-low confidence""]",pass,0.4528888888888888,0.011421060243337706,-0.44146782864555106,intro,,"[""2679 atoms, 50 steps at 2.0 fs completed cleanly, final PE -18318.4 kJ/mol"", ""minimization may not have fully converged: stopped at max_minimization_iterations=50""]",pass,,0.012432407716308566,,intro,,"[""self-dock RMSD 1.66 \u00c5, within 2.5 \u00c5"", ""PLIP interactions: {'hydrogen_bonds': 3, 'hydrophobic_contacts': 5, 'pi_stacking': 0, 'pi_cation': 0, 'salt_bridges': 1, 'halogen_bonds': 0, 'water_bridges': 0}""]","{""simulability_reasons"": [], ""pocket_reasons"": [], ""modeling"": [""AF-P26602-F1: mean pLDDT 93.2, 1.8% low/very-low confidence""], ""md_simulation"": [""2679 atoms, 50 steps at 2.0 fs completed cleanly, final PE -18318.4 kJ/mol"", ""minimization may not have fully converged: stopped at max_minimization_iterations=50""], ""docking"": [""self-dock RMSD 1.66 \u00c5, within 2.5 \u00c5"", ""PLIP interactions: {'hydrogen_bonds': 3, 'hydrophobic_contacts': 5, 'pi_stacking': 0, 'pi_cation': 0, 'salt_bridges': 1, 'halogen_bonds': 0, 'water_bridges': 0}""]}"
1O4M,P12931,CRYSTAL STRUCTURE OF SH2 IN COMPLEX WITH MALONICACID.,Homo sapiens,108,1021,1.6,X-RAY DIFFRACTION,1,MLA,C(C(=O)O)C(=O)O,True,True,False,0.29,0.9722222222222222,False,0,"[""modeling"", ""md_simulation"", ""docking""]",AF-P12931-F1,83.44,0.194,True,pass,,0.030046427799970844,,intro,,"[""AF-P12931-F1: mean pLDDT 83.4, 19.4% low/very-low confidence""]",pass,0.34259259259259256,0.011515845993344556,-0.331076746599248,intro,,"[""1734 atoms, 50 steps at 2.0 fs completed cleanly, final PE -9057.9 kJ/mol"", ""minimization may not have fully converged: stopped at max_minimization_iterations=50""]",pass,,0.035311140333332484,,intro,,"[""self-dock RMSD 1.71 \u00c5, within 2.5 \u00c5"", ""PLIP interactions: {'hydrogen_bonds': 3, 'hydrophobic_contacts': 0, 'pi_stacking': 0, 'pi_cation': 0, 'salt_bridges': 3, 'halogen_bonds': 0, 'water_bridges': 0}""]","{""simulability_reasons"": [], ""pocket_reasons"": [""best druggability score 0.29 below threshold 0.5""], ""modeling"": [""AF-P12931-F1: mean pLDDT 83.4, 19.4% low/very-low confidence""], ""md_simulation"": [""1734 atoms, 50 steps at 2.0 fs completed cleanly, final PE -9057.9 kJ/mol"", ""minimization may not have fully converged: stopped at max_minimization_iterations=50""], ""docking"": [""self-dock RMSD 1.71 \u00c5, within 2.5 \u00c5"", ""PLIP interactions: {'hydrogen_bonds': 3, 'hydrophobic_contacts': 0, 'pi_stacking': 0, 'pi_cation': 0, 'salt_bridges': 3, 'halogen_bonds': 0, 'water_bridges': 0}""]}"
1RCE,P07797,BULLFROG RED CELL L FERRITIN SULFATE/MN/PH 6.3,Aquarana catesbeiana,173,1413,2.4,X-RAY DIFFRACTION,1,BET,C[N+](C)(C)CC(=O)O,True,True,True,0.966,0.9884393063583815,False,0,"[""modeling"", ""md_simulation"", ""docking""]",AF-P07797-F1,97.38,0.006,True,pass,,0.028190485190134496,,intro,,"[""AF-P07797-F1: mean pLDDT 97.4, 0.6% low/very-low confidence""]",pass,0.5160757867694283,0.009027683053282089,-0.5070481037161463,intro,,"[""2745 atoms, 50 steps at 2.0 fs completed cleanly, final PE -15739.1 kJ/mol"", ""minimization may not have fully converged: stopped at max_minimization_iterations=50""]",pass,,0.00999323727543621,,intro,,"[""self-dock RMSD 2.17 \u00c5, within 2.5 \u00c5"", ""PLIP interactions: {'hydrogen_bonds': 1, 'hydrophobic_contacts': 0, 'pi_stacking': 0, 'pi_cation': 0, 'salt_bridges': 1, 'halogen_bonds': 0, 'water_bridges': 0}""]","{""simulability_reasons"": [], ""pocket_reasons"": [], ""modeling"": [""AF-P07797-F1: mean pLDDT 97.4, 0.6% low/very-low confidence""], ""md_simulation"": [""2745 atoms, 50 steps at 2.0 fs completed cleanly, final PE -15739.1 kJ/mol"", ""minimization may not have fully converged: stopped at max_minimization_iterations=50""], ""docking"": [""self-dock RMSD 2.17 \u00c5, within 2.5 \u00c5"", ""PLIP interactions: {'hydrogen_bonds': 1, 'hydrophobic_contacts': 0, 'pi_stacking': 0, 'pi_cation': 0, 'salt_bridges': 1, 'halogen_bonds': 0, 'water_bridges': 0}""]}"
1SYB,P00644,TRANSFER OF A BETA-TURN STRUCTURE TO A NEW PROTEIN CONTEXT,Staphylococcus aureus,150,1195,1.8,X-RAY DIFFRACTION,1,CA,[Ca+2],True,False,False,0.033,0.9133333333333333,False,0,"[""modeling"", ""md_simulation"", ""docking""]",AF-P00644-F1,82.19,0.239,True,pass,,0.024406844400800765,,intro,,"[""AF-P00644-F1: mean pLDDT 82.2, 23.9% low/very-low confidence""]",pass,0.43555555555555553,0.005019907366562014,-0.43053564818899354,intro,,"[""2382 atoms, 50 steps at 2.0 fs completed cleanly, final PE -5427.9 kJ/mol"", ""minimization may not have fully converged: stopped at max_minimization_iterations=50""]",pass,,0.038031840016871384,,intro,,"[""self-dock RMSD 1.13 \u00c5, within 2.5 \u00c5"", ""PLIP interactions: {'hydrogen_bonds': 2, 'hydrophobic_contacts': 2, 'pi_stacking': 0, 'pi_cation': 0, 'salt_bridges': 3, 'halogen_bonds': 0, 'water_bridges': 0}""]","{""simulability_reasons"": [], ""pocket_reasons"": [""best druggability score 0.033 below threshold 0.5""], ""modeling"": [""AF-P00644-F1: mean pLDDT 82.2, 23.9% low/very-low confidence""], ""md_simulation"": [""2382 atoms, 50 steps at 2.0 fs completed cleanly, final PE -5427.9 kJ/mol"", ""minimization may not have fully converged: stopped at max_minimization_iterations=50""], ""docking"": [""self-dock RMSD 1.13 \u00c5, within 2.5 \u00c5"", ""PLIP interactions: {'hydrogen_bonds': 2, 'hydrophobic_contacts': 2, 'pi_stacking': 0, 'pi_cation': 0, 'salt_bridges': 3, 'halogen_bonds': 0, 'water_bridges': 0}""]}"
1TU9,Q9HX49,"Crystal Structure of a Protein PA3967, a Structurally Highly Homologous to a Human Hemoglobin, from Pseudomonas aeruginosa PAO1",Pseudomonas aeruginosa PAO1,134,1402,1.2,X-RAY DIFFRACTION,1,EDO,C(CO)O,True,False,True,0.926,0.9776119402985075,False,0,"[""modeling"", ""md_simulation"", ""docking""]",AF-Q9HX49-F1,97.94,0.0,True,pass,,0.029983105600695125,,intro,,"[""AF-Q9HX49-F1: mean pLDDT 97.9, 0.0% low/very-low confidence""]",pass,0.316351575456053,0.010978772339998007,-0.305372803116055,intro,,"[""2075 atoms, 50 steps at 2.0 fs completed cleanly, final PE -13980.1 kJ/mol"", ""minimization may not have fully converged: stopped at max_minimization_iterations=50""]",pass,,0.013213291808331936,,intro,,"[""self-dock RMSD 2.28 \u00c5, within 2.5 \u00c5"", ""PLIP interactions: {'hydrogen_bonds': 2, 'hydrophobic_contacts': 2, 'pi_stacking': 0, 'pi_cation': 0, 'salt_bridges': 0, 'halogen_bonds': 0, 'water_bridges': 0}""]","{""simulability_reasons"": [], ""pocket_reasons"": [], ""modeling"": [""AF-Q9HX49-F1: mean pLDDT 97.9, 0.0% low/very-low confidence""], ""md_simulation"": [""2075 atoms, 50 steps at 2.0 fs completed cleanly, final PE -13980.1 kJ/mol"", ""minimization may not have fully converged: stopped at max_minimization_iterations=50""], ""docking"": [""self-dock RMSD 2.28 \u00c5, within 2.5 \u00c5"", ""PLIP interactions: {'hydrogen_bonds': 2, 'hydrophobic_contacts': 2, 'pi_stacking': 0, 'pi_cation': 0, 'salt_bridges': 0, 'halogen_bonds': 0, 'water_bridges': 0}""]}"
1UCD,P23540,Crystal structure of Ribonuclease MC1 from bitter gourd seeds complexed with 5'-UMP,Momordica charantia,190,1764,1.3,X-RAY DIFFRACTION,1,U5P,C1=CN(C(=O)NC1=O)C2C(C(C(O2)COP(=O)(O)O)O)O,True,True,False,0.367,1.0,False,0,"[""modeling"", ""md_simulation"", ""docking""]",AF-P23540-F1,98.0,0.0,True,pass,,0.02851541400013957,,intro,,"[""AF-P23540-F1: mean pLDDT 98.0, 0.0% low/very-low confidence""]",pass,0.3844444444444444,0.012377461579999362,-0.37206698286444506,intro,,"[""2963 atoms, 50 steps at 2.0 fs completed cleanly, final PE -16233.0 kJ/mol"", ""minimization may not have fully converged: stopped at max_minimization_iterations=50""]",pass,,0.05760984673333193,,intro,,"[""self-dock RMSD 2.18 \u00c5, within 2.5 \u00c5"", ""PLIP interactions: {'hydrogen_bonds': 4, 'hydrophobic_contacts': 1, 'pi_stacking': 0, 'pi_cation': 0, 'salt_bridges': 0, 'halogen_bonds': 0, 'water_bridges': 0}""]","{""simulability_reasons"": [], ""pocket_reasons"": [""best druggability score 0.367 below threshold 0.5""], ""modeling"": [""AF-P23540-F1: mean pLDDT 98.0, 0.0% low/very-low confidence""], ""md_simulation"": [""2963 atoms, 50 steps at 2.0 fs completed cleanly, final PE -16233.0 kJ/mol"", ""minimization may not have fully converged: stopped at max_minimization_iterations=50""], ""docking"": [""self-dock RMSD 2.18 \u00c5, within 2.5 \u00c5"", ""PLIP interactions: {'hydrogen_bonds': 4, 'hydrophobic_contacts': 1, 'pi_stacking': 0, 'pi_cation': 0, 'salt_bridges': 0, 'halogen_bonds': 0, 'water_bridges': 0}""]}"
1UWN,P16113,The Initial Events in the Photocycle of Photoactive Yellow Protein: A Common Mechanism on Light Activation in Photoreceptor Proteins,Halorhodospira halophila,125,1235,1.2,X-RAY DIFFRACTION,1,HC4,c1cc(ccc1C=CC(=O)O)O,True,True,False,0.45,1.0,True,0,"[""modeling"", ""md_simulation"", ""docking""]",AF-P16113-F1,95.81,0.016,True,pass,,0.02571605780394748,,intro,,"[""AF-P16113-F1: mean pLDDT 95.8, 1.6% low/very-low confidence""]",pass,0.29888888888888887,0.004376935323428673,-0.29451195356546017,intro,,"[""1912 atoms, 50 steps at 2.0 fs completed cleanly, final PE -6856.2 kJ/mol"", ""minimization may not have fully converged: stopped at max_minimization_iterations=50""]",pass,,0.009375844775058794,,intro,,"[""self-dock RMSD 1.98 \u00c5, within 2.5 \u00c5"", ""PLIP interactions: {'hydrogen_bonds': 5, 'hydrophobic_contacts': 5, 'pi_stacking': 1, 'pi_cation': 0, 'salt_bridges': 0, 'halogen_bonds': 0, 'water_bridges': 0}""]","{""simulability_reasons"": [], ""pocket_reasons"": [""best druggability score 0.45 below threshold 0.5""], ""modeling"": [""AF-P16113-F1: mean pLDDT 95.8, 1.6% low/very-low confidence""], ""md_simulation"": [""1912 atoms, 50 steps at 2.0 fs completed cleanly, final PE -6856.2 kJ/mol"", ""minimization may not have fully converged: stopped at max_minimization_iterations=50""], ""docking"": [""self-dock RMSD 1.98 \u00c5, within 2.5 \u00c5"", ""PLIP interactions: {'hydrogen_bonds': 5, 'hydrophobic_contacts': 5, 'pi_stacking': 1, 'pi_cation': 0, 'salt_bridges': 0, 'halogen_bonds': 0, 'water_bridges': 0}""]}"
2BF3,Q00459,Crystal structure of a toluene 4-monooxygenase catalytic effector protein variant missing ten N-terminal residues (delta-N10 T4moD),Ectopseudomonas mendocina,184,1579,1.96,X-RAY DIFFRACTION,2,HTO,CCCCC(C(CO)O)O,True,True,True,0.679,0.9565217391304348,False,0,"[""modeling"", ""md_simulation"", ""docking""]",AF-Q00459-F1,92.69,0.088,True,pass,,0.027054506599961316,,intro,,"[""AF-Q00459-F1: mean pLDDT 92.7, 8.8% low/very-low confidence""]",pass,0.48027053140096615,0.009077464136667004,-0.47119306726429916,intro,,"[""2930 atoms, 50 steps at 2.0 fs completed cleanly, final PE -11406.3 kJ/mol"", ""minimization may not have fully converged: stopped at max_minimization_iterations=50""]",pass,,0.01901448836666759,,intro,,"[""self-dock RMSD 2.12 \u00c5, within 2.5 \u00c5"", ""PLIP interactions: {'hydrogen_bonds': 2, 'hydrophobic_contacts': 9, 'pi_stacking': 0, 'pi_cation': 0, 'salt_bridges': 0, 'halogen_bonds': 0, 'water_bridges': 0}""]","{""simulability_reasons"": [], ""pocket_reasons"": [], ""modeling"": [""AF-Q00459-F1: mean pLDDT 92.7, 8.8% low/very-low confidence""], ""md_simulation"": [""2930 atoms, 50 steps at 2.0 fs completed cleanly, final PE -11406.3 kJ/mol"", ""minimization may not have fully converged: stopped at max_minimization_iterations=50""], ""docking"": [""self-dock RMSD 2.12 \u00c5, within 2.5 \u00c5"", ""PLIP interactions: {'hydrogen_bonds': 2, 'hydrophobic_contacts': 9, 'pi_stacking': 0, 'pi_cation': 0, 'salt_bridges': 0, 'halogen_bonds': 0, 'water_bridges': 0}""]}"
2HX5,Q7V4A7,Crystal structure of a putative thioesterase (pmt_2055) from prochlorococcus marinus str. mit 9313 at 1.50 A resolution,Prochlorococcus marinus str. MIT 9313,152,1381,1.5,X-RAY DIFFRACTION,1,ETX,CCOCCO,True,True,False,0.121,0.9473684210526315,True,0,"[""modeling"", ""md_simulation"", ""docking""]",AF-Q7V4A7-F1,93.81,0.046,True,pass,,0.031442364200484005,,intro,,"[""AF-Q7V4A7-F1: mean pLDDT 93.8, 4.6% low/very-low confidence""]",pass,0.3864327485380117,0.017259314420007287,-0.3691734341180044,intro,,"[""2407 atoms, 50 steps at 2.0 fs completed cleanly, final PE -10948.8 kJ/mol"", ""minimization may not have fully converged: stopped at max_minimization_iterations=50""]",pass,,0.025963180941660842,,intro,,"[""self-dock RMSD 1.48 \u00c5, within 2.5 \u00c5"", ""PLIP interactions: {'hydrogen_bonds': 1, 'hydrophobic_contacts': 3, 'pi_stacking': 0, 'pi_cation': 0, 'salt_bridges': 0, 'halogen_bonds': 0, 'water_bridges': 0}""]","{""simulability_reasons"": [], ""pocket_reasons"": [""best druggability score 0.121 below threshold 0.5""], ""modeling"": [""AF-Q7V4A7-F1: mean pLDDT 93.8, 4.6% low/very-low confidence""], ""md_simulation"": [""2407 atoms, 50 steps at 2.0 fs completed cleanly, final PE -10948.8 kJ/mol"", ""minimization may not have fully converged: stopped at max_minimization_iterations=50""], ""docking"": [""self-dock RMSD 1.48 \u00c5, within 2.5 \u00c5"", ""PLIP interactions: {'hydrogen_bonds': 1, 'hydrophobic_contacts': 3, 'pi_stacking': 0, 'pi_cation': 0, 'salt_bridges': 0, 'halogen_bonds': 0, 'water_bridges': 0}""]}"
2MYC,P02185,HIGH RESOLUTION X-RAY STRUCTURES OF MYOGLOBIN-AND HEMOGLOBIN-ALKYL ISOCYANIDE COMPLEXES,Physeter macrocephalus,153,1444,1.8,X-RAY DIFFRACTION,1,HEM,Cc1c2n3c(c1CCC(=O)O)C=C4C(=C(C5=[N]4[Fe]36[N]7=C(C=C8N6C(=C5)C(=C8C)C=C)C(=C(C7=C2)C)C=C)C)CCC(=O)O,True,False,True,0.953,1.0,False,0,"[""modeling"", ""md_simulation"", ""docking""]",AF-P02185-F1,97.5,0.0,True,pass,,0.030937781604006887,,intro,,"[""AF-P02185-F1: mean pLDDT 97.5, 0.0% low/very-low confidence""]",pass,0.41,0.006499695093370974,-0.403500304906629,intro,,"[""2459 atoms, 50 steps at 2.0 fs completed cleanly, final PE -9931.9 kJ/mol"", ""minimization may not have fully converged: stopped at max_minimization_iterations=50""]",pass,,0.009462508466579795,,intro,,"[""self-dock RMSD 2.34 \u00c5, within 2.5 \u00c5"", ""PLIP interactions: {'hydrogen_bonds': 0, 'hydrophobic_contacts': 3, 'pi_stacking': 0, 'pi_cation': 0, 'salt_bridges': 0, 'halogen_bonds': 0, 'water_bridges': 0}""]","{""simulability_reasons"": [], ""pocket_reasons"": [], ""modeling"": [""AF-P02185-F1: mean pLDDT 97.5, 0.0% low/very-low confidence""], ""md_simulation"": [""2459 atoms, 50 steps at 2.0 fs completed cleanly, final PE -9931.9 kJ/mol"", ""minimization may not have fully converged: stopped at max_minimization_iterations=50""], ""docking"": [""self-dock RMSD 2.34 \u00c5, within 2.5 \u00c5"", ""PLIP interactions: {'hydrogen_bonds': 0, 'hydrophobic_contacts': 3, 'pi_stacking': 0, 'pi_cation': 0, 'salt_bridges': 0, 'halogen_bonds': 0, 'water_bridges': 0}""]}"
2WQ9,P02753,Crystal Structure of RBP4 bound to Oleic Acid,Homo sapiens,174,1707,1.65,X-RAY DIFFRACTION,1,CL,[Cl-],True,True,True,0.914,0.9942528735632183,False,0,"[""modeling"", ""md_simulation"", ""docking""]",AF-P02753-F1,90.25,0.125,True,pass,,1.0,,challenge,,"[""AF-P02753-F1: mean pLDDT 90.2, 12.5% low/very-low confidence""]",pass,0.4152490421455938,0.00967651655334824,-0.4055725255922456,intro,,"[""2742 atoms, 50 steps at 2.0 fs completed cleanly, final PE -18009.1 kJ/mol"", ""minimization may not have fully converged: stopped at max_minimization_iterations=50""]",pass,,0.1467503903666511,,intro,,"[""self-dock RMSD 1.54 \u00c5, within 2.5 \u00c5"", ""PLIP interactions: {'hydrogen_bonds': 2, 'hydrophobic_contacts': 10, 'pi_stacking': 0, 'pi_cation': 0, 'salt_bridges': 2, 'halogen_bonds': 0, 'water_bridges': 0}""]","{""simulability_reasons"": [], ""pocket_reasons"": [], ""modeling"": [""AF-P02753-F1: mean pLDDT 90.2, 12.5% low/very-low confidence""], ""md_simulation"": [""2742 atoms, 50 steps at 2.0 fs completed cleanly, final PE -18009.1 kJ/mol"", ""minimization may not have fully converged: stopped at max_minimization_iterations=50""], ""docking"": [""self-dock RMSD 1.54 \u00c5, within 2.5 \u00c5"", ""PLIP interactions: {'hydrogen_bonds': 2, 'hydrophobic_contacts': 10, 'pi_stacking': 0, 'pi_cation': 0, 'salt_bridges': 2, 'halogen_bonds': 0, 'water_bridges': 0}""]}"
3ERO,P00644,Crystal structure of Staphylococcal nuclease variant Delta+PHS I72E at cryogenic temperature,Staphylococcus aureus,143,1177,1.85,X-RAY DIFFRACTION,1,CA,[Ca+2],True,False,False,0.176,0.9020979020979021,False,0,"[""modeling"", ""md_simulation"", ""docking""]",AF-P00644-F1,82.19,0.239,True,pass,,0.028768520800076657,,intro,,"[""AF-P00644-F1: mean pLDDT 82.2, 23.9% low/very-low confidence""]",pass,0.43818958818958814,0.008512850266667253,-0.4296767379229209,intro,,"[""2094 atoms, 50 steps at 2.0 fs completed cleanly, final PE -10119.5 kJ/mol"", ""minimization may not have fully converged: stopped at max_minimization_iterations=50""]",pass,,0.051268761666665344,,intro,,"[""self-dock RMSD 1.51 \u00c5, within 2.5 \u00c5"", ""PLIP interactions: {'hydrogen_bonds': 6, 'hydrophobic_contacts': 4, 'pi_stacking': 0, 'pi_cation': 0, 'salt_bridges': 3, 'halogen_bonds': 0, 'water_bridges': 0}""]","{""simulability_reasons"": [], ""pocket_reasons"": [""best druggability score 0.176 below threshold 0.5""], ""modeling"": [""AF-P00644-F1: mean pLDDT 82.2, 23.9% low/very-low confidence""], ""md_simulation"": [""2094 atoms, 50 steps at 2.0 fs completed cleanly, final PE -10119.5 kJ/mol"", ""minimization may not have fully converged: stopped at max_minimization_iterations=50""], ""docking"": [""self-dock RMSD 1.51 \u00c5, within 2.5 \u00c5"", ""PLIP interactions: {'hydrogen_bonds': 6, 'hydrophobic_contacts': 4, 'pi_stacking': 0, 'pi_cation': 0, 'salt_bridges': 3, 'halogen_bonds': 0, 'water_bridges': 0}""]}"
1CLL,P0DP23,CALMODULIN STRUCTURE REFINED AT 1.7 ANGSTROMS RESOLUTION,Homo sapiens,148,1278,1.7,X-RAY DIFFRACTION,1,CA,[Ca+2],True,False,True,0.559,0.972972972972973,False,265,"[""modeling"", ""md_simulation""]",AF-P0DP23-F1,85.25,0.09999999999999999,True,pass,,0.030754645200067897,,intro,,"[""AF-P0DP23-F1: mean pLDDT 85.2, 10.0% low/very-low confidence""]",pass,0.4001201201201201,0.009455517243331997,-0.3906646028767881,intro,,"[""2262 atoms, 50 steps at 2.0 fs completed cleanly, final PE 10846.7 kJ/mol"", ""minimization may not have fully converged: stopped at max_minimization_iterations=50""]",fail,,1.0,,challenge,docking_quality,"[""self-dock RMSD 2.59 \u00c5 (2 matched atoms) exceeds threshold 2.5 \u00c5""]","{""simulability_reasons"": [], ""pocket_reasons"": [], ""modeling"": [""AF-P0DP23-F1: mean pLDDT 85.2, 10.0% low/very-low confidence""], ""md_simulation"": [""2262 atoms, 50 steps at 2.0 fs completed cleanly, final PE 10846.7 kJ/mol"", ""minimization may not have fully converged: stopped at max_minimization_iterations=50""], ""docking"": [""self-dock RMSD 2.59 \u00c5 (2 matched atoms) exceeds threshold 2.5 \u00c5""]}"
1PIN,Q13526,PIN1 PEPTIDYL-PROLYL CIS-TRANS ISOMERASE FROM HOMO SAPIENS,Homo sapiens,163,1458,1.35,X-RAY DIFFRACTION,1,1PG,COCCOCCOCCOCCOCCO,True,True,False,0.463,0.9386503067484663,False,107,"[""modeling"", ""md_simulation""]",AF-Q13526-F1,91.62,0.098,True,pass,,0.030462920002173634,,intro,,"[""AF-Q13526-F1: mean pLDDT 91.6, 9.8% low/very-low confidence""]",pass,0.38156100886162236,0.010747327270025076,-0.3708136815915973,intro,,"[""2549 atoms, 50 steps at 2.0 fs completed cleanly, final PE -4025.3 kJ/mol"", ""minimization may not have fully converged: stopped at max_minimization_iterations=50""]",fail,,1.0,,challenge,docking_quality,"[""self-dock RMSD 3.84 \u00c5 (17 matched atoms) exceeds threshold 2.5 \u00c5""]","{""simulability_reasons"": [], ""pocket_reasons"": [""best druggability score 0.463 below threshold 0.5""], ""modeling"": [""AF-Q13526-F1: mean pLDDT 91.6, 9.8% low/very-low confidence""], ""md_simulation"": [""2549 atoms, 50 steps at 2.0 fs completed cleanly, final PE -4025.3 kJ/mol"", ""minimization may not have fully converged: stopped at max_minimization_iterations=50""], ""docking"": [""self-dock RMSD 3.84 \u00c5 (17 matched atoms) exceeds threshold 2.5 \u00c5""]}"
1PTR,P28867,PROTEIN KINASE C DELTA CYS2 DOMAIN COMPLEXED WITH PHORBOL-13-ACETATE,Mus musculus,50,418,2.2,X-RAY DIFFRACTION,1,PRB,CC1C(C2(C(C2(C)C)C3C1(C4C=C(C(=O)C4(CC(=C3)CO)O)C)O)OC(=O)C)O,True,True,False,0.207,1.0,False,59,"[""modeling"", ""md_simulation""]",AF-P28867-F1,80.44,0.20500000000000002,True,pass,,0.03400796440000704,,intro,,"[""AF-P28867-F1: mean pLDDT 80.4, 20.5% low/very-low confidence""]",pass,0.3488888888888889,0.003372025556673179,-0.34551686333221576,intro,,"[""795 atoms, 50 steps at 2.0 fs completed cleanly, final PE -3136.7 kJ/mol"", ""minimization may not have fully converged: stopped at max_minimization_iterations=50""]",fail,,1.0,,challenge,docking_quality,"[""self-dock RMSD 6.11 \u00c5 (29 matched atoms) exceeds threshold 2.5 \u00c5""]","{""simulability_reasons"": [], ""pocket_reasons"": [""best druggability score 0.207 below threshold 0.5""], ""modeling"": [""AF-P28867-F1: mean pLDDT 80.4, 20.5% low/very-low confidence""], ""md_simulation"": [""795 atoms, 50 steps at 2.0 fs completed cleanly, final PE -3136.7 kJ/mol"", ""minimization may not have fully converged: stopped at max_minimization_iterations=50""], ""docking"": [""self-dock RMSD 6.11 \u00c5 (29 matched atoms) exceeds threshold 2.5 \u00c5""]}"
2IC8,P09391,Crystal structure of GlpG,Escherichia coli,182,1674,2.1,X-RAY DIFFRACTION,1,BNG,CCCCCCCCCOC1C(C(C(C(O1)CO)O)O)O,True,True,True,0.817,1.0,False,55,"[""modeling"", ""md_simulation""]",AF-P09391-F1,88.69,0.10200000000000001,True,pass,,0.025361619796603917,,intro,,"[""AF-P09391-F1: mean pLDDT 88.7, 10.2% low/very-low confidence""]",pass,0.4822222222222222,0.008353014546640529,-0.4738692076755817,intro,,"[""2910 atoms, 50 steps at 2.0 fs completed cleanly, final PE -10947.1 kJ/mol"", ""minimization may not have fully converged: stopped at max_minimization_iterations=50""]",fail,,1.0,,challenge,docking_quality,"[""self-dock RMSD 3.33 \u00c5 (21 matched atoms) exceeds threshold 2.5 \u00c5""]","{""simulability_reasons"": [], ""pocket_reasons"": [], ""modeling"": [""AF-P09391-F1: mean pLDDT 88.7, 10.2% low/very-low confidence""], ""md_simulation"": [""2910 atoms, 50 steps at 2.0 fs completed cleanly, final PE -10947.1 kJ/mol"", ""minimization may not have fully converged: stopped at max_minimization_iterations=50""], ""docking"": [""self-dock RMSD 3.33 \u00c5 (21 matched atoms) exceeds threshold 2.5 \u00c5""]}"
1HFC,P03956,1.56 ANGSTROM STRUCTURE OF MATURE TRUNCATED HUMAN FIBROBLAST COLLAGENASE,Homo sapiens,169,1360,1.5,X-RAY DIFFRACTION,1,CA,[Ca+2],True,False,False,0.141,0.9289940828402367,False,52,"[""modeling"", ""md_simulation""]",AF-P03956-F1,91.25,0.10700000000000001,True,pass,,0.027834818399969662,,intro,,"[""AF-P03956-F1: mean pLDDT 91.2, 10.7% low/very-low confidence""]",pass,0.41144641683103217,0.007048303153334624,-0.40439811367769757,intro,,"[""2565 atoms, 50 steps at 2.0 fs completed cleanly, final PE -6260.5 kJ/mol"", ""minimization may not have fully converged: stopped at max_minimization_iterations=50""]",fail,,1.0,,challenge,docking_quality,"[""self-dock RMSD 2.93 \u00c5 (25 matched atoms) exceeds threshold 2.5 \u00c5""]","{""simulability_reasons"": [], ""pocket_reasons"": [""best druggability score 0.141 below threshold 0.5""], ""modeling"": [""AF-P03956-F1: mean pLDDT 91.2, 10.7% low/very-low confidence""], ""md_simulation"": [""2565 atoms, 50 steps at 2.0 fs completed cleanly, final PE -6260.5 kJ/mol"", ""minimization may not have fully converged: stopped at max_minimization_iterations=50""], ""docking"": [""self-dock RMSD 2.93 \u00c5 (25 matched atoms) exceeds threshold 2.5 \u00c5""]}"
2IEN,P03367,Crystal structure analysis of HIV-1 protease with a potent non-peptide inhibitor (UIC-94017),Human immunodeficiency virus 1,198,2009,1.3,X-RAY DIFFRACTION,1,017,CC(C)CN(CC(C(Cc1ccccc1)NC(=O)OC2COC3C2CCO3)O)S(=O)(=O)c4ccc(cc4)N,True,True,False,0.316,1.0,False,52,"[""md_simulation"", ""docking""]",,,,True,fail,,1.0,,challenge,completeness,"[""no AlphaFold DB entry found for UniProt accession P03367""]",pass,0.3933333333333333,0.0069274175801547246,-0.38640591575317856,intro,,"[""3134 atoms, 50 steps at 2.0 fs completed cleanly, final PE -14314.6 kJ/mol"", ""minimization may not have fully converged: stopped at max_minimization_iterations=50""]",pass,,0.15493303223338445,,intro,,"[""self-dock RMSD 0.34 \u00c5, within 2.5 \u00c5"", ""PLIP interactions: {'hydrogen_bonds': 13, 'hydrophobic_contacts': 11, 'pi_stacking': 0, 'pi_cation': 0, 'salt_bridges': 7, 'halogen_bonds': 0, 'water_bridges': 0}""]","{""simulability_reasons"": [], ""pocket_reasons"": [""best druggability score 0.316 below threshold 0.5""], ""modeling"": [""no AlphaFold DB entry found for UniProt accession P03367""], ""md_simulation"": [""3134 atoms, 50 steps at 2.0 fs completed cleanly, final PE -14314.6 kJ/mol"", ""minimization may not have fully converged: stopped at max_minimization_iterations=50""], ""docking"": [""self-dock RMSD 0.34 \u00c5, within 2.5 \u00c5"", ""PLIP interactions: {'hydrogen_bonds': 13, 'hydrophobic_contacts': 11, 'pi_stacking': 0, 'pi_cation': 0, 'salt_bridges': 7, 'halogen_bonds': 0, 'water_bridges': 0}""]}"
1CQQ,P04936,TYPE 2 RHINOVIRUS 3C PROTEASE WITH AG7088 INHIBITOR,rhinovirus A2,180,1654,1.85,X-RAY DIFFRACTION,1,AG7,CCOC(=O)CCC(CC1CCNC1=O)NC(=O)C(Cc2ccc(cc2)F)CC(=O)C(C(C)C)NC(=O)c3cc(on3)C,True,True,False,0.243,1.0,False,43,"[""modeling"", ""md_simulation""]",AF-0000000365832191,73.3,0.1,True,pass,,0.033730481006205085,,intro,,"[""AF-0000000365832191: mean pLDDT 73.3, 10.0% low/very-low confidence""]",pass,0.44666666666666666,0.008124136413486364,-0.4385425302531803,intro,,"[""2805 atoms, 50 steps at 2.0 fs completed cleanly, final PE -15936.1 kJ/mol"", ""minimization may not have fully converged: stopped at max_minimization_iterations=50""]",fail,,1.0,,challenge,docking_quality,"[""self-dock RMSD 7.56 \u00c5 (43 matched atoms) exceeds threshold 2.5 \u00c5""]","{""simulability_reasons"": [], ""pocket_reasons"": [""best druggability score 0.243 below threshold 0.5""], ""modeling"": [""AF-0000000365832191: mean pLDDT 73.3, 10.0% low/very-low confidence""], ""md_simulation"": [""2805 atoms, 50 steps at 2.0 fs completed cleanly, final PE -15936.1 kJ/mol"", ""minimization may not have fully converged: stopped at max_minimization_iterations=50""], ""docking"": [""self-dock RMSD 7.56 \u00c5 (43 matched atoms) exceeds threshold 2.5 \u00c5""]}"
1H6H,Q15080,Structure of the PX domain from p40phox bound to phosphatidylinositol 3-phosphate,Homo sapiens,143,1373,1.7,X-RAY DIFFRACTION,1,GOL,C(C(CO)O)O,True,True,False,0.382,1.0,False,37,"[""modeling"", ""md_simulation""]",AF-Q15080-F1,84.19,0.13899999999999998,True,pass,,0.026596268999855965,,intro,,"[""AF-Q15080-F1: mean pLDDT 84.2, 13.9% low/very-low confidence""]",pass,0.38555555555555554,0.007439649213338271,-0.37811590634221726,intro,,"[""2301 atoms, 50 steps at 2.0 fs completed cleanly, final PE -9588.3 kJ/mol"", ""minimization may not have fully converged: stopped at max_minimization_iterations=50""]",fail,,1.0,,challenge,docking_quality,"[""self-dock RMSD 10.04 \u00c5 (35 matched atoms) exceeds threshold 2.5 \u00c5""]","{""simulability_reasons"": [], ""pocket_reasons"": [""best druggability score 0.382 below threshold 0.5""], ""modeling"": [""AF-Q15080-F1: mean pLDDT 84.2, 13.9% low/very-low confidence""], ""md_simulation"": [""2301 atoms, 50 steps at 2.0 fs completed cleanly, final PE -9588.3 kJ/mol"", ""minimization may not have fully converged: stopped at max_minimization_iterations=50""], ""docking"": [""self-dock RMSD 10.04 \u00c5 (35 matched atoms) exceeds threshold 2.5 \u00c5""]}"
1MUP,P02762,PHEROMONE BINDING TO TWO RODENT URINARY PROTEINS REVEALED BY X-RAY CRYSTALLOGRAPHY,Mus musculus,166,1332,2.4,X-RAY DIFFRACTION,1,CD,[Cd+2],True,False,True,0.595,0.9457831325301205,False,33,"[""modeling"", ""md_simulation""]",AF-P02762-F1,89.31,0.15000000000000002,True,pass,,0.029592912000225624,,intro,,"[""AF-P02762-F1: mean pLDDT 89.3, 15.0% low/very-low confidence""]",pass,0.5225167336010709,0.01279682843000046,-0.5097199051710705,intro,,"[""2625 atoms, 50 steps at 2.0 fs completed cleanly, final PE -7665.1 kJ/mol"", ""minimization may not have fully converged: stopped at max_minimization_iterations=50""]",fail,,1.0,,challenge,docking_quality,"[""self-dock RMSD 4.30 \u00c5 (9 matched atoms) exceeds threshold 2.5 \u00c5""]","{""simulability_reasons"": [], ""pocket_reasons"": [], ""modeling"": [""AF-P02762-F1: mean pLDDT 89.3, 15.0% low/very-low confidence""], ""md_simulation"": [""2625 atoms, 50 steps at 2.0 fs completed cleanly, final PE -7665.1 kJ/mol"", ""minimization may not have fully converged: stopped at max_minimization_iterations=50""], ""docking"": [""self-dock RMSD 4.30 \u00c5 (9 matched atoms) exceeds threshold 2.5 \u00c5""]}"
1IAM,P05362,"STRUCTURE OF THE TWO AMINO-TERMINAL DOMAINS OF HUMAN INTERCELLULAR ADHESION MOLECULE-1, ICAM-1",Homo sapiens,185,1597,2.1,X-RAY DIFFRACTION,1,NAG,CC(=O)NC1C(C(C(OC1O)CO)O)O,True,False,False,0.229,1.0,False,32,"[""modeling"", ""md_simulation""]",AF-P05362-F1,88.44,0.111,True,pass,,0.030100811400006932,,intro,,"[""AF-P05362-F1: mean pLDDT 88.4, 11.1% low/very-low confidence""]",pass,0.4855555555555556,0.009592924010000085,-0.4759626315455555,intro,,"[""2883 atoms, 50 steps at 2.0 fs completed cleanly, final PE -15103.9 kJ/mol"", ""minimization may not have fully converged: stopped at max_minimization_iterations=50""]",fail,,1.0,,challenge,docking_quality,"[""self-dock RMSD 5.31 \u00c5 (14 matched atoms) exceeds threshold 2.5 \u00c5""]","{""simulability_reasons"": [], ""pocket_reasons"": [""best druggability score 0.229 below threshold 0.5""], ""modeling"": [""AF-P05362-F1: mean pLDDT 88.4, 11.1% low/very-low confidence""], ""md_simulation"": [""2883 atoms, 50 steps at 2.0 fs completed cleanly, final PE -15103.9 kJ/mol"", ""minimization may not have fully converged: stopped at max_minimization_iterations=50""], ""docking"": [""self-dock RMSD 5.31 \u00c5 (14 matched atoms) exceeds threshold 2.5 \u00c5""]}"
2FAE,P0A6A8,Crystal structure of E. coli decanoyl-ACP,Escherichia coli,154,1475,1.55,X-RAY DIFFRACTION,1,PM8,CCCCCCCCCC(=O)SCCNC(=O)CCNC(=O)C(C(C)(C)COP(=O)O)O,True,True,True,0.913,1.0,False,27,"[""modeling"", ""md_simulation""]",AF-P0A6A8-F1,90.88,0.038,True,pass,,0.23056313600391148,,intro,,"[""AF-P0A6A8-F1: mean pLDDT 90.9, 3.8% low/very-low confidence""]",pass,0.37777777777777777,0.00649625711007199,-0.37128152066770576,intro,,"[""2342 atoms, 50 steps at 2.0 fs completed cleanly, final PE 17947.0 kJ/mol"", ""minimization may not have fully converged: stopped at max_minimization_iterations=50""]",fail,,1.0,,challenge,docking_quality,"[""self-dock RMSD 5.64 \u00c5 (32 matched atoms) exceeds threshold 2.5 \u00c5""]","{""simulability_reasons"": [], ""pocket_reasons"": [], ""modeling"": [""AF-P0A6A8-F1: mean pLDDT 90.9, 3.8% low/very-low confidence""], ""md_simulation"": [""2342 atoms, 50 steps at 2.0 fs completed cleanly, final PE 17947.0 kJ/mol"", ""minimization may not have fully converged: stopped at max_minimization_iterations=50""], ""docking"": [""self-dock RMSD 5.64 \u00c5 (32 matched atoms) exceeds threshold 2.5 \u00c5""]}"
2HI2,P02974,Crystal structure of native Neisseria gonorrhoeae Type IV pilin at 2.3 Angstroms Resolution,Neisseria gonorrhoeae,158,1455,2.3,X-RAY DIFFRACTION,1,HTO,CCCCC(C(CO)O)O,True,True,False,0.161,1.0,True,26,"[""modeling"", ""md_simulation""]",AF-P02974-F1,92.5,0.018,True,pass,,0.029176812001969664,,intro,,"[""AF-P02974-F1: mean pLDDT 92.5, 1.8% low/very-low confidence""]",pass,0.48222222222222216,0.008166572710033506,-0.47405564951218865,intro,,"[""2421 atoms, 50 steps at 2.0 fs completed cleanly, final PE -11945.0 kJ/mol"", ""minimization may not have fully converged: stopped at max_minimization_iterations=50""]",fail,,1.0,,challenge,docking_quality,"[""self-dock RMSD 5.96 \u00c5 (10 matched atoms) exceeds threshold 2.5 \u00c5""]","{""simulability_reasons"": [], ""pocket_reasons"": [""best druggability score 0.161 below threshold 0.5""], ""modeling"": [""AF-P02974-F1: mean pLDDT 92.5, 1.8% low/very-low confidence""], ""md_simulation"": [""2421 atoms, 50 steps at 2.0 fs completed cleanly, final PE -11945.0 kJ/mol"", ""minimization may not have fully converged: stopped at max_minimization_iterations=50""], ""docking"": [""self-dock RMSD 5.96 \u00c5 (10 matched atoms) exceeds threshold 2.5 \u00c5""]}"
2XOV,P09391,"Crystal Structure of E.coli rhomboid protease GlpG, native enzyme",Escherichia coli BL21(DE3),181,1733,1.65,X-RAY DIFFRACTION,1,BNG,CCCCCCCCCOC1C(C(C(C(O1)CO)O)O)O,True,True,True,0.935,1.0,False,22,"[""modeling"", ""md_simulation""]",AF-P09391-F1,88.69,0.10200000000000001,True,pass,,0.028695808199699968,,intro,,"[""AF-P09391-F1: mean pLDDT 88.7, 10.2% low/very-low confidence""]",pass,0.4211111111111111,0.007563053273285428,-0.41354805783782567,intro,,"[""2900 atoms, 50 steps at 2.0 fs completed cleanly, final PE -9537.4 kJ/mol"", ""minimization may not have fully converged: stopped at max_minimization_iterations=50""]",fail,,1.0,,challenge,docking_quality,"[""self-dock RMSD 2.84 \u00c5 (21 matched atoms) exceeds threshold 2.5 \u00c5""]","{""simulability_reasons"": [], ""pocket_reasons"": [], ""modeling"": [""AF-P09391-F1: mean pLDDT 88.7, 10.2% low/very-low confidence""], ""md_simulation"": [""2900 atoms, 50 steps at 2.0 fs completed cleanly, final PE -9537.4 kJ/mol"", ""minimization may not have fully converged: stopped at max_minimization_iterations=50""], ""docking"": [""self-dock RMSD 2.84 \u00c5 (21 matched atoms) exceeds threshold 2.5 \u00c5""]}"
2B17,P59071,Specific binding of non-steroidal anti-inflammatory drugs (NSAIDs) to phospholipase A2: Crystal structure of the complex formed between phospholipase A2 and diclofenac at 2.7 A resolution:,Daboia russelii pulchella,121,1058,2.71,X-RAY DIFFRACTION,1,DIF,c1ccc(c(c1)CC(=O)O)Nc2c(cccc2Cl)Cl,True,True,True,0.852,1.0,False,21,"[""modeling"", ""md_simulation""]",AF-P59071-F1,97.0,0.0,True,pass,,0.028923123597633094,,intro,,"[""AF-P59071-F1: mean pLDDT 97.0, 0.0% low/very-low confidence""]",pass,0.46777777777777774,0.005925788729994868,-0.46185198904778285,intro,,"[""1851 atoms, 50 steps at 2.0 fs completed cleanly, final PE -7468.4 kJ/mol"", ""minimization may not have fully converged: stopped at max_minimization_iterations=50""]",fail,,1.0,,challenge,docking_quality,"[""self-dock RMSD 3.69 \u00c5 (19 matched atoms) exceeds threshold 2.5 \u00c5""]","{""simulability_reasons"": [], ""pocket_reasons"": [], ""modeling"": [""AF-P59071-F1: mean pLDDT 97.0, 0.0% low/very-low confidence""], ""md_simulation"": [""1851 atoms, 50 steps at 2.0 fs completed cleanly, final PE -7468.4 kJ/mol"", ""minimization may not have fully converged: stopped at max_minimization_iterations=50""], ""docking"": [""self-dock RMSD 3.69 \u00c5 (19 matched atoms) exceeds threshold 2.5 \u00c5""]}"
1LFO,P02692,LIVER FATTY ACID BINDING PROTEIN-OLEATE COMPLEX,Rattus norvegicus,128,1112,2.3,X-RAY DIFFRACTION,1,BEO,CC=CC(=O)O,True,False,True,0.992,1.0,True,18,"[""modeling"", ""md_simulation""]",AF-P02692-F1,91.38,0.008,True,pass,,0.037761793400022725,,intro,,"[""AF-P02692-F1: mean pLDDT 91.4, 0.8% low/very-low confidence""]",pass,0.4488888888888889,0.006309667540093263,-0.4425792213487956,intro,,"[""2022 atoms, 50 steps at 2.0 fs completed cleanly, final PE -8632.9 kJ/mol"", ""minimization may not have fully converged: stopped at max_minimization_iterations=50""]",fail,,1.0,,challenge,docking_quality,"[""self-dock RMSD 3.99 \u00c5 (20 matched atoms) exceeds threshold 2.5 \u00c5""]","{""simulability_reasons"": [], ""pocket_reasons"": [], ""modeling"": [""AF-P02692-F1: mean pLDDT 91.4, 0.8% low/very-low confidence""], ""md_simulation"": [""2022 atoms, 50 steps at 2.0 fs completed cleanly, final PE -8632.9 kJ/mol"", ""minimization may not have fully converged: stopped at max_minimization_iterations=50""], ""docking"": [""self-dock RMSD 3.99 \u00c5 (20 matched atoms) exceeds threshold 2.5 \u00c5""]}"
1K12,Q7SIC1,Fucose Binding lectin,Anguilla anguilla,158,1325,1.9,X-RAY DIFFRACTION,1,CA,[Ca+2],True,False,False,0.028,1.0,False,15,"[""modeling"", ""md_simulation""]",AF-Q7SIC1-F1,97.12,0.006,True,pass,,0.03365410039987182,,intro,,"[""AF-Q7SIC1-F1: mean pLDDT 97.1, 0.6% low/very-low confidence""]",pass,0.4288888888888888,0.007075990226664241,-0.4218128986622246,intro,,"[""2301 atoms, 50 steps at 2.0 fs completed cleanly, final PE -11873.8 kJ/mol"", ""minimization may not have fully converged: stopped at max_minimization_iterations=50""]",fail,,1.0,,challenge,docking_quality,"[""self-dock RMSD 3.33 \u00c5 (11 matched atoms) exceeds threshold 2.5 \u00c5""]","{""simulability_reasons"": [], ""pocket_reasons"": [""best druggability score 0.028 below threshold 0.5""], ""modeling"": [""AF-Q7SIC1-F1: mean pLDDT 97.1, 0.6% low/very-low confidence""], ""md_simulation"": [""2301 atoms, 50 steps at 2.0 fs completed cleanly, final PE -11873.8 kJ/mol"", ""minimization may not have fully converged: stopped at max_minimization_iterations=50""], ""docking"": [""self-dock RMSD 3.33 \u00c5 (11 matched atoms) exceeds threshold 2.5 \u00c5""]}"
1HMR,P05413,1.4 ANGSTROMS STRUCTURAL STUDIES ON HUMAN MUSCLE FATTY ACID BINDING PROTEIN: BINDING INTERACTIONS WITH THREE SATURATED AND UNSATURATED C18 FATTY ACIDS,Homo sapiens,132,1278,1.4,X-RAY DIFFRACTION,1,ELA,CCCCCCCCC=CCCCCCCCC(=O)O,True,True,True,0.872,0.9924242424242424,False,14,"[""modeling"", ""md_simulation""]",AF-P05413-F1,96.19,0.0,True,pass,,0.033541541000158756,,intro,,"[""AF-P05413-F1: mean pLDDT 96.2, 0.0% low/very-low confidence""]",pass,0.33585858585858586,0.006014606246668943,-0.3298439796119169,intro,,"[""2093 atoms, 50 steps at 2.0 fs completed cleanly, final PE -10515.0 kJ/mol"", ""minimization may not have fully converged: stopped at max_minimization_iterations=50""]",fail,,1.0,,challenge,docking_quality,"[""self-dock RMSD 5.06 \u00c5 (20 matched atoms) exceeds threshold 2.5 \u00c5""]","{""simulability_reasons"": [], ""pocket_reasons"": [], ""modeling"": [""AF-P05413-F1: mean pLDDT 96.2, 0.0% low/very-low confidence""], ""md_simulation"": [""2093 atoms, 50 steps at 2.0 fs completed cleanly, final PE -10515.0 kJ/mol"", ""minimization may not have fully converged: stopped at max_minimization_iterations=50""], ""docking"": [""self-dock RMSD 5.06 \u00c5 (20 matched atoms) exceeds threshold 2.5 \u00c5""]}"
1V2X,Q5SM16,TrmH,Thermus thermophilus,194,1757,1.5,X-RAY DIFFRACTION,1,PO4,[O-]P(=O)([O-])[O-],True,False,True,0.636,0.9845360824742269,False,14,"[""modeling"", ""md_simulation""]",AF-Q5SM16-F1,92.56,0.052,True,pass,,0.03058767300026375,,intro,,"[""AF-Q5SM16-F1: mean pLDDT 92.6, 5.2% low/very-low confidence""]",pass,0.4207101947308132,0.018188336780003738,-0.40252185795080947,intro,,"[""3140 atoms, 50 steps at 2.0 fs completed cleanly, final PE -17099.6 kJ/mol"", ""minimization may not have fully converged: stopped at max_minimization_iterations=50""]",fail,,1.0,,challenge,docking_quality,"[""self-dock RMSD 3.59 \u00c5 (27 matched atoms) exceeds threshold 2.5 \u00c5""]","{""simulability_reasons"": [], ""pocket_reasons"": [], ""modeling"": [""AF-Q5SM16-F1: mean pLDDT 92.6, 5.2% low/very-low confidence""], ""md_simulation"": [""3140 atoms, 50 steps at 2.0 fs completed cleanly, final PE -17099.6 kJ/mol"", ""minimization may not have fully converged: stopped at max_minimization_iterations=50""], ""docking"": [""self-dock RMSD 3.59 \u00c5 (27 matched atoms) exceeds threshold 2.5 \u00c5""]}"
2EVE,Q87UR7,X-Ray Crystal Structure of Protein PSPTO5229 from Pseudomonas syringae. Northeast Structural Genomics Consortium Target PsR62,Pseudomonas syringae pv. tomato str. DC3000,157,1430,1.6,X-RAY DIFFRACTION,1,144,C[N+](CO)(CO)CO,True,True,True,0.564,0.9490445859872612,True,14,"[""modeling"", ""md_simulation""]",AF-Q87UR7-F1,97.62,0.0,True,pass,,0.02818724900716916,,intro,,"[""AF-Q87UR7-F1: mean pLDDT 97.6, 0.0% low/very-low confidence""]",pass,0.40476291578202406,0.005732800150096106,-0.399030115631928,intro,,"[""2489 atoms, 50 steps at 2.0 fs completed cleanly, final PE -8161.1 kJ/mol"", ""minimization may not have fully converged: stopped at max_minimization_iterations=50""]",fail,,1.0,,challenge,docking_quality,"[""self-dock RMSD 2.82 \u00c5 (13 matched atoms) exceeds threshold 2.5 \u00c5""]","{""simulability_reasons"": [], ""pocket_reasons"": [], ""modeling"": [""AF-Q87UR7-F1: mean pLDDT 97.6, 0.0% low/very-low confidence""], ""md_simulation"": [""2489 atoms, 50 steps at 2.0 fs completed cleanly, final PE -8161.1 kJ/mol"", ""minimization may not have fully converged: stopped at max_minimization_iterations=50""], ""docking"": [""self-dock RMSD 2.82 \u00c5 (13 matched atoms) exceeds threshold 2.5 \u00c5""]}"
2IIM,P06239,SH3 Domain of Human Lck,Homo sapiens,62,605,1.0,X-RAY DIFFRACTION,1,CA,[Ca+2],True,False,False,0.061,1.0,False,13,"[""modeling"", ""md_simulation""]",AF-P06239-F1,83.62,0.179,True,pass,,0.030316276603844016,,intro,,"[""AF-P06239-F1: mean pLDDT 83.6, 17.9% low/very-low confidence""]",pass,0.20222222222222222,0.004079375803315391,-0.19814284641890684,intro,,"[""951 atoms, 50 steps at 2.0 fs completed cleanly, final PE -2506.1 kJ/mol"", ""minimization may not have fully converged: stopped at max_minimization_iterations=50""]",fail,,1.0,,challenge,docking_quality,"[""self-dock RMSD 6.84 \u00c5 (13 matched atoms) exceeds threshold 2.5 \u00c5""]","{""simulability_reasons"": [], ""pocket_reasons"": [""best druggability score 0.061 below threshold 0.5""], ""modeling"": [""AF-P06239-F1: mean pLDDT 83.6, 17.9% low/very-low confidence""], ""md_simulation"": [""951 atoms, 50 steps at 2.0 fs completed cleanly, final PE -2506.1 kJ/mol"", ""minimization may not have fully converged: stopped at max_minimization_iterations=50""], ""docking"": [""self-dock RMSD 6.84 \u00c5 (13 matched atoms) exceeds threshold 2.5 \u00c5""]}"
2JHO,P02185,Cyanomet Sperm Whale Myoglobin at 1.4A resolution,Physeter macrocephalus,154,1467,1.4,X-RAY DIFFRACTION,1,CYN,[C-]#N,True,False,True,0.95,0.9935064935064936,False,12,"[""modeling"", ""md_simulation""]",AF-P02185-F1,97.5,0.0,True,pass,,0.022645357402507216,,intro,,"[""AF-P02185-F1: mean pLDDT 97.5, 0.0% low/very-low confidence""]",pass,0.3599422799422799,0.004096646976540797,-0.3558456329657391,intro,,"[""2476 atoms, 50 steps at 2.0 fs completed cleanly, final PE -9769.4 kJ/mol"", ""minimization may not have fully converged: stopped at max_minimization_iterations=50""]",fail,,1.0,,challenge,docking_quality,"[""self-dock RMSD 4.15 \u00c5 (2 matched atoms) exceeds threshold 2.5 \u00c5""]","{""simulability_reasons"": [], ""pocket_reasons"": [], ""modeling"": [""AF-P02185-F1: mean pLDDT 97.5, 0.0% low/very-low confidence""], ""md_simulation"": [""2476 atoms, 50 steps at 2.0 fs completed cleanly, final PE -9769.4 kJ/mol"", ""minimization may not have fully converged: stopped at max_minimization_iterations=50""], ""docking"": [""self-dock RMSD 4.15 \u00c5 (2 matched atoms) exceeds threshold 2.5 \u00c5""]}"
3F17,P39900,Crystal structure of the catalytic domain of human MMP12 complexed with the inhibitor N-(2-nitroso-2-oxoethyl)biphenyl-4-sulfonamide,Homo sapiens,158,1516,1.1,X-RAY DIFFRACTION,1,CA,[Ca+2],True,False,True,0.659,1.0,False,11,"[""modeling"", ""md_simulation""]",AF-P39900-F1,86.94,0.136,True,pass,,0.027284622204024344,,intro,,"[""AF-P39900-F1: mean pLDDT 86.9, 13.6% low/very-low confidence""]",pass,0.3222222222222222,0.007253611600026489,-0.3149686106221957,intro,,"[""2408 atoms, 50 steps at 2.0 fs completed cleanly, final PE -7707.9 kJ/mol"", ""minimization may not have fully converged: stopped at max_minimization_iterations=50""]",fail,,1.0,,challenge,docking_quality,"[""self-dock RMSD 3.66 \u00c5 (21 matched atoms) exceeds threshold 2.5 \u00c5""]","{""simulability_reasons"": [], ""pocket_reasons"": [], ""modeling"": [""AF-P39900-F1: mean pLDDT 86.9, 13.6% low/very-low confidence""], ""md_simulation"": [""2408 atoms, 50 steps at 2.0 fs completed cleanly, final PE -7707.9 kJ/mol"", ""minimization may not have fully converged: stopped at max_minimization_iterations=50""], ""docking"": [""self-dock RMSD 3.66 \u00c5 (21 matched atoms) exceeds threshold 2.5 \u00c5""]}"
1Z22,P35288,GDP-Bound Rab23 GTPase crystallized in C222(1) space group,Mus musculus,168,1468,2.06,X-RAY DIFFRACTION,1,GDP,c1nc2c(n1C3C(C(C(O3)COP(=O)(O)OP(=O)(O)O)O)O)N=C(NC2=O)N,True,True,True,0.913,0.9761904761904762,False,10,"[""md_simulation"", ""docking""]",AF-P35288-F1,78.88,0.304,True,fail,,1.0,,challenge,confidence,"[""30.4% of AF-P35288-F1 is low/very-low pLDDT, exceeds threshold 30.0%""]",pass,0.4692698412698413,0.00541689359000884,-0.46385294767983243,intro,,"[""2689 atoms, 50 steps at 2.0 fs completed cleanly, final PE -13620.0 kJ/mol"", ""minimization may not have fully converged: stopped at max_minimization_iterations=50""]",pass,,0.17298460399179022,,intro,,"[""self-dock RMSD 1.78 \u00c5, within 2.5 \u00c5"", ""PLIP interactions: {'hydrogen_bonds': 9, 'hydrophobic_contacts': 0, 'pi_stacking': 0, 'pi_cation': 0, 'salt_bridges': 2, 'halogen_bonds': 0, 'water_bridges': 0}""]","{""simulability_reasons"": [], ""pocket_reasons"": [], ""modeling"": [""30.4% of AF-P35288-F1 is low/very-low pLDDT, exceeds threshold 30.0%""], ""md_simulation"": [""2689 atoms, 50 steps at 2.0 fs completed cleanly, final PE -13620.0 kJ/mol"", ""minimization may not have fully converged: stopped at max_minimization_iterations=50""], ""docking"": [""self-dock RMSD 1.78 \u00c5, within 2.5 \u00c5"", ""PLIP interactions: {'hydrogen_bonds': 9, 'hydrophobic_contacts': 0, 'pi_stacking': 0, 'pi_cation': 0, 'salt_bridges': 2, 'halogen_bonds': 0, 'water_bridges': 0}""]}"
1XBI,P54066,High resolution structure of Methanocaldococcus jannaschii L7AE,Methanocaldococcus jannaschii,120,1146,1.45,X-RAY DIFFRACTION,1,EPE,C1CN(CCN1CCO)CCS(=O)(=O)O,True,False,True,0.597,0.9833333333333333,False,9,"[""modeling"", ""md_simulation""]",AF-P54066-F1,95.88,0.009,True,pass,,0.040811178799776825,,intro,,"[""AF-P54066-F1: mean pLDDT 95.9, 0.9% low/very-low confidence""]",pass,0.3322222222222222,0.005246316640004807,-0.3269759055822174,intro,,"[""1860 atoms, 50 steps at 2.0 fs completed cleanly, final PE -6055.8 kJ/mol"", ""minimization may not have fully converged: stopped at max_minimization_iterations=50""]",fail,,1.0,,challenge,docking_quality,"[""self-dock RMSD 8.15 \u00c5 (15 matched atoms) exceeds threshold 2.5 \u00c5""]","{""simulability_reasons"": [], ""pocket_reasons"": [], ""modeling"": [""AF-P54066-F1: mean pLDDT 95.9, 0.9% low/very-low confidence""], ""md_simulation"": [""1860 atoms, 50 steps at 2.0 fs completed cleanly, final PE -6055.8 kJ/mol"", ""minimization may not have fully converged: stopped at max_minimization_iterations=50""], ""docking"": [""self-dock RMSD 8.15 \u00c5 (15 matched atoms) exceeds threshold 2.5 \u00c5""]}"
2EU7,Q26241,Crystal structure of D1A mutant of nitrophorin 2 complexed with ammonia,Rhodnius prolixus,179,1706,1.2,X-RAY DIFFRACTION,1,HEM,Cc1c2n3c(c1CCC(=O)O)C=C4C(=C(C5=[N]4[Fe]36[N]7=C(C=C8N6C(=C5)C(=C8C)C=C)C(=C(C7=C2)C)C=C)C)CCC(=O)O,True,False,True,0.978,1.0,False,9,"[""modeling"", ""md_simulation""]",AF-Q26241-F1,89.0,0.139,True,pass,,0.027563856000779197,,intro,,"[""AF-Q26241-F1: mean pLDDT 89.0, 13.9% low/very-low confidence""]",pass,0.35888888888888887,0.018347766280009333,-0.34054112260887953,intro,,"[""2767 atoms, 50 steps at 2.0 fs completed cleanly, final PE -13165.5 kJ/mol"", ""minimization may not have fully converged: stopped at max_minimization_iterations=50""]",fail,,1.0,,challenge,docking_quality,"[""self-dock RMSD 4.44 \u00c5 (1 matched atoms) exceeds threshold 2.5 \u00c5""]","{""simulability_reasons"": [], ""pocket_reasons"": [], ""modeling"": [""AF-Q26241-F1: mean pLDDT 89.0, 13.9% low/very-low confidence""], ""md_simulation"": [""2767 atoms, 50 steps at 2.0 fs completed cleanly, final PE -13165.5 kJ/mol"", ""minimization may not have fully converged: stopped at max_minimization_iterations=50""], ""docking"": [""self-dock RMSD 4.44 \u00c5 (1 matched atoms) exceeds threshold 2.5 \u00c5""]}"
3GK1,P02638,"X-ray structure of bovine SBi132,Ca(2+)-S100B",Bos taurus,92,773,2.1,X-RAY DIFFRACTION,1,32A,CCCCC#Cc1ccc(o1)C(=O)NNC(=S)NC,True,True,True,0.916,0.9565217391304348,False,9,"[""modeling"", ""md_simulation""]",AF-P02638-F1,91.88,0.022,True,pass,,0.028825359999609647,,intro,,"[""AF-P02638-F1: mean pLDDT 91.9, 2.2% low/very-low confidence""]",pass,0.39671497584541066,0.004140456796667422,-0.39257451904874324,intro,,"[""1457 atoms, 50 steps at 2.0 fs completed cleanly, final PE 2756.0 kJ/mol"", ""minimization may not have fully converged: stopped at max_minimization_iterations=50""]",fail,,1.0,,challenge,docking_quality,"[""self-dock RMSD 5.52 \u00c5 exceeds threshold 2.5 \u00c5""]","{""simulability_reasons"": [], ""pocket_reasons"": [], ""modeling"": [""AF-P02638-F1: mean pLDDT 91.9, 2.2% low/very-low confidence""], ""md_simulation"": [""1457 atoms, 50 steps at 2.0 fs completed cleanly, final PE 2756.0 kJ/mol"", ""minimization may not have fully converged: stopped at max_minimization_iterations=50""], ""docking"": [""self-dock RMSD 5.52 \u00c5 exceeds threshold 2.5 \u00c5""]}"
1F2Q,P12319,CRYSTAL STRUCTURE OF THE HUMAN HIGH-AFFINITY IGE RECEPTOR,Homo sapiens,176,1536,2.4,X-RAY DIFFRACTION,1,NAG,CC(=O)NC1C(C(C(OC1O)CO)O)O,True,False,False,0.177,0.9488636363636364,False,8,"[""modeling"", ""md_simulation""]",AF-P12319-F1,84.38,0.22899999999999998,True,pass,,0.027248275396414102,,intro,,"[""AF-P12319-F1: mean pLDDT 84.4, 22.9% low/very-low confidence""]",pass,0.53260101010101,0.006576629436652486,-0.5260243806643575,intro,,"[""2811 atoms, 50 steps at 2.0 fs completed cleanly, final PE -7962.5 kJ/mol"", ""minimization may not have fully converged: stopped at max_minimization_iterations=50""]",fail,,1.0,,challenge,docking_quality,"[""self-dock RMSD 6.48 \u00c5 (14 matched atoms) exceeds threshold 2.5 \u00c5""]","{""simulability_reasons"": [], ""pocket_reasons"": [""best druggability score 0.177 below threshold 0.5""], ""modeling"": [""AF-P12319-F1: mean pLDDT 84.4, 22.9% low/very-low confidence""], ""md_simulation"": [""2811 atoms, 50 steps at 2.0 fs completed cleanly, final PE -7962.5 kJ/mol"", ""minimization may not have fully converged: stopped at max_minimization_iterations=50""], ""docking"": [""self-dock RMSD 6.48 \u00c5 (14 matched atoms) exceeds threshold 2.5 \u00c5""]}"
1HJT,P02185,"SPERM WHALE MYOGLOBIN (FERROUS, NITRIC OXIDE BOUND)",Physeter macrocephalus,153,1373,1.7,X-RAY DIFFRACTION,1,HEM,Cc1c2n3c(c1CCC(=O)O)C=C4C(=C(C5=[N]4[Fe]36[N]7=C(C=C8N6C(=C5)C(=C8C)C=C)C(=C(C7=C2)C)C=C)C)CCC(=O)O,True,False,True,0.95,1.0,False,8,"[""modeling"", ""md_simulation""]",AF-P02185-F1,97.5,0.0,True,pass,,0.025111275201197714,,intro,,"[""AF-P02185-F1: mean pLDDT 97.5, 0.0% low/very-low confidence""]",pass,0.3966666666666666,0.004290579513375027,-0.3923760871532916,intro,,"[""2459 atoms, 50 steps at 2.0 fs completed cleanly, final PE -11038.9 kJ/mol"", ""minimization may not have fully converged: stopped at max_minimization_iterations=50""]",fail,,1.0,,challenge,docking_quality,"[""self-dock RMSD 4.51 \u00c5 (2 matched atoms) exceeds threshold 2.5 \u00c5""]","{""simulability_reasons"": [], ""pocket_reasons"": [], ""modeling"": [""AF-P02185-F1: mean pLDDT 97.5, 0.0% low/very-low confidence""], ""md_simulation"": [""2459 atoms, 50 steps at 2.0 fs completed cleanly, final PE -11038.9 kJ/mol"", ""minimization may not have fully converged: stopped at max_minimization_iterations=50""], ""docking"": [""self-dock RMSD 4.51 \u00c5 (2 matched atoms) exceeds threshold 2.5 \u00c5""]}"
1ICM,P02693,ESCHERICHIA COLI-DERIVED RAT INTESTINAL FATTY ACID BINDING PROTEIN WITH BOUND MYRISTATE AT 1.5 A RESOLUTION AND I-FABPARG106-->GLN WITH BOUND OLEATE AT 1.74 A RESOLUTION,Rattus norvegicus,131,1203,1.5,X-RAY DIFFRACTION,1,MYR,CCCCCCCCCCCCCC(=O)O,True,True,True,0.988,1.0,False,8,"[""modeling"", ""md_simulation""]",AF-P02693-F1,91.56,0.008,True,pass,,0.030578457799856552,,intro,,"[""AF-P02693-F1: mean pLDDT 91.6, 0.8% low/very-low confidence""]",pass,0.3455555555555555,0.0065470559933358645,-0.3390084995622196,intro,,"[""2113 atoms, 50 steps at 2.0 fs completed cleanly, final PE -13422.2 kJ/mol"", ""minimization may not have fully converged: stopped at max_minimization_iterations=50""]",fail,,1.0,,challenge,docking_quality,"[""self-dock RMSD 2.88 \u00c5 (16 matched atoms) exceeds threshold 2.5 \u00c5""]","{""simulability_reasons"": [], ""pocket_reasons"": [], ""modeling"": [""AF-P02693-F1: mean pLDDT 91.6, 0.8% low/very-low confidence""], ""md_simulation"": [""2113 atoms, 50 steps at 2.0 fs completed cleanly, final PE -13422.2 kJ/mol"", ""minimization may not have fully converged: stopped at max_minimization_iterations=50""], ""docking"": [""self-dock RMSD 2.88 \u00c5 (16 matched atoms) exceeds threshold 2.5 \u00c5""]}"
1LHT,P56208,LOGGERHEAD SEA TURTLE MYOGLOBIN (CYANO-MET),Caretta caretta,153,1261,2.0,X-RAY DIFFRACTION,1,CYN,[C-]#N,True,False,True,0.914,1.0,False,8,"[""modeling"", ""md_simulation""]",AF-P56208-F1,96.5,0.0,True,pass,,0.029048204992432148,,intro,,"[""AF-P56208-F1: mean pLDDT 96.5, 0.0% low/very-low confidence""]",pass,0.43666666666666665,0.007420250653328063,-0.42924641601333857,intro,,"[""2469 atoms, 50 steps at 2.0 fs completed cleanly, final PE -10582.7 kJ/mol"", ""minimization may not have fully converged: stopped at max_minimization_iterations=50""]",fail,,1.0,,challenge,docking_quality,"[""self-dock RMSD 3.66 \u00c5 (2 matched atoms) exceeds threshold 2.5 \u00c5""]","{""simulability_reasons"": [], ""pocket_reasons"": [], ""modeling"": [""AF-P56208-F1: mean pLDDT 96.5, 0.0% low/very-low confidence""], ""md_simulation"": [""2469 atoms, 50 steps at 2.0 fs completed cleanly, final PE -10582.7 kJ/mol"", ""minimization may not have fully converged: stopped at max_minimization_iterations=50""], ""docking"": [""self-dock RMSD 3.66 \u00c5 (2 matched atoms) exceeds threshold 2.5 \u00c5""]}"
1LIF,P04117,THE ADIPOCYTE LIPID-BINDING PROTEIN AT 1.6 ANGSTROMS RESOLUTION: CRYSTAL STRUCTURES OF THE APOPROTEIN AND WITH BOUND SATURATED AND UNSATURATED FATTY ACIDS,Mus musculus,131,1134,1.6,X-RAY DIFFRACTION,1,STE,CCCCCCCCCCCCCCCCCC(=O)O,True,True,False,0.478,1.0,False,8,"[""modeling"", ""md_simulation""]",AF-P04117-F1,96.25,0.0,True,pass,,0.029626633600855712,,intro,,"[""AF-P04117-F1: mean pLDDT 96.2, 0.0% low/very-low confidence""]",pass,0.35888888888888887,0.009994438180001453,-0.3488944507088874,intro,,"[""2057 atoms, 50 steps at 2.0 fs completed cleanly, final PE -10990.1 kJ/mol"", ""minimization may not have fully converged: stopped at max_minimization_iterations=50""]",fail,,1.0,,challenge,docking_quality,"[""self-dock RMSD 7.66 \u00c5 exceeds threshold 2.5 \u00c5""]","{""simulability_reasons"": [], ""pocket_reasons"": [""best druggability score 0.478 below threshold 0.5""], ""modeling"": [""AF-P04117-F1: mean pLDDT 96.2, 0.0% low/very-low confidence""], ""md_simulation"": [""2057 atoms, 50 steps at 2.0 fs completed cleanly, final PE -10990.1 kJ/mol"", ""minimization may not have fully converged: stopped at max_minimization_iterations=50""], ""docking"": [""self-dock RMSD 7.66 \u00c5 exceeds threshold 2.5 \u00c5""]}"
1P4M,Q969G6,CRYSTAL STRUCTURE OF RIBOFLAVIN KINASE,Homo sapiens,147,1353,1.8,X-RAY DIFFRACTION,1,ADP,c1nc(c2c(n1)n(cn2)C3C(C(C(O3)COP(=O)(O)OP(=O)(O)O)O)O)N,True,False,True,0.502,1.0,False,8,"[""modeling"", ""md_simulation""]",AF-Q969G6-F1,90.62,0.09,True,pass,,0.027789997996296733,,intro,,"[""AF-Q969G6-F1: mean pLDDT 90.6, 9.0% low/very-low confidence""]",pass,0.4033333333333333,0.006745328823259721,-0.3965880045100736,intro,,"[""2353 atoms, 50 steps at 2.0 fs completed cleanly, final PE -10810.3 kJ/mol"", ""minimization may not have fully converged: stopped at max_minimization_iterations=50""]",fail,,1.0,,challenge,docking_quality,"[""self-dock RMSD 2.67 \u00c5 (27 matched atoms) exceeds threshold 2.5 \u00c5""]","{""simulability_reasons"": [], ""pocket_reasons"": [], ""modeling"": [""AF-Q969G6-F1: mean pLDDT 90.6, 9.0% low/very-low confidence""], ""md_simulation"": [""2353 atoms, 50 steps at 2.0 fs completed cleanly, final PE -10810.3 kJ/mol"", ""minimization may not have fully converged: stopped at max_minimization_iterations=50""], ""docking"": [""self-dock RMSD 2.67 \u00c5 (27 matched atoms) exceeds threshold 2.5 \u00c5""]}"
1I9D,P08692,ARSENATE REDUCTASE FROM E. COLI,Escherichia coli,141,1539,1.65,X-RAY DIFFRACTION,1,CS,[Cs+],True,False,True,0.743,0.9787234042553191,False,7,"[""modeling"", ""md_simulation""]",AF-P08692-F1,96.88,0.007,True,pass,,0.031424661190249024,,intro,,"[""AF-P08692-F1: mean pLDDT 96.9, 0.7% low/very-low confidence""]",pass,0.3837588652482269,0.011239798970054836,-0.37251906627817205,intro,,"[""2249 atoms, 50 steps at 2.0 fs completed cleanly, final PE -11353.3 kJ/mol"", ""minimization may not have fully converged: stopped at max_minimization_iterations=50""]",fail,,1.0,,challenge,docking_quality,"[""self-dock RMSD 3.73 \u00c5 (4 matched atoms) exceeds threshold 2.5 \u00c5""]","{""simulability_reasons"": [], ""pocket_reasons"": [], ""modeling"": [""AF-P08692-F1: mean pLDDT 96.9, 0.7% low/very-low confidence""], ""md_simulation"": [""2249 atoms, 50 steps at 2.0 fs completed cleanly, final PE -11353.3 kJ/mol"", ""minimization may not have fully converged: stopped at max_minimization_iterations=50""], ""docking"": [""self-dock RMSD 3.73 \u00c5 (4 matched atoms) exceeds threshold 2.5 \u00c5""]}"
1NL2,P00735,BOVINE PROTHROMBIN FRAGMENT 1 IN COMPLEX WITH CALCIUM AND LYSOPHOSPHOTIDYLSERINE,Bos taurus,146,1323,2.3,X-RAY DIFFRACTION,1,CA,[Ca+2],True,False,False,0.438,1.0,True,7,"[""modeling"", ""md_simulation""]",AF-P00735-F1,83.56,0.20700000000000002,True,pass,,0.028468236800017623,,intro,,"[""AF-P00735-F1: mean pLDDT 83.6, 20.7% low/very-low confidence""]",pass,0.46888888888888886,0.008722740773332589,-0.4601661481155563,intro,,"[""2215 atoms, 50 steps at 2.0 fs completed cleanly, final PE -13199.3 kJ/mol"", ""minimization may not have fully converged: stopped at max_minimization_iterations=50""]",fail,,1.0,,challenge,docking_quality,"[""self-dock RMSD 3.92 \u00c5 (32 matched atoms) exceeds threshold 2.5 \u00c5""]","{""simulability_reasons"": [], ""pocket_reasons"": [""best druggability score 0.438 below threshold 0.5""], ""modeling"": [""AF-P00735-F1: mean pLDDT 83.6, 20.7% low/very-low confidence""], ""md_simulation"": [""2215 atoms, 50 steps at 2.0 fs completed cleanly, final PE -13199.3 kJ/mol"", ""minimization may not have fully converged: stopped at max_minimization_iterations=50""], ""docking"": [""self-dock RMSD 3.92 \u00c5 (32 matched atoms) exceeds threshold 2.5 \u00c5""]}"
1RAO,P26281,CRYSTAL STRUCTURE OF A TERNARY COMPLEX OF E. COLI HPPK WITH AMP AND 6-HYDROXYMETHYLPTERIN-DIPHOSPHATE AT 1.56 ANGSTROM RESOLUTION,Escherichia coli,158,1595,1.56,X-RAY DIFFRACTION,1,AMP,c1nc(c2c(n1)n(cn2)C3C(C(C(O3)COP(=O)(O)O)O)O)N,True,True,False,0.48,1.0,False,7,"[""modeling"", ""md_simulation""]",AF-P26281-F1,95.62,0.0,True,pass,,0.02955836459996135,,intro,,"[""AF-P26281-F1: mean pLDDT 95.6, 0.0% low/very-low confidence""]",pass,0.38355555555555554,0.006490331193332774,-0.3770652243622228,intro,,"[""2535 atoms, 50 steps at 2.0 fs completed cleanly, final PE -14594.1 kJ/mol"", ""minimization may not have fully converged: stopped at max_minimization_iterations=50""]",fail,,1.0,,challenge,docking_quality,"[""self-dock RMSD 6.75 \u00c5 (23 matched atoms) exceeds threshold 2.5 \u00c5""]","{""simulability_reasons"": [], ""pocket_reasons"": [""best druggability score 0.48 below threshold 0.5""], ""modeling"": [""AF-P26281-F1: mean pLDDT 95.6, 0.0% low/very-low confidence""], ""md_simulation"": [""2535 atoms, 50 steps at 2.0 fs completed cleanly, final PE -14594.1 kJ/mol"", ""minimization may not have fully converged: stopped at max_minimization_iterations=50""], ""docking"": [""self-dock RMSD 6.75 \u00c5 (23 matched atoms) exceeds threshold 2.5 \u00c5""]}"
1RGA,P00651,CRYSTAL STRUCTURE OF RNASE T1 WITH 3'-GMP AND GUANOSINE: A PRODUCT COMPLEX,Aspergillus oryzae,104,979,1.7,X-RAY DIFFRACTION,1,3GP,c1nc2c(n1C3C(C(C(O3)CO)OP(=O)(O)O)O)N=C(NC2=O)N,True,True,False,0.469,1.0,False,7,"[""modeling"", ""md_simulation""]",AF-P00651-F1,91.62,0.115,True,pass,,0.028338090599572752,,intro,,"[""AF-P00651-F1: mean pLDDT 91.6, 11.5% low/very-low confidence""]",pass,0.3422222222222222,0.007211009486666929,-0.3350112127355553,intro,,"[""1459 atoms, 50 steps at 2.0 fs completed cleanly, final PE -3308.8 kJ/mol"", ""minimization may not have fully converged: stopped at max_minimization_iterations=50""]",fail,,1.0,,challenge,docking_quality,"[""self-dock RMSD 7.01 \u00c5 (24 matched atoms) exceeds threshold 2.5 \u00c5""]","{""simulability_reasons"": [], ""pocket_reasons"": [""best druggability score 0.469 below threshold 0.5""], ""modeling"": [""AF-P00651-F1: mean pLDDT 91.6, 11.5% low/very-low confidence""], ""md_simulation"": [""1459 atoms, 50 steps at 2.0 fs completed cleanly, final PE -3308.8 kJ/mol"", ""minimization may not have fully converged: stopped at max_minimization_iterations=50""], ""docking"": [""self-dock RMSD 7.01 \u00c5 (24 matched atoms) exceeds threshold 2.5 \u00c5""]}"
2HS2,P03366,Crystal structure of M46L mutant of HIV-1 protease complexed with TMC114 (darunavir),Human immunodeficiency virus 1,198,1933,1.22,X-RAY DIFFRACTION,1,017,CC(C)CN(CC(C(Cc1ccccc1)NC(=O)OC2COC3C2CCO3)O)S(=O)(=O)c4ccc(cc4)N,True,True,False,0.099,1.0,False,7,"[""md_simulation"", ""docking""]",,,,True,fail,,1.0,,challenge,completeness,"[""no AlphaFold DB entry found for UniProt accession P03366""]",pass,0.38266666666666665,0.012641117043325115,-0.37002554962334155,intro,,"[""3138 atoms, 50 steps at 2.0 fs completed cleanly, final PE -13093.0 kJ/mol"", ""minimization may not have fully converged: stopped at max_minimization_iterations=50""]",pass,,0.15043262586647568,,intro,,"[""self-dock RMSD 0.53 \u00c5, within 2.5 \u00c5"", ""PLIP interactions: {'hydrogen_bonds': 10, 'hydrophobic_contacts': 16, 'pi_stacking': 0, 'pi_cation': 0, 'salt_bridges': 4, 'halogen_bonds': 0, 'water_bridges': 0}""]","{""simulability_reasons"": [], ""pocket_reasons"": [""best druggability score 0.099 below threshold 0.5""], ""modeling"": [""no AlphaFold DB entry found for UniProt accession P03366""], ""md_simulation"": [""3138 atoms, 50 steps at 2.0 fs completed cleanly, final PE -13093.0 kJ/mol"", ""minimization may not have fully converged: stopped at max_minimization_iterations=50""], ""docking"": [""self-dock RMSD 0.53 \u00c5, within 2.5 \u00c5"", ""PLIP interactions: {'hydrogen_bonds': 10, 'hydrophobic_contacts': 16, 'pi_stacking': 0, 'pi_cation': 0, 'salt_bridges': 4, 'halogen_bonds': 0, 'water_bridges': 0}""]}"
3BYB,Q90WA1,"Crystal structure of Textilinin-1, a Kunitz-type serine protease inhibitor from the Australian Common Brown snake venom",Pseudonaja textilis textilis,177,1629,1.63,X-RAY DIFFRACTION,1,ETX,CCOCCO,True,True,True,0.894,0.9830508474576272,False,7,"[""modeling"", ""md_simulation""]",AF-Q90WA1-F1,89.88,0.072,True,pass,,0.03220121420454234,,intro,,"[""AF-Q90WA1-F1: mean pLDDT 89.9, 7.2% low/very-low confidence""]",pass,0.4196497175141242,0.008011730716680177,-0.41163798679744407,intro,,"[""2667 atoms, 50 steps at 2.0 fs completed cleanly, final PE -8740.9 kJ/mol"", ""minimization may not have fully converged: stopped at max_minimization_iterations=50""]",fail,,1.0,,challenge,docking_quality,"[""self-dock RMSD 6.15 \u00c5 (6 matched atoms) exceeds threshold 2.5 \u00c5""]","{""simulability_reasons"": [], ""pocket_reasons"": [], ""modeling"": [""AF-Q90WA1-F1: mean pLDDT 89.9, 7.2% low/very-low confidence""], ""md_simulation"": [""2667 atoms, 50 steps at 2.0 fs completed cleanly, final PE -8740.9 kJ/mol"", ""minimization may not have fully converged: stopped at max_minimization_iterations=50""], ""docking"": [""self-dock RMSD 6.15 \u00c5 (6 matched atoms) exceeds threshold 2.5 \u00c5""]}"
1MEU,P03366,"HIV-1 MUTANT (V82F, I84V) PROTEASE COMPLEXED WITH DMP323",Human immunodeficiency virus 1,198,1562,1.9,X-RAY DIFFRACTION,1,DMP,c1ccc(cc1)CC2C(C(C(N(C(=O)N2Cc3ccc(cc3)CO)Cc4ccc(cc4)CO)Cc5ccccc5)O)O,True,True,False,0.044,1.0,False,6,"[""md_simulation"", ""docking""]",,,,True,fail,,1.0,,challenge,completeness,"[""no AlphaFold DB entry found for UniProt accession P03366""]",pass,0.4733333333333333,0.008782462413461568,-0.4645508709198717,intro,,"[""3124 atoms, 50 steps at 2.0 fs completed cleanly, final PE -15141.6 kJ/mol"", ""minimization may not have fully converged: stopped at max_minimization_iterations=50""]",pass,,0.35234071645827497,,core,,"[""self-dock RMSD 0.92 \u00c5, within 2.5 \u00c5"", ""PLIP interactions: {'hydrogen_bonds': 9, 'hydrophobic_contacts': 14, 'pi_stacking': 0, 'pi_cation': 0, 'salt_bridges': 0, 'halogen_bonds': 0, 'water_bridges': 0}""]","{""simulability_reasons"": [], ""pocket_reasons"": [""best druggability score 0.044 below threshold 0.5""], ""modeling"": [""no AlphaFold DB entry found for UniProt accession P03366""], ""md_simulation"": [""3124 atoms, 50 steps at 2.0 fs completed cleanly, final PE -15141.6 kJ/mol"", ""minimization may not have fully converged: stopped at max_minimization_iterations=50""], ""docking"": [""self-dock RMSD 0.92 \u00c5, within 2.5 \u00c5"", ""PLIP interactions: {'hydrogen_bonds': 9, 'hydrophobic_contacts': 14, 'pi_stacking': 0, 'pi_cation': 0, 'salt_bridges': 0, 'halogen_bonds': 0, 'water_bridges': 0}""]}"
1Q1Y,P68826,Crystal Structures of Peptide Deformylase from Staphylococcus aureus Complexed with Actinonin,Staphylococcus aureus,191,1749,1.9,X-RAY DIFFRACTION,1,BB2,CCCCCC(CC(=O)NO)C(=O)NC(C(C)C)C(=O)N1CCCC1CO,True,True,False,0.425,0.9738219895287958,True,6,"[""modeling"", ""md_simulation""]",AF-P68826-F1,97.5,0.0,True,pass,,0.031372654400183816,,intro,,"[""AF-P68826-F1: mean pLDDT 97.5, 0.0% low/very-low confidence""]",pass,0.4742815590459569,0.01467339309999564,-0.45960816594596127,intro,,"[""3033 atoms, 50 steps at 2.0 fs completed cleanly, final PE -11942.2 kJ/mol"", ""minimization may not have fully converged: stopped at max_minimization_iterations=50""]",fail,,1.0,,challenge,docking_quality,"[""self-dock RMSD 5.36 \u00c5 (27 matched atoms) exceeds threshold 2.5 \u00c5""]","{""simulability_reasons"": [], ""pocket_reasons"": [""best druggability score 0.425 below threshold 0.5""], ""modeling"": [""AF-P68826-F1: mean pLDDT 97.5, 0.0% low/very-low confidence""], ""md_simulation"": [""3033 atoms, 50 steps at 2.0 fs completed cleanly, final PE -11942.2 kJ/mol"", ""minimization may not have fully converged: stopped at max_minimization_iterations=50""], ""docking"": [""self-dock RMSD 5.36 \u00c5 (27 matched atoms) exceeds threshold 2.5 \u00c5""]}"
1ZNK,P11589,Strong Solute-Solute Dispersive Interactions in a Protein-Ligand Complex,Mus musculus,174,1554,1.6,X-RAY DIFFRACTION,1,CD,[Cd+2],True,False,True,0.845,0.9022988505747126,False,6,"[""modeling"", ""md_simulation""]",AF-P11589-F1,91.5,0.10500000000000001,True,pass,,0.034979863799526355,,intro,,"[""AF-P11589-F1: mean pLDDT 91.5, 10.5% low/very-low confidence""]",pass,0.43923371647509574,0.012124513583330554,-0.4271092028917652,intro,,"[""2758 atoms, 50 steps at 2.0 fs completed cleanly, final PE -6469.7 kJ/mol"", ""minimization may not have fully converged: stopped at max_minimization_iterations=50""]",fail,,1.0,,challenge,docking_quality,"[""self-dock RMSD 2.65 \u00c5 exceeds threshold 2.5 \u00c5""]","{""simulability_reasons"": [], ""pocket_reasons"": [], ""modeling"": [""AF-P11589-F1: mean pLDDT 91.5, 10.5% low/very-low confidence""], ""md_simulation"": [""2758 atoms, 50 steps at 2.0 fs completed cleanly, final PE -6469.7 kJ/mol"", ""minimization may not have fully converged: stopped at max_minimization_iterations=50""], ""docking"": [""self-dock RMSD 2.65 \u00c5 exceeds threshold 2.5 \u00c5""]}"
3CYX,P04587,Crystal structure of HIV-1 mutant I50V and inhibitor saquinavira,Human immunodeficiency virus 1,198,1977,1.2,X-RAY DIFFRACTION,1,ACY,CC(=O)O,True,True,False,0.101,1.0,False,6,"[""md_simulation"", ""docking""]",,,,True,fail,,1.0,,challenge,completeness,"[""no AlphaFold DB entry found for UniProt accession P04587""]",pass,0.38,0.011692921379993398,-0.3683070786200066,intro,,"[""3128 atoms, 50 steps at 2.0 fs completed cleanly, final PE -14070.7 kJ/mol"", ""minimization may not have fully converged: stopped at max_minimization_iterations=50""]",pass,,1.0,,challenge,,"[""self-dock RMSD 0.29 \u00c5, within 2.5 \u00c5"", ""PLIP interactions: {'hydrogen_bonds': 8, 'hydrophobic_contacts': 7, 'pi_stacking': 0, 'pi_cation': 0, 'salt_bridges': 8, 'halogen_bonds': 0, 'water_bridges': 0}""]","{""simulability_reasons"": [], ""pocket_reasons"": [""best druggability score 0.101 below threshold 0.5""], ""modeling"": [""no AlphaFold DB entry found for UniProt accession P04587""], ""md_simulation"": [""3128 atoms, 50 steps at 2.0 fs completed cleanly, final PE -14070.7 kJ/mol"", ""minimization may not have fully converged: stopped at max_minimization_iterations=50""], ""docking"": [""self-dock RMSD 0.29 \u00c5, within 2.5 \u00c5"", ""PLIP interactions: {'hydrogen_bonds': 8, 'hydrophobic_contacts': 7, 'pi_stacking': 0, 'pi_cation': 0, 'salt_bridges': 8, 'halogen_bonds': 0, 'water_bridges': 0}""]}"
3E3U,P9WIJ3,Crystal structure of Mycobacterium tuberculosis peptide deformylase in complex with inhibitor,Mycobacterium tuberculosis,197,1799,1.56,X-RAY DIFFRACTION,1,NI,[Ni+2],True,False,True,0.502,0.9949238578680203,False,6,"[""modeling"", ""md_simulation""]",AF-P9WIJ3-F1,96.62,0.005,True,pass,,0.031183718599640996,,intro,,"[""AF-P9WIJ3-F1: mean pLDDT 96.6, 0.5% low/very-low confidence""]",pass,0.4285809362662154,0.01855460273999294,-0.4100263335262225,intro,,"[""2910 atoms, 50 steps at 2.0 fs completed cleanly, final PE -12295.2 kJ/mol"", ""minimization may not have fully converged: stopped at max_minimization_iterations=50""]",fail,,1.0,,challenge,docking_quality,"[""self-dock RMSD 4.66 \u00c5 (26 matched atoms) exceeds threshold 2.5 \u00c5""]","{""simulability_reasons"": [], ""pocket_reasons"": [], ""modeling"": [""AF-P9WIJ3-F1: mean pLDDT 96.6, 0.5% low/very-low confidence""], ""md_simulation"": [""2910 atoms, 50 steps at 2.0 fs completed cleanly, final PE -12295.2 kJ/mol"", ""minimization may not have fully converged: stopped at max_minimization_iterations=50""], ""docking"": [""self-dock RMSD 4.66 \u00c5 (26 matched atoms) exceeds threshold 2.5 \u00c5""]}"
1D2U,Q94734,1.15 A CRYSTAL STRUCTURE OF NITROPHORIN 4 FROM RHODNIUS PROLIXUS,Rhodnius prolixus,184,1737,1.15,X-RAY DIFFRACTION,1,HEM,Cc1c2n3c(c1CCC(=O)O)C=C4C(=C(C5=[N]4[Fe]36[N]7=C(C=C8N6C(=C5)C(=C8C)C=C)C(=C(C7=C2)C)C=C)C)CCC(=O)O,True,False,True,0.775,1.0,False,5,"[""modeling"", ""md_simulation""]",AF-Q94734-F1,88.75,0.127,True,pass,,0.029833631399924343,,intro,,"[""AF-Q94734-F1: mean pLDDT 88.8, 12.7% low/very-low confidence""]",pass,0.35777777777777775,0.017177932313328103,-0.34059984546444966,intro,,"[""2815 atoms, 50 steps at 2.0 fs completed cleanly, final PE -10998.4 kJ/mol"", ""minimization may not have fully converged: stopped at max_minimization_iterations=50""]",fail,,1.0,,challenge,docking_quality,"[""self-dock RMSD 4.21 \u00c5 (1 matched atoms) exceeds threshold 2.5 \u00c5""]","{""simulability_reasons"": [], ""pocket_reasons"": [], ""modeling"": [""AF-Q94734-F1: mean pLDDT 88.8, 12.7% low/very-low confidence""], ""md_simulation"": [""2815 atoms, 50 steps at 2.0 fs completed cleanly, final PE -10998.4 kJ/mol"", ""minimization may not have fully converged: stopped at max_minimization_iterations=50""], ""docking"": [""self-dock RMSD 4.21 \u00c5 (1 matched atoms) exceeds threshold 2.5 \u00c5""]}"
1RWE,P01308,Enhancing the activity of insulin at receptor edge: crystal structure and photo-cross-linking of A8 analogues,Homo sapiens,102,970,1.8,X-RAY DIFFRACTION,2,CL,[Cl-],True,True,False,0.352,1.0,False,5,"[""md_simulation"", ""docking""]",AF-P01308-F1,52.91,0.873,True,fail,,1.0,,challenge,confidence,"[""87.3% of AF-P01308-F1 is low/very-low pLDDT, exceeds threshold 30.0%""]",pass,0.35333333333333333,0.00373426628667706,-0.3495990670466563,intro,,"[""1578 atoms, 50 steps at 2.0 fs completed cleanly, final PE -7617.3 kJ/mol"", ""minimization may not have fully converged: stopped at max_minimization_iterations=50""]",pass,,0.005346137091207007,,intro,,"[""self-dock RMSD 1.88 \u00c5, within 2.5 \u00c5"", ""PLIP interactions: {'hydrogen_bonds': 2, 'hydrophobic_contacts': 4, 'pi_stacking': 0, 'pi_cation': 0, 'salt_bridges': 0, 'halogen_bonds': 0, 'water_bridges': 0}""]","{""simulability_reasons"": [], ""pocket_reasons"": [""best druggability score 0.352 below threshold 0.5""], ""modeling"": [""87.3% of AF-P01308-F1 is low/very-low pLDDT, exceeds threshold 30.0%""], ""md_simulation"": [""1578 atoms, 50 steps at 2.0 fs completed cleanly, final PE -7617.3 kJ/mol"", ""minimization may not have fully converged: stopped at max_minimization_iterations=50""], ""docking"": [""self-dock RMSD 1.88 \u00c5, within 2.5 \u00c5"", ""PLIP interactions: {'hydrogen_bonds': 2, 'hydrophobic_contacts': 4, 'pi_stacking': 0, 'pi_cation': 0, 'salt_bridges': 0, 'halogen_bonds': 0, 'water_bridges': 0}""]}"
2P3C,Q6Q004,Crystal Structure of the subtype F wild type HIV protease complexed with TL-3 inhibitor,Human immunodeficiency virus 1,198,1889,2.1,X-RAY DIFFRACTION,1,3TL,CC(C)C(C(=O)NC(Cc1ccccc1)C(C(C(Cc2ccccc2)NC(=O)C(C(C)C)NC(=O)C(C)NC(=O)OCc3ccccc3)O)O)NC(=O)C(C)NC(=O)OCc4ccccc4,True,True,False,0.135,1.0,True,5,"[""md_simulation"", ""docking""]",,,,True,fail,,1.0,,challenge,completeness,"[""no AlphaFold DB entry found for UniProt accession Q6Q004""]",pass,0.5,0.009467000889902313,-0.4905329991100977,intro,,"[""3094 atoms, 50 steps at 2.0 fs completed cleanly, final PE -10875.6 kJ/mol"", ""minimization may not have fully converged: stopped at max_minimization_iterations=50""]",pass,,0.7534936628168604,,challenge,,"[""self-dock RMSD 0.15 \u00c5, within 2.5 \u00c5"", ""PLIP interactions: {'hydrogen_bonds': 18, 'hydrophobic_contacts': 20, 'pi_stacking': 0, 'pi_cation': 0, 'salt_bridges': 2, 'halogen_bonds': 0, 'water_bridges': 0}""]","{""simulability_reasons"": [], ""pocket_reasons"": [""best druggability score 0.135 below threshold 0.5""], ""modeling"": [""no AlphaFold DB entry found for UniProt accession Q6Q004""], ""md_simulation"": [""3094 atoms, 50 steps at 2.0 fs completed cleanly, final PE -10875.6 kJ/mol"", ""minimization may not have fully converged: stopped at max_minimization_iterations=50""], ""docking"": [""self-dock RMSD 0.15 \u00c5, within 2.5 \u00c5"", ""PLIP interactions: {'hydrogen_bonds': 18, 'hydrophobic_contacts': 20, 'pi_stacking': 0, 'pi_cation': 0, 'salt_bridges': 2, 'halogen_bonds': 0, 'water_bridges': 0}""]}"
2WC5,P34170,Structure of BMori GOBP2 (General Odorant Binding Protein 2),Bombyx mori,142,1279,1.9,X-RAY DIFFRACTION,1,BOM,CCCC=CC=CCCCCCCCCCO,True,True,True,0.949,0.9929577464788732,False,5,"[""modeling"", ""md_simulation""]",AF-P34170-F1,93.62,0.106,True,pass,,0.03065789360043709,,intro,,"[""AF-P34170-F1: mean pLDDT 93.6, 10.6% low/very-low confidence""]",pass,0.41345852895148666,0.012714799876666802,-0.40074372907481987,intro,,"[""2223 atoms, 50 steps at 2.0 fs completed cleanly, final PE -4741.0 kJ/mol"", ""minimization may not have fully converged: stopped at max_minimization_iterations=50""]",fail,,1.0,,challenge,docking_quality,"[""self-dock RMSD 4.11 \u00c5 exceeds threshold 2.5 \u00c5""]","{""simulability_reasons"": [], ""pocket_reasons"": [], ""modeling"": [""AF-P34170-F1: mean pLDDT 93.6, 10.6% low/very-low confidence""], ""md_simulation"": [""2223 atoms, 50 steps at 2.0 fs completed cleanly, final PE -4741.0 kJ/mol"", ""minimization may not have fully converged: stopped at max_minimization_iterations=50""], ""docking"": [""self-dock RMSD 4.11 \u00c5 exceeds threshold 2.5 \u00c5""]}"
2YGO,Q9Y5W5,"WIF domain-EGF-like domain 1 of human Wnt inhibitory factor 1 in complex with 1,2-dipalmitoylphosphatidylcholine",Homo sapiens,188,1626,1.85,X-RAY DIFFRACTION,1,NA,[Na+],True,False,True,0.993,0.9574468085106383,True,5,"[""modeling"", ""md_simulation""]",AF-Q9Y5W5-F1,79.62,0.222,True,pass,,0.030800154600001406,,intro,,"[""AF-Q9Y5W5-F1: mean pLDDT 79.6, 22.2% low/very-low confidence""]",pass,0.46973995271867613,0.012614302536664278,-0.45712565018201184,intro,,"[""2867 atoms, 50 steps at 2.0 fs completed cleanly, final PE -10572.1 kJ/mol"", ""minimization may not have fully converged: stopped at max_minimization_iterations=50""]",fail,,1.0,,challenge,docking_quality,"[""self-dock RMSD 6.04 \u00c5 (14 matched atoms) exceeds threshold 2.5 \u00c5""]","{""simulability_reasons"": [], ""pocket_reasons"": [], ""modeling"": [""AF-Q9Y5W5-F1: mean pLDDT 79.6, 22.2% low/very-low confidence""], ""md_simulation"": [""2867 atoms, 50 steps at 2.0 fs completed cleanly, final PE -10572.1 kJ/mol"", ""minimization may not have fully converged: stopped at max_minimization_iterations=50""], ""docking"": [""self-dock RMSD 6.04 \u00c5 (14 matched atoms) exceeds threshold 2.5 \u00c5""]}"
3A6U,P08337,Crystal structure of MutT-8-OXO-dGMP-MN(II) complex,Escherichia coli K-12,129,1151,2.56,X-RAY DIFFRACTION,1,8OG,C1C(C(OC1N2C3=C(C(=O)NC(=N3)N)NC2=O)COP(=O)(O)O)O,True,True,False,0.388,0.9767441860465116,False,5,"[""modeling"", ""md_simulation""]",AF-P08337-F1,92.44,0.062,True,pass,,0.026263939589262007,,intro,,"[""AF-P08337-F1: mean pLDDT 92.4, 6.2% low/very-low confidence""]",pass,0.48441860465116277,0.0048172760401697205,-0.479601328610993,intro,,"[""2090 atoms, 50 steps at 2.0 fs completed cleanly, final PE -6665.5 kJ/mol"", ""minimization may not have fully converged: stopped at max_minimization_iterations=50""]",fail,,1.0,,challenge,docking_quality,"[""self-dock RMSD 6.31 \u00c5 (24 matched atoms) exceeds threshold 2.5 \u00c5""]","{""simulability_reasons"": [], ""pocket_reasons"": [""best druggability score 0.388 below threshold 0.5""], ""modeling"": [""AF-P08337-F1: mean pLDDT 92.4, 6.2% low/very-low confidence""], ""md_simulation"": [""2090 atoms, 50 steps at 2.0 fs completed cleanly, final PE -6665.5 kJ/mol"", ""minimization may not have fully converged: stopped at max_minimization_iterations=50""], ""docking"": [""self-dock RMSD 6.31 \u00c5 (24 matched atoms) exceeds threshold 2.5 \u00c5""]}"
3CI1,Q50EJ2,Structure of the PduO-type ATP:co(I)rrinoid adenosyltransferase from Lactobacillus reuteri complexed with four-coordinate cob(II)alamin and ATP,Limosilactobacillus reuteri,194,1752,1.9,X-RAY DIFFRACTION,1,ATP,c1nc(c2c(n1)n(cn2)C3C(C(C(O3)COP(=O)(O)OP(=O)(O)OP(=O)(O)O)O)O)N,True,True,False,0.45,0.9690721649484536,False,5,"[""modeling"", ""md_simulation""]",AF-Q50EJ2-F1,96.94,0.005,True,pass,,0.029486180003732442,,intro,,"[""AF-Q50EJ2-F1: mean pLDDT 96.9, 0.5% low/very-low confidence""]",pass,0.4791981672394043,0.008419676713335017,-0.47077849052606924,intro,,"[""3144 atoms, 50 steps at 2.0 fs completed cleanly, final PE -16531.4 kJ/mol"", ""minimization may not have fully converged: stopped at max_minimization_iterations=50""]",fail,,1.0,,challenge,docking_quality,"[""self-dock RMSD 6.91 \u00c5 (31 matched atoms) exceeds threshold 2.5 \u00c5""]","{""simulability_reasons"": [], ""pocket_reasons"": [""best druggability score 0.45 below threshold 0.5""], ""modeling"": [""AF-Q50EJ2-F1: mean pLDDT 96.9, 0.5% low/very-low confidence""], ""md_simulation"": [""3144 atoms, 50 steps at 2.0 fs completed cleanly, final PE -16531.4 kJ/mol"", ""minimization may not have fully converged: stopped at max_minimization_iterations=50""], ""docking"": [""self-dock RMSD 6.91 \u00c5 (31 matched atoms) exceeds threshold 2.5 \u00c5""]}"
3F3M,P63820,Six Crystal Structures of Two Phosphopantetheine Adenylyltransferases Reveal an Alternative Ligand Binding Mode and an Associated Structural Change,Staphylococcus aureus,168,1323,2.4,X-RAY DIFFRACTION,1,PPS,c1nc(c2c(n1)n(cn2)C3C(C(C(O3)COP(=O)(O)OS(=O)(=O)O)OP(=O)(O)O)O)N,True,True,True,0.761,0.9226190476190477,False,5,"[""modeling"", ""md_simulation""]",AF-P63820-F1,93.62,0.025,True,pass,,0.04409639479999896,,intro,,"[""AF-P63820-F1: mean pLDDT 93.6, 2.5% low/very-low confidence""]",pass,0.5324603174603174,0.010315088336666728,-0.5221452291236507,intro,,"[""2731 atoms, 50 steps at 2.0 fs completed cleanly, final PE -6838.0 kJ/mol"", ""minimization may not have fully converged: stopped at max_minimization_iterations=50""]",fail,,1.0,,challenge,docking_quality,"[""self-dock RMSD 7.92 \u00c5 (31 matched atoms) exceeds threshold 2.5 \u00c5""]","{""simulability_reasons"": [], ""pocket_reasons"": [], ""modeling"": [""AF-P63820-F1: mean pLDDT 93.6, 2.5% low/very-low confidence""], ""md_simulation"": [""2731 atoms, 50 steps at 2.0 fs completed cleanly, final PE -6838.0 kJ/mol"", ""minimization may not have fully converged: stopped at max_minimization_iterations=50""], ""docking"": [""self-dock RMSD 7.92 \u00c5 (31 matched atoms) exceeds threshold 2.5 \u00c5""]}"
1DUO,P02185,SPERM WHALE METAQUOMYOGLOBIN PROXIMAL HISTIDINE MUTANT H93G WITH 1-METHYLIMIDAZOLE AS PROXIMAL LIGAND.,Physeter macrocephalus,153,1251,2.0,X-RAY DIFFRACTION,1,1MZ,Cn1cc[nH+]c1,True,True,True,0.962,0.9934640522875817,False,4,"[""modeling"", ""md_simulation""]",AF-P02185-F1,97.5,0.0,True,pass,,0.034183722198940815,,intro,,"[""AF-P02185-F1: mean pLDDT 97.5, 0.0% low/very-low confidence""]",pass,0.4388453159041394,0.005712076923227869,-0.4331332389809115,intro,,"[""2449 atoms, 50 steps at 2.0 fs completed cleanly, final PE -9458.7 kJ/mol"", ""minimization may not have fully converged: stopped at max_minimization_iterations=50""]",fail,,1.0,,challenge,docking_quality,"[""self-dock RMSD 3.48 \u00c5 (6 matched atoms) exceeds threshold 2.5 \u00c5""]","{""simulability_reasons"": [], ""pocket_reasons"": [], ""modeling"": [""AF-P02185-F1: mean pLDDT 97.5, 0.0% low/very-low confidence""], ""md_simulation"": [""2449 atoms, 50 steps at 2.0 fs completed cleanly, final PE -9458.7 kJ/mol"", ""minimization may not have fully converged: stopped at max_minimization_iterations=50""], ""docking"": [""self-dock RMSD 3.48 \u00c5 (6 matched atoms) exceeds threshold 2.5 \u00c5""]}"
1GNP,P01112,X-RAY CRYSTAL STRUCTURE ANALYSIS OF THE CATALYTIC DOMAIN OF THE ONCOGENE PRODUCT P21H-RAS COMPLEXED WITH CAGED GTP AND MANT DGPPNHP,Homo sapiens,166,1365,2.7,X-RAY DIFFRACTION,1,AGN,CNc1ccccc1C(=O)OC2CC(OC2COP(=O)(O)OP(=O)(NP(=O)(O)O)O)n3cnc4c3N=C(NC4=O)N,True,True,False,0.096,1.0,False,4,"[""modeling"", ""md_simulation""]",AF-P01112-F1,91.94,0.08,True,pass,,0.04043203419996644,,intro,,"[""AF-P01112-F1: mean pLDDT 91.9, 8.0% low/very-low confidence""]",pass,0.5177777777777778,0.011639580030000617,-0.5061381977477771,intro,,"[""2619 atoms, 50 steps at 2.0 fs completed cleanly, final PE -15191.3 kJ/mol"", ""minimization may not have fully converged: stopped at max_minimization_iterations=50""]",fail,,1.0,,challenge,docking_quality,"[""self-dock RMSD 3.35 \u00c5 (41 matched atoms) exceeds threshold 2.5 \u00c5""]","{""simulability_reasons"": [], ""pocket_reasons"": [""best druggability score 0.096 below threshold 0.5""], ""modeling"": [""AF-P01112-F1: mean pLDDT 91.9, 8.0% low/very-low confidence""], ""md_simulation"": [""2619 atoms, 50 steps at 2.0 fs completed cleanly, final PE -15191.3 kJ/mol"", ""minimization may not have fully converged: stopped at max_minimization_iterations=50""], ""docking"": [""self-dock RMSD 3.35 \u00c5 (41 matched atoms) exceeds threshold 2.5 \u00c5""]}"
1NL1,P00735,BOVINE PROTHROMBIN FRAGMENT 1 IN COMPLEX WITH CALCIUM ION,Bos taurus,147,1424,1.9,X-RAY DIFFRACTION,1,CA,[Ca+2],True,False,False,0.405,1.0,True,4,"[""modeling"", ""md_simulation""]",AF-P00735-F1,83.56,0.20700000000000002,True,pass,,0.029023033599878546,,intro,,"[""AF-P00735-F1: mean pLDDT 83.6, 20.7% low/very-low confidence""]",pass,0.41666666666666663,0.01312345239000327,-0.40354321427666334,intro,,"[""2227 atoms, 50 steps at 2.0 fs completed cleanly, final PE -13923.4 kJ/mol"", ""minimization may not have fully converged: stopped at max_minimization_iterations=50""]",fail,,1.0,,challenge,docking_quality,"[""self-dock RMSD 6.58 \u00c5 (14 matched atoms) exceeds threshold 2.5 \u00c5""]","{""simulability_reasons"": [], ""pocket_reasons"": [""best druggability score 0.405 below threshold 0.5""], ""modeling"": [""AF-P00735-F1: mean pLDDT 83.6, 20.7% low/very-low confidence""], ""md_simulation"": [""2227 atoms, 50 steps at 2.0 fs completed cleanly, final PE -13923.4 kJ/mol"", ""minimization may not have fully converged: stopped at max_minimization_iterations=50""], ""docking"": [""self-dock RMSD 6.58 \u00c5 (14 matched atoms) exceeds threshold 2.5 \u00c5""]}"
1U71,P00374,Understanding the Role of Leu22 Variants in Methotrexate Resistance: Comparison of Wild-type and Leu22Arg Variant Mouse and Human Dihydrofolate Reductase Ternary Crystal Complexes with Methotrexate and NADPH,Homo sapiens,186,1607,2.2,X-RAY DIFFRACTION,1,MXA,Cc1c(cnc2c1c(nc(n2)N)N)Cc3cc(ccc3OC)OC,True,True,True,0.734,1.0,False,4,"[""modeling"", ""md_simulation""]",AF-P00374-F1,96.12,0.01,True,pass,,0.030874714400033552,,intro,,"[""AF-P00374-F1: mean pLDDT 96.1, 1.0% low/very-low confidence""]",pass,0.5,0.011017549706666614,-0.48898245029333337,intro,,"[""3018 atoms, 50 steps at 2.0 fs completed cleanly, final PE -14406.1 kJ/mol"", ""minimization may not have fully converged: stopped at max_minimization_iterations=50""]",fail,,1.0,,challenge,docking_quality,"[""self-dock RMSD 6.31 \u00c5 (24 matched atoms) exceeds threshold 2.5 \u00c5""]","{""simulability_reasons"": [], ""pocket_reasons"": [], ""modeling"": [""AF-P00374-F1: mean pLDDT 96.1, 1.0% low/very-low confidence""], ""md_simulation"": [""3018 atoms, 50 steps at 2.0 fs completed cleanly, final PE -14406.1 kJ/mol"", ""minimization may not have fully converged: stopped at max_minimization_iterations=50""], ""docking"": [""self-dock RMSD 6.31 \u00c5 (24 matched atoms) exceeds threshold 2.5 \u00c5""]}"
2CUT,P00590,"CUTINASE, A LIPOLYTIC ENZYME WITH A PREFORMED OXYANION HOLE",Fusarium vanettenii,198,1573,1.9,X-RAY DIFFRACTION,1,DEP,CCOP(=O)OCC,True,True,False,0.424,1.0,False,4,"[""modeling"", ""md_simulation""]",AF-P00590-F1,92.06,0.14800000000000002,True,pass,,0.03164800979939173,,intro,,"[""AF-P00590-F1: mean pLDDT 92.1, 14.8% low/very-low confidence""]",pass,0.4733333333333333,0.013791402416669978,-0.4595419309166633,intro,,"[""2882 atoms, 50 steps at 2.0 fs completed cleanly, final PE -19186.7 kJ/mol"", ""minimization may not have fully converged: stopped at max_minimization_iterations=50""]",fail,,1.0,,challenge,docking_quality,"[""self-dock RMSD 4.22 \u00c5 exceeds threshold 2.5 \u00c5""]","{""simulability_reasons"": [], ""pocket_reasons"": [""best druggability score 0.424 below threshold 0.5""], ""modeling"": [""AF-P00590-F1: mean pLDDT 92.1, 14.8% low/very-low confidence""], ""md_simulation"": [""2882 atoms, 50 steps at 2.0 fs completed cleanly, final PE -19186.7 kJ/mol"", ""minimization may not have fully converged: stopped at max_minimization_iterations=50""], ""docking"": [""self-dock RMSD 4.22 \u00c5 exceeds threshold 2.5 \u00c5""]}"
2EW5,Q672W7,Structure of Helicobacter Pylori peptide deformylase in complex with inhibitor,Helicobacter pylori,181,1487,2.2,X-RAY DIFFRACTION,1,CO,[Co+2],True,False,False,0.332,0.9171270718232044,False,4,"[""modeling"", ""md_simulation""]",AF-Q672W7-F1,94.56,0.023,True,pass,,0.027113686599932407,,intro,,"[""AF-Q672W7-F1: mean pLDDT 94.6, 2.3% low/very-low confidence""]",pass,0.5220687538367097,0.00855359367666703,-0.5135151601600426,intro,,"[""2987 atoms, 50 steps at 2.0 fs completed cleanly, final PE -3666.7 kJ/mol"", ""minimization may not have fully converged: stopped at max_minimization_iterations=50""]",fail,,1.0,,challenge,docking_quality,"[""self-dock RMSD 10.39 \u00c5 (27 matched atoms) exceeds threshold 2.5 \u00c5""]","{""simulability_reasons"": [], ""pocket_reasons"": [""best druggability score 0.332 below threshold 0.5""], ""modeling"": [""AF-Q672W7-F1: mean pLDDT 94.6, 2.3% low/very-low confidence""], ""md_simulation"": [""2987 atoms, 50 steps at 2.0 fs completed cleanly, final PE -3666.7 kJ/mol"", ""minimization may not have fully converged: stopped at max_minimization_iterations=50""], ""docking"": [""self-dock RMSD 10.39 \u00c5 (27 matched atoms) exceeds threshold 2.5 \u00c5""]}"
2OXL,P75993,Structure and Function of the E. coli Protein YmgB: a Protein Critical for Biofilm Formation and Acid Resistance,Escherichia coli,128,1037,1.8,X-RAY DIFFRACTION,1,BOG,CCCCCCCCOC1C(C(C(C(O1)CO)O)O)O,True,True,False,0.206,0.96875,True,4,"[""modeling"", ""md_simulation""]",AF-P75993-F1,92.12,0.08,True,pass,,0.027859950601123274,,intro,,"[""AF-P75993-F1: mean pLDDT 92.1, 8.0% low/very-low confidence""]",pass,0.39263888888888887,0.008469406303289967,-0.3841694825855989,intro,,"[""2014 atoms, 50 steps at 2.0 fs completed cleanly, final PE -8307.4 kJ/mol"", ""minimization may not have fully converged: stopped at max_minimization_iterations=50""]",fail,,1.0,,challenge,docking_quality,"[""self-dock RMSD 10.26 \u00c5 (20 matched atoms) exceeds threshold 2.5 \u00c5""]","{""simulability_reasons"": [], ""pocket_reasons"": [""best druggability score 0.206 below threshold 0.5""], ""modeling"": [""AF-P75993-F1: mean pLDDT 92.1, 8.0% low/very-low confidence""], ""md_simulation"": [""2014 atoms, 50 steps at 2.0 fs completed cleanly, final PE -8307.4 kJ/mol"", ""minimization may not have fully converged: stopped at max_minimization_iterations=50""], ""docking"": [""self-dock RMSD 10.26 \u00c5 (20 matched atoms) exceeds threshold 2.5 \u00c5""]}"
2WCJ,P34170,"Structure of BMori GOBP2 (General Odorant Binding Protein 2) with (10E,12Z)-tetradecadien-1-ol",Bombyx mori,141,1366,1.4,X-RAY DIFFRACTION,1,M21,CC=CC=CCCCCCCCCCO,True,True,True,0.955,1.0,False,4,"[""modeling"", ""md_simulation""]",AF-P34170-F1,93.62,0.106,True,pass,,0.025899702811148017,,intro,,"[""AF-P34170-F1: mean pLDDT 93.6, 10.6% low/very-low confidence""]",pass,0.34333333333333327,0.006323393790128951,-0.3370099395432043,intro,,"[""2206 atoms, 50 steps at 2.0 fs completed cleanly, final PE -5343.9 kJ/mol"", ""minimization may not have fully converged: stopped at max_minimization_iterations=50""]",fail,,1.0,,challenge,docking_quality,"[""self-dock RMSD 8.40 \u00c5 (15 matched atoms) exceeds threshold 2.5 \u00c5""]","{""simulability_reasons"": [], ""pocket_reasons"": [], ""modeling"": [""AF-P34170-F1: mean pLDDT 93.6, 10.6% low/very-low confidence""], ""md_simulation"": [""2206 atoms, 50 steps at 2.0 fs completed cleanly, final PE -5343.9 kJ/mol"", ""minimization may not have fully converged: stopped at max_minimization_iterations=50""], ""docking"": [""self-dock RMSD 8.40 \u00c5 (15 matched atoms) exceeds threshold 2.5 \u00c5""]}"
3BKR,Q16LC3,Crystal Structure of Sterol Carrier Protein-2 like-3 (SCP2-L3) from Aedes Aegypti,Aedes aegypti,126,1160,1.4,X-RAY DIFFRACTION,1,PLM,CCCCCCCCCCCCCCCC(=O)O,True,True,True,0.824,0.9444444444444444,False,4,"[""modeling"", ""md_simulation""]",AF-Q16LC3-F1,94.19,0.008,True,pass,,0.025686749804299323,,intro,,"[""AF-Q16LC3-F1: mean pLDDT 94.2, 0.8% low/very-low confidence""]",pass,0.34518518518518515,0.005295395250044142,-0.339889789935141,intro,,"[""2022 atoms, 50 steps at 2.0 fs completed cleanly, final PE -9210.4 kJ/mol"", ""minimization may not have fully converged: stopped at max_minimization_iterations=50""]",fail,,1.0,,challenge,docking_quality,"[""self-dock RMSD 2.78 \u00c5 (18 matched atoms) exceeds threshold 2.5 \u00c5""]","{""simulability_reasons"": [], ""pocket_reasons"": [], ""modeling"": [""AF-Q16LC3-F1: mean pLDDT 94.2, 0.8% low/very-low confidence""], ""md_simulation"": [""2022 atoms, 50 steps at 2.0 fs completed cleanly, final PE -9210.4 kJ/mol"", ""minimization may not have fully converged: stopped at max_minimization_iterations=50""], ""docking"": [""self-dock RMSD 2.78 \u00c5 (18 matched atoms) exceeds threshold 2.5 \u00c5""]}"
3F15,P39900,"Crystal structure of the catalytic domain of human mmp12 complexed with the inhibitor (S)-N-(2,3-dihydroxypropyl)-4-methoxy-N-(2-nitroso-2-oxoethyl)benzenesulfonamide",Homo sapiens,158,1404,1.7,X-RAY DIFFRACTION,1,CA,[Ca+2],True,False,True,0.679,1.0,False,4,"[""modeling"", ""md_simulation""]",AF-P39900-F1,86.94,0.136,True,pass,,0.02481512960512191,,intro,,"[""AF-P39900-F1: mean pLDDT 86.9, 13.6% low/very-low confidence""]",pass,0.40222222222222215,0.004335442789985488,-0.39788677943223666,intro,,"[""2408 atoms, 50 steps at 2.0 fs completed cleanly, final PE -9077.3 kJ/mol"", ""minimization may not have fully converged: stopped at max_minimization_iterations=50""]",fail,,1.0,,challenge,docking_quality,"[""self-dock RMSD 2.97 \u00c5 (22 matched atoms) exceeds threshold 2.5 \u00c5""]","{""simulability_reasons"": [], ""pocket_reasons"": [], ""modeling"": [""AF-P39900-F1: mean pLDDT 86.9, 13.6% low/very-low confidence""], ""md_simulation"": [""2408 atoms, 50 steps at 2.0 fs completed cleanly, final PE -9077.3 kJ/mol"", ""minimization may not have fully converged: stopped at max_minimization_iterations=50""], ""docking"": [""self-dock RMSD 2.97 \u00c5 (22 matched atoms) exceeds threshold 2.5 \u00c5""]}"
3F35,P02791,"Apoferritin: complex with 2,6-diethylphenol",Equus caballus,174,1573,1.92,X-RAY DIFFRACTION,1,CD,[Cd+2],True,False,False,0.057,0.9655172413793104,False,4,"[""modeling"", ""md_simulation""]",AF-P02791-F1,95.44,0.023,True,pass,,0.03265861360005147,,intro,,"[""AF-P02791-F1: mean pLDDT 95.4, 2.3% low/very-low confidence""]",pass,0.4608275862068965,0.01373886365666749,-0.447088722550229,intro,,"[""2775 atoms, 50 steps at 2.0 fs completed cleanly, final PE -12613.1 kJ/mol"", ""minimization may not have fully converged: stopped at max_minimization_iterations=50""]",fail,,1.0,,challenge,docking_quality,"[""self-dock RMSD 3.30 \u00c5 (11 matched atoms) exceeds threshold 2.5 \u00c5""]","{""simulability_reasons"": [], ""pocket_reasons"": [""best druggability score 0.057 below threshold 0.5""], ""modeling"": [""AF-P02791-F1: mean pLDDT 95.4, 2.3% low/very-low confidence""], ""md_simulation"": [""2775 atoms, 50 steps at 2.0 fs completed cleanly, final PE -12613.1 kJ/mol"", ""minimization may not have fully converged: stopped at max_minimization_iterations=50""], ""docking"": [""self-dock RMSD 3.30 \u00c5 (11 matched atoms) exceeds threshold 2.5 \u00c5""]}"
1DET,P00651,RIBONUCLEASE T1 CARBOXYMETHYLATED AT GLU 58 IN COMPLEX WITH 2'GMP,Aspergillus oryzae,104,892,1.8,X-RAY DIFFRACTION,1,2GP,c1nc2c(n1C3C(C(C(O3)CO)O)OP(=O)(O)O)N=C(NC2=O)N,True,False,False,0.166,1.0,True,3,"[""modeling"", ""md_simulation""]",AF-P00651-F1,91.62,0.115,True,pass,,0.030617867600085447,,intro,,"[""AF-P00651-F1: mean pLDDT 91.6, 11.5% low/very-low confidence""]",pass,0.3555555555555555,0.006061979836667888,-0.3494935757188876,intro,,"[""1454 atoms, 50 steps at 2.0 fs completed cleanly, final PE -2601.6 kJ/mol"", ""minimization may not have fully converged: stopped at max_minimization_iterations=50""]",fail,,1.0,,challenge,docking_quality,"[""self-dock RMSD 6.09 \u00c5 (24 matched atoms) exceeds threshold 2.5 \u00c5""]","{""simulability_reasons"": [], ""pocket_reasons"": [""best druggability score 0.166 below threshold 0.5""], ""modeling"": [""AF-P00651-F1: mean pLDDT 91.6, 11.5% low/very-low confidence""], ""md_simulation"": [""1454 atoms, 50 steps at 2.0 fs completed cleanly, final PE -2601.6 kJ/mol"", ""minimization may not have fully converged: stopped at max_minimization_iterations=50""], ""docking"": [""self-dock RMSD 6.09 \u00c5 (24 matched atoms) exceeds threshold 2.5 \u00c5""]}"
1ECY,P23827,PROTEASE INHIBITOR ECOTIN,Escherichia coli,142,1569,2.19,X-RAY DIFFRACTION,1,BGC,C(C1C(C(C(C(O1)O)O)O)O)O,True,False,False,0.303,1.0,False,3,"[""modeling"", ""md_simulation""]",AF-P23827-F1,90.0,0.14800000000000002,True,pass,,0.030695768200530438,,intro,,"[""AF-P23827-F1: mean pLDDT 90.0, 14.8% low/very-low confidence""]",pass,0.4497777777777777,0.008566848423336826,-0.4412109293544409,intro,,"[""2275 atoms, 50 steps at 2.0 fs completed cleanly, final PE -7837.8 kJ/mol"", ""minimization may not have fully converged: stopped at max_minimization_iterations=50""]",fail,,1.0,,challenge,docking_quality,"[""self-dock RMSD 3.76 \u00c5 (12 matched atoms) exceeds threshold 2.5 \u00c5""]","{""simulability_reasons"": [], ""pocket_reasons"": [""best druggability score 0.303 below threshold 0.5""], ""modeling"": [""AF-P23827-F1: mean pLDDT 90.0, 14.8% low/very-low confidence""], ""md_simulation"": [""2275 atoms, 50 steps at 2.0 fs completed cleanly, final PE -7837.8 kJ/mol"", ""minimization may not have fully converged: stopped at max_minimization_iterations=50""], ""docking"": [""self-dock RMSD 3.76 \u00c5 (12 matched atoms) exceeds threshold 2.5 \u00c5""]}"
1FG6,P04587,STRUCTURAL IMPLICATIONS OF DRUG RESISTANT MUTANTS OF HIV-1 PROTEASE: HIGH RESOLUTION CRYSTAL STRUCTURES OF THE MUTANT PROTEASE/SUBSTRATE ANALOG COMPLEXES,Human immunodeficiency virus 1,198,1677,1.8,X-RAY DIFFRACTION,1,2NC,CCCCC(CNC(CCCC)C(=O)NC(CCC(=O)N)C(=O)NC(CCCNC(=[NH2+])N)C(=O)N)NC(=O)C(C(C)CC)NC(=O)C(C(C)O)NC(=O)C,True,True,False,0.065,1.0,False,3,"[""md_simulation"", ""docking""]",,,,True,fail,,1.0,,challenge,completeness,"[""no AlphaFold DB entry found for UniProt accession P04587""]",pass,0.45999999999999996,0.02367034639333724,-0.4363296536066627,intro,,"[""3130 atoms, 50 steps at 2.0 fs completed cleanly, final PE -12587.3 kJ/mol"", ""minimization may not have fully converged: stopped at max_minimization_iterations=50""]",pass,,1.0,,challenge,,"[""self-dock RMSD 1.81 \u00c5, within 2.5 \u00c5"", ""PLIP interactions: {'hydrogen_bonds': 7, 'hydrophobic_contacts': 5, 'pi_stacking': 0, 'pi_cation': 0, 'salt_bridges': 0, 'halogen_bonds': 0, 'water_bridges': 0}""]","{""simulability_reasons"": [], ""pocket_reasons"": [""best druggability score 0.065 below threshold 0.5""], ""modeling"": [""no AlphaFold DB entry found for UniProt accession P04587""], ""md_simulation"": [""3130 atoms, 50 steps at 2.0 fs completed cleanly, final PE -12587.3 kJ/mol"", ""minimization may not have fully converged: stopped at max_minimization_iterations=50""], ""docking"": [""self-dock RMSD 1.81 \u00c5, within 2.5 \u00c5"", ""PLIP interactions: {'hydrogen_bonds': 7, 'hydrophobic_contacts': 5, 'pi_stacking': 0, 'pi_cation': 0, 'salt_bridges': 0, 'halogen_bonds': 0, 'water_bridges': 0}""]}"
1FVG,P54149,CRYSTAL STRUCTURE OF BOVINE PEPTIDE METHIONINE SULFOXIDE REDUCTASE,Bos taurus,199,1673,1.6,X-RAY DIFFRACTION,1,DTT,C(C(C(CS)O)O)S,True,True,True,0.87,0.964824120603015,True,3,"[""modeling"", ""md_simulation""]",AF-P54149-F1,89.06,0.133,True,pass,,0.03074108000146225,,intro,,"[""AF-P54149-F1: mean pLDDT 89.1, 13.3% low/very-low confidence""]",pass,0.4461697375767727,0.008916768813311743,-0.437252968763461,intro,,"[""3044 atoms, 50 steps at 2.0 fs completed cleanly, final PE -8837.4 kJ/mol"", ""minimization may not have fully converged: stopped at max_minimization_iterations=50""]",fail,,1.0,,challenge,docking_quality,"[""self-dock RMSD 4.85 \u00c5 (8 matched atoms) exceeds threshold 2.5 \u00c5""]","{""simulability_reasons"": [], ""pocket_reasons"": [], ""modeling"": [""AF-P54149-F1: mean pLDDT 89.1, 13.3% low/very-low confidence""], ""md_simulation"": [""3044 atoms, 50 steps at 2.0 fs completed cleanly, final PE -8837.4 kJ/mol"", ""minimization may not have fully converged: stopped at max_minimization_iterations=50""], ""docking"": [""self-dock RMSD 4.85 \u00c5 (8 matched atoms) exceeds threshold 2.5 \u00c5""]}"
1GMP,P05798,COMPLEX OF RIBONUCLEASE FROM STREPTOMYCES AUREOFACIENS WITH 2'-GMP AT 1.7 ANGSTROMS RESOLUTION,Kitasatospora aureofaciens,192,2046,1.7,X-RAY DIFFRACTION,1,2GP,c1nc2c(n1C3C(C(C(O3)CO)O)OP(=O)(O)O)N=C(NC2=O)N,True,False,False,0.431,1.0,False,3,"[""modeling"", ""md_simulation""]",AF-P05798-F1,98.44,0.0,True,pass,,0.02714435700327158,,intro,,"[""AF-P05798-F1: mean pLDDT 98.4, 0.0% low/very-low confidence""]",pass,0.43999999999999995,0.007473821493331343,-0.4325261785066686,intro,,"[""2876 atoms, 50 steps at 2.0 fs completed cleanly, final PE -10020.6 kJ/mol"", ""minimization may not have fully converged: stopped at max_minimization_iterations=50""]",fail,,1.0,,challenge,docking_quality,"[""self-dock RMSD 6.36 \u00c5 (24 matched atoms) exceeds threshold 2.5 \u00c5""]","{""simulability_reasons"": [], ""pocket_reasons"": [""best druggability score 0.431 below threshold 0.5""], ""modeling"": [""AF-P05798-F1: mean pLDDT 98.4, 0.0% low/very-low confidence""], ""md_simulation"": [""2876 atoms, 50 steps at 2.0 fs completed cleanly, final PE -10020.6 kJ/mol"", ""minimization may not have fully converged: stopped at max_minimization_iterations=50""], ""docking"": [""self-dock RMSD 6.36 \u00c5 (24 matched atoms) exceeds threshold 2.5 \u00c5""]}"
1HI3,P10153,Eosinophil-derived Neurotoxin (EDN) - Adenosine 2'-5'-Diphosphate Complex,Homo sapiens,135,1268,1.8,X-RAY DIFFRACTION,1,A2P,c1nc(c2c(n1)n(cn2)C3C(C(C(O3)COP(=O)(O)O)O)OP(=O)(O)O)N,True,True,False,0.111,1.0,False,3,"[""modeling"", ""md_simulation""]",AF-P10153-F1,91.19,0.14200000000000002,True,pass,,0.028823408800235484,,intro,,"[""AF-P10153-F1: mean pLDDT 91.2, 14.2% low/very-low confidence""]",pass,0.39,0.013955416470004518,-0.3760445835299955,intro,,"[""2135 atoms, 50 steps at 2.0 fs completed cleanly, final PE -12479.9 kJ/mol"", ""minimization may not have fully converged: stopped at max_minimization_iterations=50""]",fail,,1.0,,challenge,docking_quality,"[""self-dock RMSD 7.23 \u00c5 exceeds threshold 2.5 \u00c5""]","{""simulability_reasons"": [], ""pocket_reasons"": [""best druggability score 0.111 below threshold 0.5""], ""modeling"": [""AF-P10153-F1: mean pLDDT 91.2, 14.2% low/very-low confidence""], ""md_simulation"": [""2135 atoms, 50 steps at 2.0 fs completed cleanly, final PE -12479.9 kJ/mol"", ""minimization may not have fully converged: stopped at max_minimization_iterations=50""], ""docking"": [""self-dock RMSD 7.23 \u00c5 exceeds threshold 2.5 \u00c5""]}"
1HTP,P16048,"REFINED STRUCTURES AT 2 ANGSTROMS AND 2.2 ANGSTROMS OF THE TWO FORMS OF THE H-PROTEIN, A LIPOAMIDE-CONTAINING PROTEIN OF THE GLYCINE DECARBOXYLASE COMPLEX",Lathyrus oleraceus,131,1145,2.2,X-RAY DIFFRACTION,1,OSS,C(CCC(=O)O)CC(CCSCN)SSCCO,True,True,False,0.253,1.0,False,3,"[""modeling"", ""md_simulation""]",AF-P16048-F1,88.56,0.19999999999999998,True,pass,,0.03192864720040234,,intro,,"[""AF-P16048-F1: mean pLDDT 88.6, 20.0% low/very-low confidence""]",pass,0.4388888888888889,0.010797050253337754,-0.4280918386355511,intro,,"[""1940 atoms, 50 steps at 2.0 fs completed cleanly, final PE -4299.7 kJ/mol"", ""minimization may not have fully converged: stopped at max_minimization_iterations=50""]",fail,,1.0,,challenge,docking_quality,"[""self-dock RMSD 6.23 \u00c5 (17 matched atoms) exceeds threshold 2.5 \u00c5""]","{""simulability_reasons"": [], ""pocket_reasons"": [""best druggability score 0.253 below threshold 0.5""], ""modeling"": [""AF-P16048-F1: mean pLDDT 88.6, 20.0% low/very-low confidence""], ""md_simulation"": [""1940 atoms, 50 steps at 2.0 fs completed cleanly, final PE -4299.7 kJ/mol"", ""minimization may not have fully converged: stopped at max_minimization_iterations=50""], ""docking"": [""self-dock RMSD 6.23 \u00c5 (17 matched atoms) exceeds threshold 2.5 \u00c5""]}"
1PD9,P00374,Analysis of Three Crystal Structure Determinations of a 5-Methyl-6-N-Methylanilino Pyridopyrimidine antifolate Complex with Human Dihydrofolate Reductase,Homo sapiens,186,1609,2.2,X-RAY DIFFRACTION,1,CO4,Cc1c(cnc2c1c(nc(n2)N)N)CN(C)c3cc(c(c(c3)OC)OC)OC,True,True,True,0.619,1.0,False,3,"[""modeling"", ""md_simulation""]",AF-P00374-F1,96.12,0.01,True,pass,,0.028042620600172086,,intro,,"[""AF-P00374-F1: mean pLDDT 96.1, 1.0% low/very-low confidence""]",pass,0.5,0.02051774398332782,-0.47948225601667216,intro,,"[""3013 atoms, 50 steps at 2.0 fs completed cleanly, final PE -13802.3 kJ/mol"", ""minimization may not have fully converged: stopped at max_minimization_iterations=50""]",fail,,1.0,,challenge,docking_quality,"[""self-dock RMSD 7.22 \u00c5 (28 matched atoms) exceeds threshold 2.5 \u00c5""]","{""simulability_reasons"": [], ""pocket_reasons"": [], ""modeling"": [""AF-P00374-F1: mean pLDDT 96.1, 1.0% low/very-low confidence""], ""md_simulation"": [""3013 atoms, 50 steps at 2.0 fs completed cleanly, final PE -13802.3 kJ/mol"", ""minimization may not have fully converged: stopped at max_minimization_iterations=50""], ""docking"": [""self-dock RMSD 7.22 \u00c5 (28 matched atoms) exceeds threshold 2.5 \u00c5""]}"
1SY3,Q94734,1.00 A Crystal Structure of D30N Mutant of Nitrophorin 4 from Rhodnius Prolixus Complexed with Nitric Oxide,Rhodnius prolixus,184,1904,1.0,X-RAY DIFFRACTION,1,HEM,Cc1c2n3c(c1CCC(=O)O)C=C4C(=C(C5=[N]4[Fe]36[N]7=C(C=C8N6C(=C5)C(=C8C)C=C)C(=C(C7=C2)C)C=C)C)CCC(=O)O,True,False,True,0.97,1.0,False,3,"[""modeling"", ""md_simulation""]",AF-Q94734-F1,88.75,0.127,True,pass,,0.029620907199569047,,intro,,"[""AF-Q94734-F1: mean pLDDT 88.8, 12.7% low/very-low confidence""]",pass,0.33777777777777773,0.012663964063334181,-0.32511381371444353,intro,,"[""2817 atoms, 50 steps at 2.0 fs completed cleanly, final PE -13615.2 kJ/mol"", ""minimization may not have fully converged: stopped at max_minimization_iterations=50""]",fail,,1.0,,challenge,docking_quality,"[""self-dock RMSD 3.45 \u00c5 exceeds threshold 2.5 \u00c5""]","{""simulability_reasons"": [], ""pocket_reasons"": [], ""modeling"": [""AF-Q94734-F1: mean pLDDT 88.8, 12.7% low/very-low confidence""], ""md_simulation"": [""2817 atoms, 50 steps at 2.0 fs completed cleanly, final PE -13615.2 kJ/mol"", ""minimization may not have fully converged: stopped at max_minimization_iterations=50""], ""docking"": [""self-dock RMSD 3.45 \u00c5 exceeds threshold 2.5 \u00c5""]}"
1TD7,P60045,Interactions of a specific non-steroidal anti-inflammatory drug (NSAID) with group I phospholipase A2 (PLA2): Crystal structure of the complex formed between PLA2 and niflumic acid at 2.5 A resolution,Naja sagittifera,119,1036,2.5,X-RAY DIFFRACTION,1,CA,[Ca+2],True,False,True,0.592,1.0,False,3,"[""modeling"", ""md_simulation""]",AF-P60045-F1,93.25,0.056,True,pass,,0.027933441200002563,,intro,,"[""AF-P60045-F1: mean pLDDT 93.2, 5.6% low/very-low confidence""]",pass,0.4655555555555555,0.006033500479999627,-0.4595220550755559,intro,,"[""1730 atoms, 50 steps at 2.0 fs completed cleanly, final PE -9328.6 kJ/mol"", ""minimization may not have fully converged: stopped at max_minimization_iterations=50""]",fail,,1.0,,challenge,docking_quality,"[""self-dock RMSD 4.03 \u00c5 (20 matched atoms) exceeds threshold 2.5 \u00c5""]","{""simulability_reasons"": [], ""pocket_reasons"": [], ""modeling"": [""AF-P60045-F1: mean pLDDT 93.2, 5.6% low/very-low confidence""], ""md_simulation"": [""1730 atoms, 50 steps at 2.0 fs completed cleanly, final PE -9328.6 kJ/mol"", ""minimization may not have fully converged: stopped at max_minimization_iterations=50""], ""docking"": [""self-dock RMSD 4.03 \u00c5 (20 matched atoms) exceeds threshold 2.5 \u00c5""]}"
1V8L,Q84CU3,Structure Analysis of the ADP-ribose pyrophosphatase complexed with ADP-ribose,Thermus thermophilus,170,1339,2.1,X-RAY DIFFRACTION,1,APR,c1nc(c2c(n1)n(cn2)C3C(C(C(O3)COP(=O)(O)OP(=O)(O)OCC4C(C(C(O4)O)O)O)O)O)N,True,True,True,0.713,0.9235294117647059,False,3,"[""modeling"", ""md_simulation""]",AF-Q84CU3-F1,93.12,0.059,True,pass,,0.03332395360012015,,intro,,"[""AF-Q84CU3-F1: mean pLDDT 93.1, 5.9% low/very-low confidence""]",pass,0.4943790849673203,0.028995241599999038,-0.46538384336732125,intro,,"[""2701 atoms, 50 steps at 2.0 fs completed cleanly, final PE -7915.1 kJ/mol"", ""minimization may not have fully converged: stopped at max_minimization_iterations=50""]",fail,,1.0,,challenge,docking_quality,"[""self-dock RMSD 9.17 \u00c5 (36 matched atoms) exceeds threshold 2.5 \u00c5""]","{""simulability_reasons"": [], ""pocket_reasons"": [], ""modeling"": [""AF-Q84CU3-F1: mean pLDDT 93.1, 5.9% low/very-low confidence""], ""md_simulation"": [""2701 atoms, 50 steps at 2.0 fs completed cleanly, final PE -7915.1 kJ/mol"", ""minimization may not have fully converged: stopped at max_minimization_iterations=50""], ""docking"": [""self-dock RMSD 9.17 \u00c5 (36 matched atoms) exceeds threshold 2.5 \u00c5""]}"
1VSF,O92956,"ASV INTEGRASE CORE DOMAIN WITH MN(II) COFACTOR AND HEPES LIGAND, HIGH MG CONCENTRATION FORM",Rous sarcoma virus (strain Schmidt-Ruppin),152,1281,2.05,X-RAY DIFFRACTION,1,EPE,C1CN(CCN1CCO)CCS(=O)(=O)O,True,False,True,0.609,0.9605263157894737,False,3,"[""md_simulation"", ""docking""]",,,,True,fail,,1.0,,challenge,completeness,"[""no AlphaFold DB entry found for UniProt accession O92956""]",pass,0.45538011695906433,0.005618210856725151,-0.4497619061023392,intro,,"[""2372 atoms, 50 steps at 2.0 fs completed cleanly, final PE -9735.4 kJ/mol"", ""minimization may not have fully converged: stopped at max_minimization_iterations=50""]",pass,,0.01661387060788305,,intro,,"[""self-dock RMSD 1.96 \u00c5, within 2.5 \u00c5"", ""PLIP interactions: {'hydrogen_bonds': 3, 'hydrophobic_contacts': 0, 'pi_stacking': 0, 'pi_cation': 0, 'salt_bridges': 1, 'halogen_bonds': 0, 'water_bridges': 0}""]","{""simulability_reasons"": [], ""pocket_reasons"": [], ""modeling"": [""no AlphaFold DB entry found for UniProt accession O92956""], ""md_simulation"": [""2372 atoms, 50 steps at 2.0 fs completed cleanly, final PE -9735.4 kJ/mol"", ""minimization may not have fully converged: stopped at max_minimization_iterations=50""], ""docking"": [""self-dock RMSD 1.96 \u00c5, within 2.5 \u00c5"", ""PLIP interactions: {'hydrogen_bonds': 3, 'hydrophobic_contacts': 0, 'pi_stacking': 0, 'pi_cation': 0, 'salt_bridges': 1, 'halogen_bonds': 0, 'water_bridges': 0}""]}"
2GSP,P00651,"RIBONUCLEASE T1/2',3'-CGPS AND 3'-GMP, 2 DAYS",Aspergillus oryzae,104,974,1.8,X-RAY DIFFRACTION,1,3GP,c1nc2c(n1C3C(C(C(O3)CO)OP(=O)(O)O)O)N=C(NC2=O)N,True,True,False,0.024,1.0,False,3,"[""modeling"", ""md_simulation""]",AF-P00651-F1,91.62,0.115,True,pass,,0.028983294789213687,,intro,,"[""AF-P00651-F1: mean pLDDT 91.6, 11.5% low/very-low confidence""]",pass,0.3555555555555555,0.006060621380068672,-0.3494949341754868,intro,,"[""1459 atoms, 50 steps at 2.0 fs completed cleanly, final PE -2556.8 kJ/mol"", ""minimization may not have fully converged: stopped at max_minimization_iterations=50""]",fail,,1.0,,challenge,docking_quality,"[""self-dock RMSD 3.39 \u00c5 (24 matched atoms) exceeds threshold 2.5 \u00c5""]","{""simulability_reasons"": [], ""pocket_reasons"": [""best druggability score 0.024 below threshold 0.5""], ""modeling"": [""AF-P00651-F1: mean pLDDT 91.6, 11.5% low/very-low confidence""], ""md_simulation"": [""1459 atoms, 50 steps at 2.0 fs completed cleanly, final PE -2556.8 kJ/mol"", ""minimization may not have fully converged: stopped at max_minimization_iterations=50""], ""docking"": [""self-dock RMSD 3.39 \u00c5 (24 matched atoms) exceeds threshold 2.5 \u00c5""]}"
2QO5,Q9I8L5,Crystal structure of the cysteine 91 threonine mutant of zebrafish liver bile acid-binding protein complexed with cholic acid,Danio rerio,129,1187,1.5,X-RAY DIFFRACTION,1,CHD,CC(CCC(=O)O)C1CCC2C1(C(CC3C2C(CC4C3(CCC(C4)O)C)O)O)C,True,True,True,0.72,1.0,False,3,"[""modeling"", ""md_simulation""]",AF-Q9I8L5-F1,94.31,0.008,True,pass,,0.03228550379999433,,intro,,"[""AF-Q9I8L5-F1: mean pLDDT 94.3, 0.8% low/very-low confidence""]",pass,0.34333333333333327,0.021560965660000875,-0.3217723676733324,intro,,"[""2045 atoms, 50 steps at 2.0 fs completed cleanly, final PE -9025.3 kJ/mol"", ""minimization may not have fully converged: stopped at max_minimization_iterations=50""]",fail,,1.0,,challenge,docking_quality,"[""self-dock RMSD 8.92 \u00c5 (29 matched atoms) exceeds threshold 2.5 \u00c5""]","{""simulability_reasons"": [], ""pocket_reasons"": [], ""modeling"": [""AF-Q9I8L5-F1: mean pLDDT 94.3, 0.8% low/very-low confidence""], ""md_simulation"": [""2045 atoms, 50 steps at 2.0 fs completed cleanly, final PE -9025.3 kJ/mol"", ""minimization may not have fully converged: stopped at max_minimization_iterations=50""], ""docking"": [""self-dock RMSD 8.92 \u00c5 (29 matched atoms) exceeds threshold 2.5 \u00c5""]}"
2RB1,P00720,2-ethoxyphenol in complex with T4 lysozyme L99A,,162,1606,1.7,X-RAY DIFFRACTION,1,261,CCOc1ccccc1O,True,True,True,0.63,1.0,False,3,"[""md_simulation"", ""docking""]",,,,True,fail,,1.0,,challenge,completeness,"[""no AlphaFold DB entry found for UniProt accession P00720""]",pass,0.4066666666666666,0.00475385129005493,-0.40191281537661167,intro,,"[""2603 atoms, 50 steps at 2.0 fs completed cleanly, final PE -17455.0 kJ/mol"", ""minimization may not have fully converged: stopped at max_minimization_iterations=50""]",pass,,0.012343542133748997,,intro,,"[""self-dock RMSD 0.76 \u00c5 (10 matched atoms), within 2.5 \u00c5"", ""PLIP found zero interpretable interactions of any kind (soft caveat, not treated as a failure -- see scripts/ligand_filter_fix_brief.md Problem 2)""]","{""simulability_reasons"": [], ""pocket_reasons"": [], ""modeling"": [""no AlphaFold DB entry found for UniProt accession P00720""], ""md_simulation"": [""2603 atoms, 50 steps at 2.0 fs completed cleanly, final PE -17455.0 kJ/mol"", ""minimization may not have fully converged: stopped at max_minimization_iterations=50""], ""docking"": [""self-dock RMSD 0.76 \u00c5 (10 matched atoms), within 2.5 \u00c5"", ""PLIP found zero interpretable interactions of any kind (soft caveat, not treated as a failure -- see scripts/ligand_filter_fix_brief.md Problem 2)""]}"
2VZG,P49023,Crystal structure of the C-terminal calponin homology domain of alpha- parvin in complex with paxillin LD2 motif,Homo sapiens,151,1481,1.8,X-RAY DIFFRACTION,2,EDO,C(CO)O,True,False,True,0.597,0.9337748344370861,False,3,"[""modeling"", ""md_simulation""]",,,,True,pass,,0.0255199512001127,,intro,,"[""AF-Q9NVD7-F1: mean pLDDT 79.6, 26.1% low/very-low confidence""]",pass,0.4298528329654157,0.004874715963378549,-0.42497811700203714,intro,,"[""2467 atoms, 50 steps at 2.0 fs completed cleanly, final PE -11657.0 kJ/mol"", ""minimization may not have fully converged: stopped at max_minimization_iterations=50""]",fail,,1.0,,challenge,docking_quality,"[""self-dock RMSD 4.94 \u00c5 (13 matched atoms) exceeds threshold 2.5 \u00c5""]","{""simulability_reasons"": [], ""pocket_reasons"": [], ""modeling"": [""AF-Q9NVD7-F1: mean pLDDT 79.6, 26.1% low/very-low confidence""], ""md_simulation"": [""2467 atoms, 50 steps at 2.0 fs completed cleanly, final PE -11657.0 kJ/mol"", ""minimization may not have fully converged: stopped at max_minimization_iterations=50""], ""docking"": [""self-dock RMSD 4.94 \u00c5 (13 matched atoms) exceeds threshold 2.5 \u00c5""]}"
2Z4O,P03367,Wild Type HIV-1 Protease with potent Antiviral inhibitor GRL-98065,Human immunodeficiency virus 1,198,1930,1.6,X-RAY DIFFRACTION,1,065,CC(C)CN(CC(C(Cc1ccccc1)NC(=O)OC2COC3C2CCO3)O)S(=O)(=O)c4ccc5c(c4)OCO5,True,True,True,0.715,1.0,False,3,"[""md_simulation"", ""docking""]",,,,True,fail,,1.0,,challenge,completeness,"[""no AlphaFold DB entry found for UniProt accession P03367""]",pass,0.43333333333333335,0.02032832326333543,-0.4130050100699979,intro,,"[""3134 atoms, 50 steps at 2.0 fs completed cleanly, final PE -14216.1 kJ/mol"", ""minimization may not have fully converged: stopped at max_minimization_iterations=50""]",pass,,1.0,,challenge,,"[""self-dock RMSD 0.21 \u00c5, within 2.5 \u00c5"", ""PLIP interactions: {'hydrogen_bonds': 13, 'hydrophobic_contacts': 14, 'pi_stacking': 0, 'pi_cation': 0, 'salt_bridges': 6, 'halogen_bonds': 0, 'water_bridges': 0}""]","{""simulability_reasons"": [], ""pocket_reasons"": [], ""modeling"": [""no AlphaFold DB entry found for UniProt accession P03367""], ""md_simulation"": [""3134 atoms, 50 steps at 2.0 fs completed cleanly, final PE -14216.1 kJ/mol"", ""minimization may not have fully converged: stopped at max_minimization_iterations=50""], ""docking"": [""self-dock RMSD 0.21 \u00c5, within 2.5 \u00c5"", ""PLIP interactions: {'hydrogen_bonds': 13, 'hydrophobic_contacts': 14, 'pi_stacking': 0, 'pi_cation': 0, 'salt_bridges': 6, 'halogen_bonds': 0, 'water_bridges': 0}""]}"
3FR5,P15090,N-Benzyl-indolo carboxylic acids: Design and synthesis of potent and selective adipocyte Fatty-Acid Binding Protein (A-FABP) inhibitors,Homo sapiens,131,1163,2.2,X-RAY DIFFRACTION,1,I4A,c1cc(cc(c1)C(=O)N)Cn2c3c(c4c2c(ccc4)C(=O)O)CCCCC3,True,True,False,0.395,1.0,False,3,"[""modeling"", ""md_simulation""]",AF-P15090-F1,95.75,0.0,True,pass,,0.030920913605950773,,intro,,"[""AF-P15090-F1: mean pLDDT 95.8, 0.0% low/very-low confidence""]",pass,0.4388888888888889,0.007639465130050666,-0.43124942375883824,intro,,"[""2059 atoms, 50 steps at 2.0 fs completed cleanly, final PE -9747.2 kJ/mol"", ""minimization may not have fully converged: stopped at max_minimization_iterations=50""]",fail,,1.0,,challenge,docking_quality,"[""self-dock RMSD 5.80 \u00c5 (27 matched atoms) exceeds threshold 2.5 \u00c5""]","{""simulability_reasons"": [], ""pocket_reasons"": [""best druggability score 0.395 below threshold 0.5""], ""modeling"": [""AF-P15090-F1: mean pLDDT 95.8, 0.0% low/very-low confidence""], ""md_simulation"": [""2059 atoms, 50 steps at 2.0 fs completed cleanly, final PE -9747.2 kJ/mol"", ""minimization may not have fully converged: stopped at max_minimization_iterations=50""], ""docking"": [""self-dock RMSD 5.80 \u00c5 (27 matched atoms) exceeds threshold 2.5 \u00c5""]}"
1GMR,P05798,COMPLEX OF RIBONUCLEASE FROM STREPTOMYCES AUREOFACIENS WITH 2'-GMP AT 1.7 ANGSTROMS RESOLUTION,Kitasatospora aureofaciens,192,1935,1.77,X-RAY DIFFRACTION,1,2GP,c1nc2c(n1C3C(C(C(O3)CO)O)OP(=O)(O)O)N=C(NC2=O)N,True,False,True,0.666,1.0,False,2,"[""modeling"", ""md_simulation""]",AF-P05798-F1,98.44,0.0,True,pass,,0.03156731439958094,,intro,,"[""AF-P05798-F1: mean pLDDT 98.4, 0.0% low/very-low confidence""]",pass,0.4493333333333333,0.016987271869996524,-0.43234606146333676,intro,,"[""2876 atoms, 50 steps at 2.0 fs completed cleanly, final PE -9987.8 kJ/mol"", ""minimization may not have fully converged: stopped at max_minimization_iterations=50""]",fail,,1.0,,challenge,docking_quality,"[""self-dock RMSD 4.84 \u00c5 (24 matched atoms) exceeds threshold 2.5 \u00c5""]","{""simulability_reasons"": [], ""pocket_reasons"": [], ""modeling"": [""AF-P05798-F1: mean pLDDT 98.4, 0.0% low/very-low confidence""], ""md_simulation"": [""2876 atoms, 50 steps at 2.0 fs completed cleanly, final PE -9987.8 kJ/mol"", ""minimization may not have fully converged: stopped at max_minimization_iterations=50""], ""docking"": [""self-dock RMSD 4.84 \u00c5 (24 matched atoms) exceeds threshold 2.5 \u00c5""]}"
1HI4,P10153,Eosinophil-derived Neurotoxin (EDN) - Adenosien-3'-5'-Diphosphate Complex,Homo sapiens,135,1239,1.8,X-RAY DIFFRACTION,1,A3P,c1nc(c2c(n1)n(cn2)C3C(C(C(O3)COP(=O)(O)O)OP(=O)(O)O)O)N,True,True,False,0.097,1.0,False,2,"[""modeling"", ""md_simulation""]",AF-P10153-F1,91.19,0.14200000000000002,True,pass,,0.2348559380043298,,intro,,"[""AF-P10153-F1: mean pLDDT 91.2, 14.2% low/very-low confidence""]",pass,0.39,0.008735838199888046,-0.38126416180011197,intro,,"[""2135 atoms, 50 steps at 2.0 fs completed cleanly, final PE -13561.0 kJ/mol"", ""minimization may not have fully converged: stopped at max_minimization_iterations=50""]",fail,,1.0,,challenge,docking_quality,"[""self-dock RMSD 7.29 \u00c5 (27 matched atoms) exceeds threshold 2.5 \u00c5""]","{""simulability_reasons"": [], ""pocket_reasons"": [""best druggability score 0.097 below threshold 0.5""], ""modeling"": [""AF-P10153-F1: mean pLDDT 91.2, 14.2% low/very-low confidence""], ""md_simulation"": [""2135 atoms, 50 steps at 2.0 fs completed cleanly, final PE -13561.0 kJ/mol"", ""minimization may not have fully converged: stopped at max_minimization_iterations=50""], ""docking"": [""self-dock RMSD 7.29 \u00c5 (27 matched atoms) exceeds threshold 2.5 \u00c5""]}"
1JJ9,P22894,Crystal Structure of MMP8-Barbiturate Complex Reveals Mechanism for Collagen Substrate Recognition,Homo sapiens,163,1462,2.0,X-RAY DIFFRACTION,1,BBT,c1ccc(cc1)C2(C(=O)NC(=NC2=O)O)N3CCC(CC3)CCO,True,True,True,0.748,0.9693251533742331,False,2,"[""modeling"", ""md_simulation""]",AF-P22894-F1,90.38,0.094,True,pass,,0.02939601180041791,,intro,,"[""AF-P22894-F1: mean pLDDT 90.4, 9.4% low/very-low confidence""]",pass,0.4580027266530334,0.006540370126664735,-0.4514623565263686,intro,,"[""2466 atoms, 50 steps at 2.0 fs completed cleanly, final PE -6915.5 kJ/mol"", ""minimization may not have fully converged: stopped at max_minimization_iterations=50""]",fail,,1.0,,challenge,docking_quality,"[""self-dock RMSD 5.84 \u00c5 (24 matched atoms) exceeds threshold 2.5 \u00c5""]","{""simulability_reasons"": [], ""pocket_reasons"": [], ""modeling"": [""AF-P22894-F1: mean pLDDT 90.4, 9.4% low/very-low confidence""], ""md_simulation"": [""2466 atoms, 50 steps at 2.0 fs completed cleanly, final PE -6915.5 kJ/mol"", ""minimization may not have fully converged: stopped at max_minimization_iterations=50""], ""docking"": [""self-dock RMSD 5.84 \u00c5 (24 matched atoms) exceeds threshold 2.5 \u00c5""]}"
1OWY,P00720,T4 Lysozyme Cavity Mutant L99A/M102Q Bound With 2-Propyl-Aniline,Tequatrovirus T4,164,1378,1.9,X-RAY DIFFRACTION,1,BME,C(CS)O,True,False,False,0.417,0.9878048780487805,False,2,"[""md_simulation"", ""docking""]",,,,True,fail,,1.0,,challenge,completeness,"[""no AlphaFold DB entry found for UniProt accession P00720""]",pass,0.439620596205962,0.022754152719999185,-0.4168664434859628,intro,,"[""2634 atoms, 50 steps at 2.0 fs completed cleanly, final PE -17214.3 kJ/mol"", ""minimization may not have fully converged: stopped at max_minimization_iterations=50""]",pass,,0.007606680791650433,,intro,,"[""self-dock RMSD 2.18 \u00c5, within 2.5 \u00c5"", ""PLIP interactions: {'hydrogen_bonds': 0, 'hydrophobic_contacts': 10, 'pi_stacking': 0, 'pi_cation': 0, 'salt_bridges': 0, 'halogen_bonds': 0, 'water_bridges': 0}""]","{""simulability_reasons"": [], ""pocket_reasons"": [""best druggability score 0.417 below threshold 0.5""], ""modeling"": [""no AlphaFold DB entry found for UniProt accession P00720""], ""md_simulation"": [""2634 atoms, 50 steps at 2.0 fs completed cleanly, final PE -17214.3 kJ/mol"", ""minimization may not have fully converged: stopped at max_minimization_iterations=50""], ""docking"": [""self-dock RMSD 2.18 \u00c5, within 2.5 \u00c5"", ""PLIP interactions: {'hydrogen_bonds': 0, 'hydrophobic_contacts': 10, 'pi_stacking': 0, 'pi_cation': 0, 'salt_bridges': 0, 'halogen_bonds': 0, 'water_bridges': 0}""]}"
1RCI,P07797,BULLFROG RED CELL L FERRITIN TARTRATE/MG/PH 5.5,Aquarana catesbeiana,173,1435,2.0,X-RAY DIFFRACTION,1,BET,C[N+](C)(C)CC(=O)O,True,True,False,0.3,0.9884393063583815,False,2,"[""modeling"", ""md_simulation""]",AF-P07797-F1,97.38,0.006,True,pass,,0.03995920720044523,,intro,,"[""AF-P07797-F1: mean pLDDT 97.4, 0.6% low/very-low confidence""]",pass,0.46274245343609505,0.009484234636668892,-0.4532582187994262,intro,,"[""2769 atoms, 50 steps at 2.0 fs completed cleanly, final PE -15065.5 kJ/mol"", ""minimization may not have fully converged: stopped at max_minimization_iterations=50""]",fail,,1.0,,challenge,docking_quality,"[""self-dock RMSD 2.82 \u00c5 (8 matched atoms) exceeds threshold 2.5 \u00c5""]","{""simulability_reasons"": [], ""pocket_reasons"": [""best druggability score 0.3 below threshold 0.5""], ""modeling"": [""AF-P07797-F1: mean pLDDT 97.4, 0.6% low/very-low confidence""], ""md_simulation"": [""2769 atoms, 50 steps at 2.0 fs completed cleanly, final PE -15065.5 kJ/mol"", ""minimization may not have fully converged: stopped at max_minimization_iterations=50""], ""docking"": [""self-dock RMSD 2.82 \u00c5 (8 matched atoms) exceeds threshold 2.5 \u00c5""]}"
1TC8,Q6SLM2,Crystal structure of Krait-venom phospholipase A2 in a complex with a natural fatty acid tridecanoic acid,Bungarus caeruleus,118,988,2.7,X-RAY DIFFRACTION,1,NA,[Na+],True,False,True,0.705,1.0,False,2,"[""modeling"", ""md_simulation""]",AF-Q6SLM2-F1,89.69,0.145,True,pass,,0.028579325403552503,,intro,,"[""AF-Q6SLM2-F1: mean pLDDT 89.7, 14.5% low/very-low confidence""]",pass,0.46444444444444444,0.006983217129988286,-0.45746122731445615,intro,,"[""1744 atoms, 50 steps at 2.0 fs completed cleanly, final PE -9889.3 kJ/mol"", ""minimization may not have fully converged: stopped at max_minimization_iterations=50""]",fail,,1.0,,challenge,docking_quality,"[""self-dock RMSD 5.61 \u00c5 (15 matched atoms) exceeds threshold 2.5 \u00c5""]","{""simulability_reasons"": [], ""pocket_reasons"": [], ""modeling"": [""AF-Q6SLM2-F1: mean pLDDT 89.7, 14.5% low/very-low confidence""], ""md_simulation"": [""1744 atoms, 50 steps at 2.0 fs completed cleanly, final PE -9889.3 kJ/mol"", ""minimization may not have fully converged: stopped at max_minimization_iterations=50""], ""docking"": [""self-dock RMSD 5.61 \u00c5 (15 matched atoms) exceeds threshold 2.5 \u00c5""]}"
1ZNE,P11589,Strong Solute-Solute Dispersive Interactions in a Protein-Ligand Complex,Mus musculus,174,1435,2.0,X-RAY DIFFRACTION,1,CD,[Cd+2],True,False,True,0.603,0.9022988505747126,False,2,"[""modeling"", ""md_simulation""]",AF-P11589-F1,91.5,0.10500000000000001,True,pass,,0.030832557799294592,,intro,,"[""AF-P11589-F1: mean pLDDT 91.5, 10.5% low/very-low confidence""]",pass,0.4925670498084291,0.006142635636691315,-0.48642441417173776,intro,,"[""2758 atoms, 50 steps at 2.0 fs completed cleanly, final PE -7047.5 kJ/mol"", ""minimization may not have fully converged: stopped at max_minimization_iterations=50""]",fail,,1.0,,challenge,docking_quality,"[""self-dock RMSD 4.66 \u00c5 (7 matched atoms) exceeds threshold 2.5 \u00c5""]","{""simulability_reasons"": [], ""pocket_reasons"": [], ""modeling"": [""AF-P11589-F1: mean pLDDT 91.5, 10.5% low/very-low confidence""], ""md_simulation"": [""2758 atoms, 50 steps at 2.0 fs completed cleanly, final PE -7047.5 kJ/mol"", ""minimization may not have fully converged: stopped at max_minimization_iterations=50""], ""docking"": [""self-dock RMSD 4.66 \u00c5 (7 matched atoms) exceeds threshold 2.5 \u00c5""]}"
1ZV9,Q7WYN3,Crystal structure analysis of a type II cohesin domain from the cellulosome of Acetivibrio cellulolyticus- SeMet derivative,Acetivibrio cellulolyticus,172,1676,1.28,X-RAY DIFFRACTION,1,ACY,CC(=O)O,True,True,False,0.324,1.0,True,2,"[""modeling"", ""md_simulation""]",AF-Q7WYN3-F1,77.75,0.23800000000000002,True,pass,,0.025595960405189543,,intro,,"[""AF-Q7WYN3-F1: mean pLDDT 77.8, 23.8% low/very-low confidence""]",pass,0.36177777777777775,0.005781513969996013,-0.35599626380778177,intro,,"[""2582 atoms, 50 steps at 2.0 fs completed cleanly, final PE -9175.3 kJ/mol"", ""minimization may not have fully converged: stopped at max_minimization_iterations=50""]",fail,,1.0,,challenge,docking_quality,"[""self-dock RMSD 3.17 \u00c5 (5 matched atoms) exceeds threshold 2.5 \u00c5""]","{""simulability_reasons"": [], ""pocket_reasons"": [""best druggability score 0.324 below threshold 0.5""], ""modeling"": [""AF-Q7WYN3-F1: mean pLDDT 77.8, 23.8% low/very-low confidence""], ""md_simulation"": [""2582 atoms, 50 steps at 2.0 fs completed cleanly, final PE -9175.3 kJ/mol"", ""minimization may not have fully converged: stopped at max_minimization_iterations=50""], ""docking"": [""self-dock RMSD 3.17 \u00c5 (5 matched atoms) exceeds threshold 2.5 \u00c5""]}"
2ENB,P00644,CRYSTAL STRUCTURES OF THE BINARY CA2+ AND PDTP COMPLEXES AND THE TERNARY COMPLEX OF THE ASP 21->GLU MUTANT OF STAPHYLOCOCCAL NUCLEASE. IMPLICATIONS FOR CATALYSIS AND LIGAND BINDING,Staphylococcus aureus,135,1162,2.05,X-RAY DIFFRACTION,1,THP,CC1=CN(C(=O)NC1=O)C2CC(C(O2)COP(=O)(O)O)OP(=O)(O)O,True,False,False,0.053,1.0,False,2,"[""modeling"", ""md_simulation""]",AF-P00644-F1,82.19,0.239,True,pass,,0.031672861999959424,,intro,,"[""AF-P00644-F1: mean pLDDT 82.2, 23.9% low/very-low confidence""]",pass,0.42333333333333334,0.005960418806665378,-0.41737291452666797,intro,,"[""2207 atoms, 50 steps at 2.0 fs completed cleanly, final PE -8358.0 kJ/mol"", ""minimization may not have fully converged: stopped at max_minimization_iterations=50""]",fail,,1.0,,challenge,docking_quality,"[""self-dock RMSD 5.13 \u00c5 (25 matched atoms) exceeds threshold 2.5 \u00c5""]","{""simulability_reasons"": [], ""pocket_reasons"": [""best druggability score 0.053 below threshold 0.5""], ""modeling"": [""AF-P00644-F1: mean pLDDT 82.2, 23.9% low/very-low confidence""], ""md_simulation"": [""2207 atoms, 50 steps at 2.0 fs completed cleanly, final PE -8358.0 kJ/mol"", ""minimization may not have fully converged: stopped at max_minimization_iterations=50""], ""docking"": [""self-dock RMSD 5.13 \u00c5 (25 matched atoms) exceeds threshold 2.5 \u00c5""]}"
2G1K,P9WPY3,Crystal structure of Mycobacterium tuberculosis shikimate kinase in complex with shikimate at 1.75 angstrom resolution,Mycobacterium tuberculosis,176,1455,1.75,X-RAY DIFFRACTION,1,CL,[Cl-],True,True,True,0.639,0.9545454545454546,False,2,"[""modeling"", ""md_simulation""]",AF-P9WPY3-F1,91.5,0.073,True,pass,,0.028066589800437212,,intro,,"[""AF-P9WPY3-F1: mean pLDDT 91.5, 7.3% low/very-low confidence""]",pass,0.444040404040404,0.013853339543335702,-0.43018706449706834,intro,,"[""2664 atoms, 50 steps at 2.0 fs completed cleanly, final PE -11718.0 kJ/mol"", ""minimization may not have fully converged: stopped at max_minimization_iterations=50""]",fail,,1.0,,challenge,docking_quality,"[""self-dock RMSD 3.42 \u00c5 (12 matched atoms) exceeds threshold 2.5 \u00c5""]","{""simulability_reasons"": [], ""pocket_reasons"": [], ""modeling"": [""AF-P9WPY3-F1: mean pLDDT 91.5, 7.3% low/very-low confidence""], ""md_simulation"": [""2664 atoms, 50 steps at 2.0 fs completed cleanly, final PE -11718.0 kJ/mol"", ""minimization may not have fully converged: stopped at max_minimization_iterations=50""], ""docking"": [""self-dock RMSD 3.42 \u00c5 (12 matched atoms) exceeds threshold 2.5 \u00c5""]}"
2GZL,P62617,"Structure of 2C-methyl-D-erythritol 2,4-clycodiphosphate synthase complexed with a CDP derived fluorescent inhibitor",Escherichia coli,159,1295,2.5,X-RAY DIFFRACTION,1,2AA,CN(C)c1cccc2c1cccc2S(=O)(=O)NCCOP(=O)(O)OP(=O)(O)OCC3C(C(C(O3)N4C=CC(=NC4=O)N)O)O,True,True,True,0.607,1.0,False,2,"[""modeling"", ""md_simulation""]",AF-P62617-F1,96.5,0.006,True,pass,,0.0314451860031113,,intro,,"[""AF-P62617-F1: mean pLDDT 96.5, 0.6% low/very-low confidence""]",pass,0.51,0.007391076050116681,-0.5026089239498833,intro,,"[""2393 atoms, 50 steps at 2.0 fs completed cleanly, final PE -9711.8 kJ/mol"", ""minimization may not have fully converged: stopped at max_minimization_iterations=50""]",fail,,1.0,,challenge,docking_quality,"[""self-dock RMSD 11.86 \u00c5 (44 matched atoms) exceeds threshold 2.5 \u00c5""]","{""simulability_reasons"": [], ""pocket_reasons"": [], ""modeling"": [""AF-P62617-F1: mean pLDDT 96.5, 0.6% low/very-low confidence""], ""md_simulation"": [""2393 atoms, 50 steps at 2.0 fs completed cleanly, final PE -9711.8 kJ/mol"", ""minimization may not have fully converged: stopped at max_minimization_iterations=50""], ""docking"": [""self-dock RMSD 11.86 \u00c5 (44 matched atoms) exceeds threshold 2.5 \u00c5""]}"
2HU6,P39900,Crystal structure of human MMP-12 in complex with acetohydroxamic acid and a bicyclic inhibitor,Homo sapiens,159,1532,1.32,X-RAY DIFFRACTION,1,37A,c1ccc(cc1)c2ccc(cc2)CNC(=O)C3C4CN(CC(O4)O3)C(=O)NO,True,True,False,0.082,0.9937106918238994,False,2,"[""modeling"", ""md_simulation""]",AF-P39900-F1,86.94,0.136,True,pass,,0.02484080819413066,,intro,,"[""AF-P39900-F1: mean pLDDT 86.9, 13.6% low/very-low confidence""]",pass,0.3547631027253669,0.006566816340006577,-0.3481962863853603,intro,,"[""2425 atoms, 50 steps at 2.0 fs completed cleanly, final PE -9122.5 kJ/mol"", ""minimization may not have fully converged: stopped at max_minimization_iterations=50""]",fail,,1.0,,challenge,docking_quality,"[""self-dock RMSD 2.57 \u00c5 (28 matched atoms) exceeds threshold 2.5 \u00c5""]","{""simulability_reasons"": [], ""pocket_reasons"": [""best druggability score 0.082 below threshold 0.5""], ""modeling"": [""AF-P39900-F1: mean pLDDT 86.9, 13.6% low/very-low confidence""], ""md_simulation"": [""2425 atoms, 50 steps at 2.0 fs completed cleanly, final PE -9122.5 kJ/mol"", ""minimization may not have fully converged: stopped at max_minimization_iterations=50""], ""docking"": [""self-dock RMSD 2.57 \u00c5 (28 matched atoms) exceeds threshold 2.5 \u00c5""]}"
2O4N,P03367,Crystal Structure of HIV-1 Protease (TRM Mutant) in Complex with Tipranavir,Human immunodeficiency virus 1,198,1759,2.0,X-RAY DIFFRACTION,1,GOL,C(C(CO)O)O,True,True,False,0.055,1.0,False,2,"[""md_simulation"", ""docking""]",,,,True,fail,,1.0,,challenge,completeness,"[""no AlphaFold DB entry found for UniProt accession P03367""]",pass,0.4866666666666667,0.007657586220108594,-0.4790090804465581,intro,,"[""3134 atoms, 50 steps at 2.0 fs completed cleanly, final PE -11804.4 kJ/mol"", ""minimization may not have fully converged: stopped at max_minimization_iterations=50""]",pass,,0.37840591811642904,,core,,"[""self-dock RMSD 0.83 \u00c5, within 2.5 \u00c5"", ""PLIP interactions: {'hydrogen_bonds': 5, 'hydrophobic_contacts': 11, 'pi_stacking': 0, 'pi_cation': 0, 'salt_bridges': 0, 'halogen_bonds': 0, 'water_bridges': 0}""]","{""simulability_reasons"": [], ""pocket_reasons"": [""best druggability score 0.055 below threshold 0.5""], ""modeling"": [""no AlphaFold DB entry found for UniProt accession P03367""], ""md_simulation"": [""3134 atoms, 50 steps at 2.0 fs completed cleanly, final PE -11804.4 kJ/mol"", ""minimization may not have fully converged: stopped at max_minimization_iterations=50""], ""docking"": [""self-dock RMSD 0.83 \u00c5, within 2.5 \u00c5"", ""PLIP interactions: {'hydrogen_bonds': 5, 'hydrophobic_contacts': 11, 'pi_stacking': 0, 'pi_cation': 0, 'salt_bridges': 0, 'halogen_bonds': 0, 'water_bridges': 0}""]}"
2PY0,P02973,Crystal structure of Cs1 pilin chimera,Pseudomonas aeruginosa,120,1192,1.35,X-RAY DIFFRACTION,1,EPE,C1CN(CCN1CCO)CCS(=O)(=O)O,True,False,False,0.292,1.0,False,2,"[""modeling"", ""md_simulation""]",AF-P02973-F1,94.88,0.007,True,pass,,0.03057849339675158,,intro,,"[""AF-P02973-F1: mean pLDDT 94.9, 0.7% low/very-low confidence""]",pass,0.31333333333333335,0.006104223853326402,-0.3072291094800069,intro,,"[""1732 atoms, 50 steps at 2.0 fs completed cleanly, final PE -7091.2 kJ/mol"", ""minimization may not have fully converged: stopped at max_minimization_iterations=50""]",fail,,1.0,,challenge,docking_quality,"[""self-dock RMSD 7.21 \u00c5 (15 matched atoms) exceeds threshold 2.5 \u00c5""]","{""simulability_reasons"": [], ""pocket_reasons"": [""best druggability score 0.292 below threshold 0.5""], ""modeling"": [""AF-P02973-F1: mean pLDDT 94.9, 0.7% low/very-low confidence""], ""md_simulation"": [""1732 atoms, 50 steps at 2.0 fs completed cleanly, final PE -7091.2 kJ/mol"", ""minimization may not have fully converged: stopped at max_minimization_iterations=50""], ""docking"": [""self-dock RMSD 7.21 \u00c5 (15 matched atoms) exceeds threshold 2.5 \u00c5""]}"
2QD8,P03367,HIV-1 Protease Mutant I84V with potent Antiviral inhibitor GRL-98065,Human immunodeficiency virus 1,198,1947,1.35,X-RAY DIFFRACTION,1,065,CC(C)CN(CC(C(Cc1ccccc1)NC(=O)OC2COC3C2CCO3)O)S(=O)(=O)c4ccc5c(c4)OCO5,True,True,False,0.28,1.0,False,2,"[""md_simulation"", ""docking""]",,,,True,fail,,1.0,,challenge,completeness,"[""no AlphaFold DB entry found for UniProt accession P03367""]",pass,0.4,0.03340280379999967,-0.36659719620000036,intro,,"[""3128 atoms, 50 steps at 2.0 fs completed cleanly, final PE -12462.6 kJ/mol"", ""minimization may not have fully converged: stopped at max_minimization_iterations=50""]",pass,,0.15559677488345186,,intro,,"[""self-dock RMSD 0.41 \u00c5, within 2.5 \u00c5"", ""PLIP interactions: {'hydrogen_bonds': 9, 'hydrophobic_contacts': 14, 'pi_stacking': 0, 'pi_cation': 0, 'salt_bridges': 6, 'halogen_bonds': 0, 'water_bridges': 0}""]","{""simulability_reasons"": [], ""pocket_reasons"": [""best druggability score 0.28 below threshold 0.5""], ""modeling"": [""no AlphaFold DB entry found for UniProt accession P03367""], ""md_simulation"": [""3128 atoms, 50 steps at 2.0 fs completed cleanly, final PE -12462.6 kJ/mol"", ""minimization may not have fully converged: stopped at max_minimization_iterations=50""], ""docking"": [""self-dock RMSD 0.41 \u00c5, within 2.5 \u00c5"", ""PLIP interactions: {'hydrogen_bonds': 9, 'hydrophobic_contacts': 14, 'pi_stacking': 0, 'pi_cation': 0, 'salt_bridges': 6, 'halogen_bonds': 0, 'water_bridges': 0}""]}"
2V1F,P68082,Crystal structure of radiation-induced myoglobin compound II - intermediate H at pH 8.7,Equus caballus,153,1588,1.2,X-RAY DIFFRACTION,1,GOL,C(C(CO)O)O,True,True,True,0.986,1.0,False,2,"[""modeling"", ""md_simulation""]",AF-P68082-F1,96.81,0.013,True,pass,,0.02799992119998933,,intro,,"[""AF-P68082-F1: mean pLDDT 96.8, 1.3% low/very-low confidence""]",pass,0.32999999999999996,0.00853098917333379,-0.3214690108266662,intro,,"[""2411 atoms, 50 steps at 2.0 fs completed cleanly, final PE -9876.5 kJ/mol"", ""minimization may not have fully converged: stopped at max_minimization_iterations=50""]",fail,,1.0,,challenge,docking_quality,"[""self-dock RMSD 4.58 \u00c5 (1 matched atoms) exceeds threshold 2.5 \u00c5""]","{""simulability_reasons"": [], ""pocket_reasons"": [], ""modeling"": [""AF-P68082-F1: mean pLDDT 96.8, 1.3% low/very-low confidence""], ""md_simulation"": [""2411 atoms, 50 steps at 2.0 fs completed cleanly, final PE -9876.5 kJ/mol"", ""minimization may not have fully converged: stopped at max_minimization_iterations=50""], ""docking"": [""self-dock RMSD 4.58 \u00c5 (1 matched atoms) exceeds threshold 2.5 \u00c5""]}"
2VLY,P68082,Crystal structure of myoglobin compound III (radiation-induced),Equus caballus,153,1483,1.6,X-RAY DIFFRACTION,1,GOL,C(C(CO)O)O,True,True,True,0.961,1.0,False,2,"[""modeling"", ""md_simulation""]",AF-P68082-F1,96.81,0.013,True,pass,,0.02732886200537905,,intro,,"[""AF-P68082-F1: mean pLDDT 96.8, 1.3% low/very-low confidence""]",pass,0.3833333333333333,0.004045347706608785,-0.3792879856267245,intro,,"[""2411 atoms, 50 steps at 2.0 fs completed cleanly, final PE -9935.6 kJ/mol"", ""minimization may not have fully converged: stopped at max_minimization_iterations=50""]",fail,,1.0,,challenge,docking_quality,"[""self-dock RMSD 5.11 \u00c5 (2 matched atoms) exceeds threshold 2.5 \u00c5""]","{""simulability_reasons"": [], ""pocket_reasons"": [], ""modeling"": [""AF-P68082-F1: mean pLDDT 96.8, 1.3% low/very-low confidence""], ""md_simulation"": [""2411 atoms, 50 steps at 2.0 fs completed cleanly, final PE -9935.6 kJ/mol"", ""minimization may not have fully converged: stopped at max_minimization_iterations=50""], ""docking"": [""self-dock RMSD 5.11 \u00c5 (2 matched atoms) exceeds threshold 2.5 \u00c5""]}"
2WKZ,P12499,HIV-1 Protease Inhibitors Containing a Tertiary Alcohol in the Transition-State Mimic with Improved Cell-Based Antiviral Activity,Human immunodeficiency virus type 1 (Z2/CDC-Z34 ISOLATE),198,1737,1.7,X-RAY DIFFRACTION,1,5AH,CC(C)(C)C(C(=O)NN(CCC(Cc1ccccc1)(C(=O)NC2c3ccccc3CC2O)O)Cc4ccc(cc4)c5ccccn5)NC(=O)OC,True,True,False,0.206,1.0,False,2,"[""md_simulation"", ""docking""]",,,,True,fail,,1.0,,challenge,completeness,"[""no AlphaFold DB entry found for UniProt accession P12499""]",pass,0.44666666666666666,0.007032907903388453,-0.4396337587632782,intro,,"[""3128 atoms, 50 steps at 2.0 fs completed cleanly, final PE -15465.7 kJ/mol"", ""minimization may not have fully converged: stopped at max_minimization_iterations=50""]",pass,,1.0,,challenge,,"[""self-dock RMSD 1.47 \u00c5, within 2.5 \u00c5"", ""PLIP interactions: {'hydrogen_bonds': 7, 'hydrophobic_contacts': 17, 'pi_stacking': 0, 'pi_cation': 0, 'salt_bridges': 2, 'halogen_bonds': 0, 'water_bridges': 0}""]","{""simulability_reasons"": [], ""pocket_reasons"": [""best druggability score 0.206 below threshold 0.5""], ""modeling"": [""no AlphaFold DB entry found for UniProt accession P12499""], ""md_simulation"": [""3128 atoms, 50 steps at 2.0 fs completed cleanly, final PE -15465.7 kJ/mol"", ""minimization may not have fully converged: stopped at max_minimization_iterations=50""], ""docking"": [""self-dock RMSD 1.47 \u00c5, within 2.5 \u00c5"", ""PLIP interactions: {'hydrogen_bonds': 7, 'hydrophobic_contacts': 17, 'pi_stacking': 0, 'pi_cation': 0, 'salt_bridges': 2, 'halogen_bonds': 0, 'water_bridges': 0}""]}"
3A2G,P02185,Crystal Structure of K102C-Myoglobin conjugated with Fluorescein,Physeter macrocephalus,154,1412,1.75,X-RAY DIFFRACTION,1,GOL,C(C(CO)O)O,True,True,True,0.691,1.0,False,2,"[""modeling"", ""md_simulation""]",AF-P02185-F1,97.5,0.0,True,pass,,0.028848277998622506,,intro,,"[""AF-P02185-F1: mean pLDDT 97.5, 0.0% low/very-low confidence""]",pass,0.4044444444444444,0.006020089273224585,-0.3984243551712198,intro,,"[""2465 atoms, 50 steps at 2.0 fs completed cleanly, final PE -10363.6 kJ/mol"", ""minimization may not have fully converged: stopped at max_minimization_iterations=50""]",fail,,1.0,,challenge,docking_quality,"[""self-dock RMSD 8.08 \u00c5 (8 matched atoms) exceeds threshold 2.5 \u00c5""]","{""simulability_reasons"": [], ""pocket_reasons"": [], ""modeling"": [""AF-P02185-F1: mean pLDDT 97.5, 0.0% low/very-low confidence""], ""md_simulation"": [""2465 atoms, 50 steps at 2.0 fs completed cleanly, final PE -10363.6 kJ/mol"", ""minimization may not have fully converged: stopped at max_minimization_iterations=50""], ""docking"": [""self-dock RMSD 8.08 \u00c5 (8 matched atoms) exceeds threshold 2.5 \u00c5""]}"
3BIR,P00651,DISECTING HISTIDINE INTERACTIONS IN RIBONUCLEASE T1 BY ASN AND GLN SUBSTITUTIONS,Aspergillus oryzae,104,943,1.8,X-RAY DIFFRACTION,1,2GP,c1nc2c(n1C3C(C(C(O3)CO)O)OP(=O)(O)O)N=C(NC2=O)N,True,False,True,0.534,1.0,False,2,"[""modeling"", ""md_simulation""]",AF-P00651-F1,91.62,0.115,True,pass,,0.031123859400395304,,intro,,"[""AF-P00651-F1: mean pLDDT 91.6, 11.5% low/very-low confidence""]",pass,0.3555555555555555,0.005181172403196494,-0.350374383152359,intro,,"[""1456 atoms, 50 steps at 2.0 fs completed cleanly, final PE -3657.0 kJ/mol"", ""minimization may not have fully converged: stopped at max_minimization_iterations=50""]",fail,,1.0,,challenge,docking_quality,"[""self-dock RMSD 3.00 \u00c5 (24 matched atoms) exceeds threshold 2.5 \u00c5""]","{""simulability_reasons"": [], ""pocket_reasons"": [], ""modeling"": [""AF-P00651-F1: mean pLDDT 91.6, 11.5% low/very-low confidence""], ""md_simulation"": [""1456 atoms, 50 steps at 2.0 fs completed cleanly, final PE -3657.0 kJ/mol"", ""minimization may not have fully converged: stopped at max_minimization_iterations=50""], ""docking"": [""self-dock RMSD 3.00 \u00c5 (24 matched atoms) exceeds threshold 2.5 \u00c5""]}"
3CI4,Q50EJ2,Structure of the PduO-type ATP:co(I)rrinoid adenosyltransferase from Lactobacillus reuteri complexed with four-coordinate cob(II)inamide and ATP,,194,1667,2.0,X-RAY DIFFRACTION,1,ATP,c1nc(c2c(n1)n(cn2)C3C(C(C(O3)COP(=O)(O)OP(=O)(O)OP(=O)(O)O)O)O)N,True,True,False,0.395,0.9639175257731959,False,2,"[""modeling"", ""md_simulation""]",AF-Q50EJ2-F1,96.94,0.005,True,pass,,0.024326710193417967,,intro,,"[""AF-Q50EJ2-F1: mean pLDDT 96.9, 0.5% low/very-low confidence""]",pass,0.4942497136311569,0.008033217633492313,-0.4862164959976646,intro,,"[""3144 atoms, 50 steps at 2.0 fs completed cleanly, final PE -16549.4 kJ/mol"", ""minimization may not have fully converged: stopped at max_minimization_iterations=50""]",fail,,1.0,,challenge,docking_quality,"[""self-dock RMSD 6.79 \u00c5 (31 matched atoms) exceeds threshold 2.5 \u00c5""]","{""simulability_reasons"": [], ""pocket_reasons"": [""best druggability score 0.395 below threshold 0.5""], ""modeling"": [""AF-Q50EJ2-F1: mean pLDDT 96.9, 0.5% low/very-low confidence""], ""md_simulation"": [""3144 atoms, 50 steps at 2.0 fs completed cleanly, final PE -16549.4 kJ/mol"", ""minimization may not have fully converged: stopped at max_minimization_iterations=50""], ""docking"": [""self-dock RMSD 6.79 \u00c5 (31 matched atoms) exceeds threshold 2.5 \u00c5""]}"
1BB7,P11941,LYSOZYME COMPLEX WITH 4-METHYL-UMBELLIFERYL CHITOBIOSE,Oncorhynchus mykiss,129,1173,2.0,X-RAY DIFFRACTION,1,GUM,CC1=CC(=O)Oc2c1ccc(c2)OC3C(C(C(C(O3)CO)OC4C(C(C(C(O4)CO)O)O)NC(=O)C)O)NC(=O)C,True,False,True,0.801,1.0,False,1,"[""modeling"", ""md_simulation""]",AF-P11941-F1,94.62,0.09,True,pass,,0.029528610600027604,,intro,,"[""AF-P11941-F1: mean pLDDT 94.6, 9.0% low/very-low confidence""]",pass,0.41,0.005088782379995488,-0.4049112176200045,intro,,"[""1956 atoms, 50 steps at 2.0 fs completed cleanly, final PE -15376.6 kJ/mol"", ""minimization may not have fully converged: stopped at max_minimization_iterations=50""]",fail,,1.0,,challenge,docking_quality,"[""self-dock RMSD 9.66 \u00c5 (41 matched atoms) exceeds threshold 2.5 \u00c5""]","{""simulability_reasons"": [], ""pocket_reasons"": [], ""modeling"": [""AF-P11941-F1: mean pLDDT 94.6, 9.0% low/very-low confidence""], ""md_simulation"": [""1956 atoms, 50 steps at 2.0 fs completed cleanly, final PE -15376.6 kJ/mol"", ""minimization may not have fully converged: stopped at max_minimization_iterations=50""], ""docking"": [""self-dock RMSD 9.66 \u00c5 (41 matched atoms) exceeds threshold 2.5 \u00c5""]}"
1GE5,P81054,ZINC PEPTIDASE FROM GRIFOLA FRONDOSA,Grifola frondosa,167,1407,2.0,X-RAY DIFFRACTION,1,MAN,C(C1C(C(C(C(O1)O)O)O)O)O,True,True,False,0.43,1.0,False,1,"[""modeling"", ""md_simulation""]",AF-P81054-F1,93.38,0.075,True,pass,,0.02909277839353308,,intro,,"[""AF-P81054-F1: mean pLDDT 93.4, 7.5% low/very-low confidence""]",pass,0.4522222222222222,0.007869797076758308,-0.44435242514546386,intro,,"[""2413 atoms, 50 steps at 2.0 fs completed cleanly, final PE -11228.8 kJ/mol"", ""minimization may not have fully converged: stopped at max_minimization_iterations=50""]",fail,,1.0,,challenge,docking_quality,"[""self-dock RMSD 4.07 \u00c5 (11 matched atoms) exceeds threshold 2.5 \u00c5""]","{""simulability_reasons"": [], ""pocket_reasons"": [""best druggability score 0.43 below threshold 0.5""], ""modeling"": [""AF-P81054-F1: mean pLDDT 93.4, 7.5% low/very-low confidence""], ""md_simulation"": [""2413 atoms, 50 steps at 2.0 fs completed cleanly, final PE -11228.8 kJ/mol"", ""minimization may not have fully converged: stopped at max_minimization_iterations=50""], ""docking"": [""self-dock RMSD 4.07 \u00c5 (11 matched atoms) exceeds threshold 2.5 \u00c5""]}"
1HZ1,P00651,RIBONUCLEASE T1 V16A MUTANT IN COMPLEX WITH MG2+,Aspergillus niger,104,888,1.8,X-RAY DIFFRACTION,1,2GP,c1nc2c(n1C3C(C(C(O3)CO)O)OP(=O)(O)O)N=C(NC2=O)N,True,False,False,0.204,1.0,False,1,"[""modeling"", ""md_simulation""]",AF-P00651-F1,91.62,0.115,True,pass,,0.028090679401066153,,intro,,"[""AF-P00651-F1: mean pLDDT 91.6, 11.5% low/very-low confidence""]",pass,0.3555555555555555,0.006745440863305703,-0.3488101146922498,intro,,"[""1453 atoms, 50 steps at 2.0 fs completed cleanly, final PE -3289.5 kJ/mol"", ""minimization may not have fully converged: stopped at max_minimization_iterations=50""]",fail,,1.0,,challenge,docking_quality,"[""self-dock RMSD 4.46 \u00c5 (24 matched atoms) exceeds threshold 2.5 \u00c5""]","{""simulability_reasons"": [], ""pocket_reasons"": [""best druggability score 0.204 below threshold 0.5""], ""modeling"": [""AF-P00651-F1: mean pLDDT 91.6, 11.5% low/very-low confidence""], ""md_simulation"": [""1453 atoms, 50 steps at 2.0 fs completed cleanly, final PE -3289.5 kJ/mol"", ""minimization may not have fully converged: stopped at max_minimization_iterations=50""], ""docking"": [""self-dock RMSD 4.46 \u00c5 (24 matched atoms) exceeds threshold 2.5 \u00c5""]}"
1J1F,P23540,Crystal structure of the RNase MC1 mutant N71T in complex with 5'-GMP,Momordica charantia,191,1664,1.6,X-RAY DIFFRACTION,1,5GP,c1nc2c(n1C3C(C(C(O3)COP(=O)(O)O)O)O)N=C(NC2=O)N,True,False,True,0.907,1.0,False,1,"[""modeling"", ""md_simulation""]",AF-P23540-F1,98.0,0.0,True,pass,,0.02890070299999934,,intro,,"[""AF-P23540-F1: mean pLDDT 98.0, 0.0% low/very-low confidence""]",pass,0.4255555555555556,0.010465797406698887,-0.4150897581488567,intro,,"[""2947 atoms, 50 steps at 2.0 fs completed cleanly, final PE -15580.7 kJ/mol"", ""minimization may not have fully converged: stopped at max_minimization_iterations=50""]",fail,,1.0,,challenge,docking_quality,"[""self-dock RMSD 5.59 \u00c5 (24 matched atoms) exceeds threshold 2.5 \u00c5""]","{""simulability_reasons"": [], ""pocket_reasons"": [], ""modeling"": [""AF-P23540-F1: mean pLDDT 98.0, 0.0% low/very-low confidence""], ""md_simulation"": [""2947 atoms, 50 steps at 2.0 fs completed cleanly, final PE -15580.7 kJ/mol"", ""minimization may not have fully converged: stopped at max_minimization_iterations=50""], ""docking"": [""self-dock RMSD 5.59 \u00c5 (24 matched atoms) exceeds threshold 2.5 \u00c5""]}"
1O2E,P00593,"Structure of the triple mutant (K53,56,120M) + Anisic acid complex of phospholipase A2",Bos taurus,123,1009,2.6,X-RAY DIFFRACTION,1,ANN,COc1ccc(cc1)C(=O)O,True,True,True,0.706,1.0,False,1,"[""modeling"", ""md_simulation""]",AF-P00593-F1,88.0,0.17200000000000001,True,pass,,0.030003874199974235,,intro,,"[""AF-P00593-F1: mean pLDDT 88.0, 17.2% low/very-low confidence""]",pass,0.47,0.007341600833333359,-0.4626583991666666,intro,,"[""1827 atoms, 50 steps at 2.0 fs completed cleanly, final PE -9026.0 kJ/mol"", ""minimization may not have fully converged: stopped at max_minimization_iterations=50""]",fail,,1.0,,challenge,docking_quality,"[""self-dock RMSD 2.60 \u00c5 (11 matched atoms) exceeds threshold 2.5 \u00c5""]","{""simulability_reasons"": [], ""pocket_reasons"": [], ""modeling"": [""AF-P00593-F1: mean pLDDT 88.0, 17.2% low/very-low confidence""], ""md_simulation"": [""1827 atoms, 50 steps at 2.0 fs completed cleanly, final PE -9026.0 kJ/mol"", ""minimization may not have fully converged: stopped at max_minimization_iterations=50""], ""docking"": [""self-dock RMSD 2.60 \u00c5 (11 matched atoms) exceeds threshold 2.5 \u00c5""]}"
1O84,Q47765,Crystal Structure of Bacteriocin AS-48. N-decyl-beta-D-maltoside Bound.,Enterococcus faecalis,140,1097,2.8,X-RAY DIFFRACTION,1,D10,CCCCCCCCCC,True,True,True,0.73,1.0,False,1,"[""modeling"", ""md_simulation""]",AF-Q47765-F1,73.06,0.267,True,pass,,0.029931801802013068,,intro,,"[""AF-Q47765-F1: mean pLDDT 73.1, 26.7% low/very-low confidence""]",pass,0.4888888888888889,0.008180864083309036,-0.48070802480557984,intro,,"[""2120 atoms, 50 steps at 2.0 fs completed cleanly, final PE 965.2 kJ/mol"", ""minimization may not have fully converged: stopped at max_minimization_iterations=50""]",fail,,1.0,,challenge,docking_quality,"[""self-dock RMSD 3.89 \u00c5 (10 matched atoms) exceeds threshold 2.5 \u00c5""]","{""simulability_reasons"": [], ""pocket_reasons"": [], ""modeling"": [""AF-Q47765-F1: mean pLDDT 73.1, 26.7% low/very-low confidence""], ""md_simulation"": [""2120 atoms, 50 steps at 2.0 fs completed cleanly, final PE 965.2 kJ/mol"", ""minimization may not have fully converged: stopped at max_minimization_iterations=50""], ""docking"": [""self-dock RMSD 3.89 \u00c5 (10 matched atoms) exceeds threshold 2.5 \u00c5""]}"
1RSI,P56740,DHNA complex with 2-Amino-5-bromo-3-hydroxy-6-phenylpyrimidine,Staphylococcus aureus,121,982,2.2,X-RAY DIFFRACTION,1,977,c1ccc(cc1)c2c(c(nc(n2)N)O)Br,True,True,True,0.5,1.0,False,1,"[""modeling"", ""md_simulation""]",AF-P56740-F1,96.88,0.0,True,pass,,0.029126822999978687,,intro,,"[""AF-P56740-F1: mean pLDDT 96.9, 0.0% low/very-low confidence""]",pass,0.42777777777777776,0.020134888470000382,-0.40764288930777737,intro,,"[""1932 atoms, 50 steps at 2.0 fs completed cleanly, final PE -11062.4 kJ/mol"", ""minimization may not have fully converged: stopped at max_minimization_iterations=50""]",fail,,1.0,,challenge,docking_quality,"[""self-dock RMSD 5.32 \u00c5 (15 matched atoms) exceeds threshold 2.5 \u00c5""]","{""simulability_reasons"": [], ""pocket_reasons"": [], ""modeling"": [""AF-P56740-F1: mean pLDDT 96.9, 0.0% low/very-low confidence""], ""md_simulation"": [""1932 atoms, 50 steps at 2.0 fs completed cleanly, final PE -11062.4 kJ/mol"", ""minimization may not have fully converged: stopped at max_minimization_iterations=50""], ""docking"": [""self-dock RMSD 5.32 \u00c5 (15 matched atoms) exceeds threshold 2.5 \u00c5""]}"
1UWP,P16113,Initial Events in the Photocycle of Photoactive Yellow Protein,Halorhodospira halophila,125,1345,1.2,X-RAY DIFFRACTION,1,HC4,c1cc(ccc1C=CC(=O)O)O,True,True,False,0.445,1.0,True,1,"[""modeling"", ""md_simulation""]",AF-P16113-F1,95.81,0.016,True,pass,,0.025646012194920333,,intro,,"[""AF-P16113-F1: mean pLDDT 95.8, 1.6% low/very-low confidence""]",pass,0.29888888888888887,0.00357761501664451,-0.2953112738722444,intro,,"[""1912 atoms, 50 steps at 2.0 fs completed cleanly, final PE -6996.6 kJ/mol"", ""minimization may not have fully converged: stopped at max_minimization_iterations=50""]",fail,,1.0,,challenge,stability,"[""Vina docking run failed: \n\nPDBQT parsing error: Unknown or inappropriate tag found in flex residue or ligand.\n > ROOT\n""]","{""simulability_reasons"": [], ""pocket_reasons"": [""best druggability score 0.445 below threshold 0.5""], ""modeling"": [""AF-P16113-F1: mean pLDDT 95.8, 1.6% low/very-low confidence""], ""md_simulation"": [""1912 atoms, 50 steps at 2.0 fs completed cleanly, final PE -6996.6 kJ/mol"", ""minimization may not have fully converged: stopped at max_minimization_iterations=50""], ""docking"": [""Vina docking run failed: \n\nPDBQT parsing error: Unknown or inappropriate tag found in flex residue or ligand.\n > ROOT\n""]}"
1VSI,O92956,ASV INTEGRASE CORE DOMAIN WITH CA(II) COFACTOR,Rous sarcoma virus (strain Schmidt-Ruppin),152,1242,2.2,X-RAY DIFFRACTION,1,CA,[Ca+2],True,False,False,0.31,0.9605263157894737,True,1,"[""md_simulation"", ""docking""]",,,,True,fail,,1.0,,challenge,completeness,"[""no AlphaFold DB entry found for UniProt accession O92956""]",pass,0.47538011695906435,0.017794830416666324,-0.45758528654239805,intro,,"[""2372 atoms, 50 steps at 2.0 fs completed cleanly, final PE -7745.9 kJ/mol"", ""minimization may not have fully converged: stopped at max_minimization_iterations=50""]",pass,,0.0383924614250039,,intro,,"[""self-dock RMSD 2.29 \u00c5, within 2.5 \u00c5"", ""PLIP interactions: {'hydrogen_bonds': 3, 'hydrophobic_contacts': 0, 'pi_stacking': 0, 'pi_cation': 0, 'salt_bridges': 1, 'halogen_bonds': 0, 'water_bridges': 0}""]","{""simulability_reasons"": [], ""pocket_reasons"": [""best druggability score 0.31 below threshold 0.5""], ""modeling"": [""no AlphaFold DB entry found for UniProt accession O92956""], ""md_simulation"": [""2372 atoms, 50 steps at 2.0 fs completed cleanly, final PE -7745.9 kJ/mol"", ""minimization may not have fully converged: stopped at max_minimization_iterations=50""], ""docking"": [""self-dock RMSD 2.29 \u00c5, within 2.5 \u00c5"", ""PLIP interactions: {'hydrogen_bonds': 3, 'hydrophobic_contacts': 0, 'pi_stacking': 0, 'pi_cation': 0, 'salt_bridges': 1, 'halogen_bonds': 0, 'water_bridges': 0}""]}"
2AF9,P17900,Crystal Structure analysis of GM2-Activator protein complexed with phosphatidylcholine,Homo sapiens,164,1422,2.0,X-RAY DIFFRACTION,1,DAO,CCCCCCCCCCCC(=O)O,True,False,True,0.722,0.9939024390243902,False,1,"[""modeling"", ""md_simulation""]",AF-P17900-F1,88.94,0.135,True,pass,,0.028327113203704356,,intro,,"[""AF-P17900-F1: mean pLDDT 88.9, 13.5% low/very-low confidence""]",pass,0.45092140921409213,0.006303344726523695,-0.4446180644875684,intro,,"[""2494 atoms, 50 steps at 2.0 fs completed cleanly, final PE -1890.4 kJ/mol"", ""minimization may not have fully converged: stopped at max_minimization_iterations=50""]",fail,,1.0,,challenge,docking_quality,"[""self-dock RMSD 4.26 \u00c5 (20 matched atoms) exceeds threshold 2.5 \u00c5""]","{""simulability_reasons"": [], ""pocket_reasons"": [], ""modeling"": [""AF-P17900-F1: mean pLDDT 88.9, 13.5% low/very-low confidence""], ""md_simulation"": [""2494 atoms, 50 steps at 2.0 fs completed cleanly, final PE -1890.4 kJ/mol"", ""minimization may not have fully converged: stopped at max_minimization_iterations=50""], ""docking"": [""self-dock RMSD 4.26 \u00c5 (20 matched atoms) exceeds threshold 2.5 \u00c5""]}"
2C05,P10153,"Crystal Structures of Eosinophil-derived Neurotoxin in Complex with the Inhibitors 5'-ATP, Ap3A, Ap4A and Ap5A",Homo sapiens,135,1243,1.86,X-RAY DIFFRACTION,1,ACY,CC(=O)O,True,True,False,0.231,1.0,False,1,"[""modeling"", ""md_simulation""]",AF-P10153-F1,91.19,0.14200000000000002,True,pass,,0.03200946620199829,,intro,,"[""AF-P10153-F1: mean pLDDT 91.2, 14.2% low/very-low confidence""]",pass,0.398,0.0052997576433699576,-0.39270024235663004,intro,,"[""2135 atoms, 50 steps at 2.0 fs completed cleanly, final PE -13482.6 kJ/mol"", ""minimization may not have fully converged: stopped at max_minimization_iterations=50""]",fail,,1.0,,challenge,docking_quality,"[""self-dock RMSD 3.25 \u00c5 (31 matched atoms) exceeds threshold 2.5 \u00c5""]","{""simulability_reasons"": [], ""pocket_reasons"": [""best druggability score 0.231 below threshold 0.5""], ""modeling"": [""AF-P10153-F1: mean pLDDT 91.2, 14.2% low/very-low confidence""], ""md_simulation"": [""2135 atoms, 50 steps at 2.0 fs completed cleanly, final PE -13482.6 kJ/mol"", ""minimization may not have fully converged: stopped at max_minimization_iterations=50""], ""docking"": [""self-dock RMSD 3.25 \u00c5 (31 matched atoms) exceeds threshold 2.5 \u00c5""]}"
2PC2,P00698,Lysozyme Cocrystallized with Tris-dipicolinate Eu complex,Gallus gallus,129,1376,1.538,X-RAY DIFFRACTION,1,CL,[Cl-],True,True,False,0.102,1.0,False,1,"[""modeling"", ""md_simulation""]",AF-P00698-F1,93.88,0.109,True,pass,,0.029278515400073958,,intro,,"[""AF-P00698-F1: mean pLDDT 93.9, 10.9% low/very-low confidence""]",pass,0.34839999999999993,0.005148421200004426,-0.3432515787999955,intro,,"[""1960 atoms, 50 steps at 2.0 fs completed cleanly, final PE -13495.1 kJ/mol"", ""minimization may not have fully converged: stopped at max_minimization_iterations=50""]",fail,,1.0,,challenge,docking_quality,"[""self-dock RMSD 3.99 \u00c5 (12 matched atoms) exceeds threshold 2.5 \u00c5""]","{""simulability_reasons"": [], ""pocket_reasons"": [""best druggability score 0.102 below threshold 0.5""], ""modeling"": [""AF-P00698-F1: mean pLDDT 93.9, 10.9% low/very-low confidence""], ""md_simulation"": [""1960 atoms, 50 steps at 2.0 fs completed cleanly, final PE -13495.1 kJ/mol"", ""minimization may not have fully converged: stopped at max_minimization_iterations=50""], ""docking"": [""self-dock RMSD 3.99 \u00c5 (12 matched atoms) exceeds threshold 2.5 \u00c5""]}"
2RTM,P22629,"STREPTAVIDIN-2-IMINOBIOTIN-SULFATE COMPLEX, PH 3.50, SPACE GROUP I4122",Streptomyces avidinii,135,1091,1.3,X-RAY DIFFRACTION,1,IMI,C1C2C(C(S1)CCCCC(=O)O)NC(=N)N2,True,True,True,0.671,0.9111111111111111,False,1,"[""modeling"", ""md_simulation""]",AF-P22629-F1,84.81,0.21900000000000003,True,pass,,0.028050071399775334,,intro,,"[""AF-P22629-F1: mean pLDDT 84.8, 21.9% low/very-low confidence""]",pass,0.352962962962963,0.005788380156664061,-0.3471745828062989,intro,,"[""1950 atoms, 50 steps at 2.0 fs completed cleanly, final PE -5811.0 kJ/mol"", ""minimization may not have fully converged: stopped at max_minimization_iterations=50""]",fail,,1.0,,challenge,docking_quality,"[""self-dock RMSD 5.89 \u00c5 (16 matched atoms) exceeds threshold 2.5 \u00c5""]","{""simulability_reasons"": [], ""pocket_reasons"": [], ""modeling"": [""AF-P22629-F1: mean pLDDT 84.8, 21.9% low/very-low confidence""], ""md_simulation"": [""1950 atoms, 50 steps at 2.0 fs completed cleanly, final PE -5811.0 kJ/mol"", ""minimization may not have fully converged: stopped at max_minimization_iterations=50""], ""docking"": [""self-dock RMSD 5.89 \u00c5 (16 matched atoms) exceeds threshold 2.5 \u00c5""]}"
2YLG,P00138,CYTOCHROME C PRIME FROM ALCALIGENES XYLOSOXIDANS: ASCORBATE AND CARBON MONOOXIDE BOUND L16A VARIANT AT 1.05 A RESOLUTION,Achromobacter xylosoxidans,127,1552,1.05,X-RAY DIFFRACTION,1,ASC,C(C(C1C(=C(C(=O)O1)O)O)O)O,True,True,True,0.743,0.9921259842519685,True,1,"[""modeling"", ""md_simulation""]",AF-P00138-F1,97.56,0.008,True,pass,,0.023073431791272015,,intro,,"[""AF-P00138-F1: mean pLDDT 97.6, 0.8% low/very-low confidence""]",pass,0.2837357830271216,0.004559405660062718,-0.27917637736705886,intro,,"[""1905 atoms, 50 steps at 2.0 fs completed cleanly, final PE -8150.4 kJ/mol"", ""minimization may not have fully converged: stopped at max_minimization_iterations=50""]",fail,,1.0,,challenge,docking_quality,"[""self-dock RMSD 3.18 \u00c5 (12 matched atoms) exceeds threshold 2.5 \u00c5""]","{""simulability_reasons"": [], ""pocket_reasons"": [], ""modeling"": [""AF-P00138-F1: mean pLDDT 97.6, 0.8% low/very-low confidence""], ""md_simulation"": [""1905 atoms, 50 steps at 2.0 fs completed cleanly, final PE -8150.4 kJ/mol"", ""minimization may not have fully converged: stopped at max_minimization_iterations=50""], ""docking"": [""self-dock RMSD 3.18 \u00c5 (12 matched atoms) exceeds threshold 2.5 \u00c5""]}"
3CXQ,Q96EK6,Crystal structure of human glucosamine 6-phosphate N-acetyltransferase 1 bound to GlcN6P,Homo sapiens,184,1535,2.3,X-RAY DIFFRACTION,1,GLP,C(C1C(C(C(C(O1)O)N)O)O)OP(=O)(O)O,True,True,True,0.511,0.9891304347826086,False,1,"[""modeling"", ""md_simulation""]",AF-Q96EK6-F1,97.5,0.0,True,pass,,0.028083244792651386,,intro,,"[""AF-Q96EK6-F1: mean pLDDT 97.5, 0.0% low/very-low confidence""]",pass,0.5147342995169082,0.007992626866713787,-0.5067416726501944,intro,,"[""2936 atoms, 50 steps at 2.0 fs completed cleanly, final PE -9059.0 kJ/mol"", ""minimization may not have fully converged: stopped at max_minimization_iterations=50""]",fail,,1.0,,challenge,docking_quality,"[""self-dock RMSD 2.62 \u00c5 (16 matched atoms) exceeds threshold 2.5 \u00c5""]","{""simulability_reasons"": [], ""pocket_reasons"": [], ""modeling"": [""AF-Q96EK6-F1: mean pLDDT 97.5, 0.0% low/very-low confidence""], ""md_simulation"": [""2936 atoms, 50 steps at 2.0 fs completed cleanly, final PE -9059.0 kJ/mol"", ""minimization may not have fully converged: stopped at max_minimization_iterations=50""], ""docking"": [""self-dock RMSD 2.62 \u00c5 (16 matched atoms) exceeds threshold 2.5 \u00c5""]}"
3EKQ,P03369,Crystal structure of inhibitor saquinavir (SQV) in complex with multi-drug resistant HIV-1 protease (L63P/V82T/I84V) (referred to as ACT in paper),HIV-1 M:B_ARV2/SF2,198,1633,2.2,X-RAY DIFFRACTION,1,PO4,[O-]P(=O)([O-])[O-],True,False,False,0.045,1.0,False,1,"[""md_simulation"", ""docking""]",,,,True,fail,,1.0,,challenge,completeness,"[""no AlphaFold DB entry found for UniProt accession P03369""]",pass,0.5133333333333333,0.005100398413293685,-0.5082329349200396,intro,,"[""3142 atoms, 50 steps at 2.0 fs completed cleanly, final PE -13772.1 kJ/mol"", ""minimization may not have fully converged: stopped at max_minimization_iterations=50""]",pass,,0.8269159281917382,,challenge,,"[""self-dock RMSD 1.51 \u00c5, within 2.5 \u00c5"", ""PLIP interactions: {'hydrogen_bonds': 6, 'hydrophobic_contacts': 10, 'pi_stacking': 0, 'pi_cation': 0, 'salt_bridges': 2, 'halogen_bonds': 0, 'water_bridges': 0}""]","{""simulability_reasons"": [], ""pocket_reasons"": [""best druggability score 0.045 below threshold 0.5""], ""modeling"": [""no AlphaFold DB entry found for UniProt accession P03369""], ""md_simulation"": [""3142 atoms, 50 steps at 2.0 fs completed cleanly, final PE -13772.1 kJ/mol"", ""minimization may not have fully converged: stopped at max_minimization_iterations=50""], ""docking"": [""self-dock RMSD 1.51 \u00c5, within 2.5 \u00c5"", ""PLIP interactions: {'hydrogen_bonds': 6, 'hydrophobic_contacts': 10, 'pi_stacking': 0, 'pi_cation': 0, 'salt_bridges': 2, 'halogen_bonds': 0, 'water_bridges': 0}""]}"
3GI2,P00374,Human dihydrofolate reductase Q35K mutant inhibitor complex,Homo sapiens,187,1939,1.53,X-RAY DIFFRACTION,1,GHW,Cc1c(c2c(s1)N=C(NC2=O)N)Sc3ccc(cc3)C(=O)NC(CCC(=O)O)C(=O)O,True,False,True,0.689,0.9946524064171123,False,1,"[""modeling"", ""md_simulation""]",AF-P00374-F1,96.12,0.01,True,pass,,0.059521680000034397,,intro,,"[""AF-P00374-F1: mean pLDDT 96.1, 1.0% low/very-low confidence""]",pass,0.41356030897207363,0.020228988409993084,-0.39333132056208053,intro,,"[""3035 atoms, 50 steps at 2.0 fs completed cleanly, final PE -11241.2 kJ/mol"", ""minimization may not have fully converged: stopped at max_minimization_iterations=50""]",fail,,1.0,,challenge,parameterization,"[""no organic, Meeko-parameterizable ligand among this candidate's bound ligands""]","{""simulability_reasons"": [], ""pocket_reasons"": [], ""modeling"": [""AF-P00374-F1: mean pLDDT 96.1, 1.0% low/very-low confidence""], ""md_simulation"": [""3035 atoms, 50 steps at 2.0 fs completed cleanly, final PE -11241.2 kJ/mol"", ""minimization may not have fully converged: stopped at max_minimization_iterations=50""], ""docking"": [""no organic, Meeko-parameterizable ligand among this candidate's bound ligands""]}"
101M,P02185,SPERM WHALE MYOGLOBIN F46V N-BUTYL ISOCYANIDE AT PH 9.0,Physeter macrocephalus,154,1413,2.07,X-RAY DIFFRACTION,1,HEM,Cc1c2n3c(c1CCC(=O)O)C=C4C(=C(C5=[N]4[Fe]36[N]7=C(C=C8N6C(=C5)C(=C8C)C=C)C(=C(C7=C2)C)C=C)C)CCC(=O)O,True,False,True,0.963,1.0,False,0,"[""modeling"", ""md_simulation""]",AF-P02185-F1,97.5,0.0,True,pass,,0.03289497480727732,,intro,,"[""AF-P02185-F1: mean pLDDT 97.5, 0.0% low/very-low confidence""]",pass,0.44711111111111107,0.0062247983366250995,-0.440886312774486,intro,,"[""2474 atoms, 50 steps at 2.0 fs completed cleanly, final PE -11262.1 kJ/mol"", ""minimization may not have fully converged: stopped at max_minimization_iterations=50""]",fail,,1.0,,challenge,docking_quality,"[""self-dock RMSD 4.87 \u00c5 (6 matched atoms) exceeds threshold 2.5 \u00c5""]","{""simulability_reasons"": [], ""pocket_reasons"": [], ""modeling"": [""AF-P02185-F1: mean pLDDT 97.5, 0.0% low/very-low confidence""], ""md_simulation"": [""2474 atoms, 50 steps at 2.0 fs completed cleanly, final PE -11262.1 kJ/mol"", ""minimization may not have fully converged: stopped at max_minimization_iterations=50""], ""docking"": [""self-dock RMSD 4.87 \u00c5 (6 matched atoms) exceeds threshold 2.5 \u00c5""]}"
105M,P02185,SPERM WHALE MYOGLOBIN N-BUTYL ISOCYANIDE AT PH 9.0,Physeter macrocephalus,153,1386,2.02,X-RAY DIFFRACTION,1,HEM,Cc1c2n3c(c1CCC(=O)O)C=C4C(=C(C5=[N]4[Fe]36[N]7=C(C=C8N6C(=C5)C(=C8C)C=C)C(=C(C7=C2)C)C=C)C)CCC(=O)O,True,False,True,0.976,1.0,False,0,"[""modeling"", ""md_simulation""]",AF-P02185-F1,97.5,0.0,True,pass,,0.031438714199975945,,intro,,"[""AF-P02185-F1: mean pLDDT 97.5, 0.0% low/very-low confidence""]",pass,0.4393333333333333,0.005792086989999916,-0.4335412463433334,intro,,"[""2459 atoms, 50 steps at 2.0 fs completed cleanly, final PE -11001.0 kJ/mol"", ""minimization may not have fully converged: stopped at max_minimization_iterations=50""]",fail,,1.0,,challenge,docking_quality,"[""self-dock RMSD 4.37 \u00c5 (6 matched atoms) exceeds threshold 2.5 \u00c5""]","{""simulability_reasons"": [], ""pocket_reasons"": [], ""modeling"": [""AF-P02185-F1: mean pLDDT 97.5, 0.0% low/very-low confidence""], ""md_simulation"": [""2459 atoms, 50 steps at 2.0 fs completed cleanly, final PE -11001.0 kJ/mol"", ""minimization may not have fully converged: stopped at max_minimization_iterations=50""], ""docking"": [""self-dock RMSD 4.37 \u00c5 (6 matched atoms) exceeds threshold 2.5 \u00c5""]}"
112M,P02185,SPERM WHALE MYOGLOBIN D122N N-PROPYL ISOCYANIDE AT PH 9.0,Physeter macrocephalus,154,1415,2.34,X-RAY DIFFRACTION,1,HEM,Cc1c2n3c(c1CCC(=O)O)C=C4C(=C(C5=[N]4[Fe]36[N]7=C(C=C8N6C(=C5)C(=C8C)C=C)C(=C(C7=C2)C)C=C)C)CCC(=O)O,True,False,True,0.942,1.0,False,0,"[""modeling"", ""md_simulation""]",AF-P02185-F1,97.5,0.0,True,pass,,0.026825644401833416,,intro,,"[""AF-P02185-F1: mean pLDDT 97.5, 0.0% low/very-low confidence""]",pass,0.48311111111111105,0.009594917820068076,-0.473516193291043,intro,,"[""2478 atoms, 50 steps at 2.0 fs completed cleanly, final PE -10604.6 kJ/mol"", ""minimization may not have fully converged: stopped at max_minimization_iterations=50""]",fail,,1.0,,challenge,docking_quality,"[""self-dock RMSD 4.18 \u00c5 (5 matched atoms) exceeds threshold 2.5 \u00c5""]","{""simulability_reasons"": [], ""pocket_reasons"": [], ""modeling"": [""AF-P02185-F1: mean pLDDT 97.5, 0.0% low/very-low confidence""], ""md_simulation"": [""2478 atoms, 50 steps at 2.0 fs completed cleanly, final PE -10604.6 kJ/mol"", ""minimization may not have fully converged: stopped at max_minimization_iterations=50""], ""docking"": [""self-dock RMSD 4.18 \u00c5 (5 matched atoms) exceeds threshold 2.5 \u00c5""]}"
1I3F,P00651,Ribonuclease T1 V89S mutant,Aspergillus oryzae,104,842,2.35,X-RAY DIFFRACTION,1,2GP,c1nc2c(n1C3C(C(C(O3)CO)O)OP(=O)(O)O)N=C(NC2=O)N,True,False,False,0.193,1.0,False,0,"[""modeling"", ""md_simulation""]",AF-P00651-F1,91.62,0.115,True,pass,,0.029334740799822612,,intro,,"[""AF-P00651-F1: mean pLDDT 91.6, 11.5% low/very-low confidence""]",pass,0.4288888888888889,0.007177132359999329,-0.42171175652888954,intro,,"[""1454 atoms, 50 steps at 2.0 fs completed cleanly, final PE -3100.5 kJ/mol"", ""minimization may not have fully converged: stopped at max_minimization_iterations=50""]",fail,,1.0,,challenge,docking_quality,"[""self-dock RMSD 6.24 \u00c5 (24 matched atoms) exceeds threshold 2.5 \u00c5""]","{""simulability_reasons"": [], ""pocket_reasons"": [""best druggability score 0.193 below threshold 0.5""], ""modeling"": [""AF-P00651-F1: mean pLDDT 91.6, 11.5% low/very-low confidence""], ""md_simulation"": [""1454 atoms, 50 steps at 2.0 fs completed cleanly, final PE -3100.5 kJ/mol"", ""minimization may not have fully converged: stopped at max_minimization_iterations=50""], ""docking"": [""self-dock RMSD 6.24 \u00c5 (24 matched atoms) exceeds threshold 2.5 \u00c5""]}"
1LH5,P02240,X-RAY STRUCTURAL INVESTIGATION OF LEGHEMOGLOBIN. VI. STRUCTURE OF ACETATE-FERRILEGHEMOGLOBIN AT A RESOLUTION OF 2.0 ANGSTROMS (RUSSIAN),Lupinus luteus,153,1291,2.0,X-RAY DIFFRACTION,1,F,[F-],True,True,True,0.945,1.0,False,0,"[""modeling"", ""md_simulation""]",AF-P02240-F1,96.56,0.012,True,pass,,0.03343078100006096,,intro,,"[""AF-P02240-F1: mean pLDDT 96.6, 1.2% low/very-low confidence""]",pass,0.43666666666666665,0.013305629999995289,-0.42336103666667135,intro,,"[""2374 atoms, 50 steps at 2.0 fs completed cleanly, final PE -6453.9 kJ/mol"", ""minimization may not have fully converged: stopped at max_minimization_iterations=50""]",fail,,1.0,,challenge,docking_quality,"[""self-dock RMSD 3.41 \u00c5 (1 matched atoms) exceeds threshold 2.5 \u00c5""]","{""simulability_reasons"": [], ""pocket_reasons"": [], ""modeling"": [""AF-P02240-F1: mean pLDDT 96.6, 1.2% low/very-low confidence""], ""md_simulation"": [""2374 atoms, 50 steps at 2.0 fs completed cleanly, final PE -6453.9 kJ/mol"", ""minimization may not have fully converged: stopped at max_minimization_iterations=50""], ""docking"": [""self-dock RMSD 3.41 \u00c5 (1 matched atoms) exceeds threshold 2.5 \u00c5""]}"
1O4E,P12931,CRYSTAL STRUCTURE OF SH2 IN COMPLEX WITH RU78299.,Homo sapiens,108,989,2.0,X-RAY DIFFRACTION,1,299,Cc1cc(c(c(c1)C=O)OP(=O)(O)O)C=O,True,True,True,0.662,0.9814814814814815,False,0,"[""modeling"", ""md_simulation""]",AF-P12931-F1,83.44,0.194,True,pass,,0.026619597803801298,,intro,,"[""AF-P12931-F1: mean pLDDT 83.4, 19.4% low/very-low confidence""]",pass,0.39283950617283947,0.005269465850045283,-0.3875700403227942,intro,,"[""1734 atoms, 50 steps at 2.0 fs completed cleanly, final PE -8954.2 kJ/mol"", ""minimization may not have fully converged: stopped at max_minimization_iterations=50""]",fail,,1.0,,challenge,docking_quality,"[""self-dock RMSD 3.24 \u00c5 (16 matched atoms) exceeds threshold 2.5 \u00c5""]","{""simulability_reasons"": [], ""pocket_reasons"": [], ""modeling"": [""AF-P12931-F1: mean pLDDT 83.4, 19.4% low/very-low confidence""], ""md_simulation"": [""1734 atoms, 50 steps at 2.0 fs completed cleanly, final PE -8954.2 kJ/mol"", ""minimization may not have fully converged: stopped at max_minimization_iterations=50""], ""docking"": [""self-dock RMSD 3.24 \u00c5 (16 matched atoms) exceeds threshold 2.5 \u00c5""]}"
1OV7,P00720,T4 Lysozyme Cavity Mutant L99A/M102Q Bound with 2-Allyl-6-Methyl-Phenol,Tequatrovirus T4,164,1371,2.0,X-RAY DIFFRACTION,1,BME,C(CS)O,True,False,False,0.432,0.9878048780487805,False,0,"[""md_simulation"", ""docking""]",,,,True,fail,,1.0,,challenge,completeness,"[""no AlphaFold DB entry found for UniProt accession P00720""]",pass,0.45295392953929536,0.008809866569996909,-0.4441440629692985,intro,,"[""2634 atoms, 50 steps at 2.0 fs completed cleanly, final PE -17237.3 kJ/mol"", ""minimization may not have fully converged: stopped at max_minimization_iterations=50""]",pass,,0.024628301741904578,,intro,,"[""self-dock RMSD 0.69 \u00c5, within 2.5 \u00c5"", ""PLIP interactions: {'hydrogen_bonds': 1, 'hydrophobic_contacts': 11, 'pi_stacking': 0, 'pi_cation': 0, 'salt_bridges': 0, 'halogen_bonds': 0, 'water_bridges': 0}""]","{""simulability_reasons"": [], ""pocket_reasons"": [""best druggability score 0.432 below threshold 0.5""], ""modeling"": [""no AlphaFold DB entry found for UniProt accession P00720""], ""md_simulation"": [""2634 atoms, 50 steps at 2.0 fs completed cleanly, final PE -17237.3 kJ/mol"", ""minimization may not have fully converged: stopped at max_minimization_iterations=50""], ""docking"": [""self-dock RMSD 0.69 \u00c5, within 2.5 \u00c5"", ""PLIP interactions: {'hydrogen_bonds': 1, 'hydrophobic_contacts': 11, 'pi_stacking': 0, 'pi_cation': 0, 'salt_bridges': 0, 'halogen_bonds': 0, 'water_bridges': 0}""]}"
1OVP,Q9HYN5,LecB (PA-LII) in complex with fructose,Pseudomonas aeruginosa,114,1025,1.4,X-RAY DIFFRACTION,1,BDF,C1C(C(C(C(O1)(CO)O)O)O)O,True,True,False,0.216,1.0,False,0,"[""modeling"", ""md_simulation""]",AF-Q9HYN5-F1,97.56,0.009,True,pass,,0.02750624219997917,,intro,,"[""AF-Q9HYN5-F1: mean pLDDT 97.6, 0.9% low/very-low confidence""]",pass,0.3133333333333333,0.007802023583332508,-0.3055313097500008,intro,,"[""1627 atoms, 50 steps at 2.0 fs completed cleanly, final PE -8619.6 kJ/mol"", ""minimization may not have fully converged: stopped at max_minimization_iterations=50""]",fail,,1.0,,challenge,docking_quality,"[""self-dock RMSD 3.56 \u00c5 (12 matched atoms) exceeds threshold 2.5 \u00c5""]","{""simulability_reasons"": [], ""pocket_reasons"": [""best druggability score 0.216 below threshold 0.5""], ""modeling"": [""AF-Q9HYN5-F1: mean pLDDT 97.6, 0.9% low/very-low confidence""], ""md_simulation"": [""1627 atoms, 50 steps at 2.0 fs completed cleanly, final PE -8619.6 kJ/mol"", ""minimization may not have fully converged: stopped at max_minimization_iterations=50""], ""docking"": [""self-dock RMSD 3.56 \u00c5 (12 matched atoms) exceeds threshold 2.5 \u00c5""]}"
1OWZ,P00720,T4 Lysozyme Cavity Mutant L99A/M102Q Bound With 4-FluoroPhenEthyl Alcohol,Tequatrovirus T4,164,1375,1.9,X-RAY DIFFRACTION,1,4FA,c1cc(ccc1CCO)F,True,True,False,0.392,0.9878048780487805,False,0,"[""md_simulation"", ""docking""]",,,,True,fail,,1.0,,challenge,completeness,"[""no AlphaFold DB entry found for UniProt accession P00720""]",pass,0.439620596205962,0.015920201876676098,-0.4237003943292859,intro,,"[""2634 atoms, 50 steps at 2.0 fs completed cleanly, final PE -17057.1 kJ/mol"", ""minimization may not have fully converged: stopped at max_minimization_iterations=50""]",pass,,0.07789734207500866,,intro,,"[""self-dock RMSD 0.61 \u00c5, within 2.5 \u00c5"", ""PLIP interactions: {'hydrogen_bonds': 0, 'hydrophobic_contacts': 7, 'pi_stacking': 0, 'pi_cation': 0, 'salt_bridges': 0, 'halogen_bonds': 0, 'water_bridges': 0}""]","{""simulability_reasons"": [], ""pocket_reasons"": [""best druggability score 0.392 below threshold 0.5""], ""modeling"": [""no AlphaFold DB entry found for UniProt accession P00720""], ""md_simulation"": [""2634 atoms, 50 steps at 2.0 fs completed cleanly, final PE -17057.1 kJ/mol"", ""minimization may not have fully converged: stopped at max_minimization_iterations=50""], ""docking"": [""self-dock RMSD 0.61 \u00c5, within 2.5 \u00c5"", ""PLIP interactions: {'hydrogen_bonds': 0, 'hydrophobic_contacts': 7, 'pi_stacking': 0, 'pi_cation': 0, 'salt_bridges': 0, 'halogen_bonds': 0, 'water_bridges': 0}""]}"
1RA8,P0ABQ4,DIHYDROFOLATE REDUCTASE COMPLEXED WITH FOLATE AND 2-MONOPHOSPHOADENOSINE 5'-DIPHOSPHORIBOSE,Escherichia coli,159,1475,1.8,X-RAY DIFFRACTION,1,ATR,c1nc(c2c(n1)n(cn2)C3C(C(C(O3)COP(=O)(O)OP(=O)(O)O)O)OP(=O)(O)O)N,True,True,False,0.428,1.0,False,0,"[""modeling"", ""md_simulation""]",AF-P0ABQ4-F1,96.44,0.0,True,pass,,0.0283587466001336,,intro,,"[""AF-P0ABQ4-F1: mean pLDDT 96.4, 0.0% low/very-low confidence""]",pass,0.41666666666666663,0.014619874663342974,-0.40204679200332366,intro,,"[""2489 atoms, 50 steps at 2.0 fs completed cleanly, final PE -5524.7 kJ/mol"", ""minimization may not have fully converged: stopped at max_minimization_iterations=50""]",fail,,1.0,,challenge,docking_quality,"[""self-dock RMSD 5.71 \u00c5 (32 matched atoms) exceeds threshold 2.5 \u00c5""]","{""simulability_reasons"": [], ""pocket_reasons"": [""best druggability score 0.428 below threshold 0.5""], ""modeling"": [""AF-P0ABQ4-F1: mean pLDDT 96.4, 0.0% low/very-low confidence""], ""md_simulation"": [""2489 atoms, 50 steps at 2.0 fs completed cleanly, final PE -5524.7 kJ/mol"", ""minimization may not have fully converged: stopped at max_minimization_iterations=50""], ""docking"": [""self-dock RMSD 5.71 \u00c5 (32 matched atoms) exceeds threshold 2.5 \u00c5""]}"
1RNN,P61823,RIBONUCLEASE A COMPLEX WITH CYTIDYLIC ACID (5'CMP) CRYSTALLIZED FROM 8M SODIUM FORMATE,Bos taurus,124,1078,1.8,X-RAY DIFFRACTION,1,C5P,C1=CN(C(=O)N=C1N)C2C(C(C(O2)COP(=O)(O)O)O)O,True,True,False,0.271,1.0,False,0,"[""modeling"", ""md_simulation""]",AF-P61823-F1,94.06,0.06,True,pass,,0.03003987579140812,,intro,,"[""AF-P61823-F1: mean pLDDT 94.1, 6.0% low/very-low confidence""]",pass,0.37777777777777777,0.008718992806583023,-0.36905878497119476,intro,,"[""1856 atoms, 50 steps at 2.0 fs completed cleanly, final PE -9243.3 kJ/mol"", ""minimization may not have fully converged: stopped at max_minimization_iterations=50""]",fail,,1.0,,challenge,docking_quality,"[""self-dock RMSD 5.90 \u00c5 (21 matched atoms) exceeds threshold 2.5 \u00c5""]","{""simulability_reasons"": [], ""pocket_reasons"": [""best druggability score 0.271 below threshold 0.5""], ""modeling"": [""AF-P61823-F1: mean pLDDT 94.1, 6.0% low/very-low confidence""], ""md_simulation"": [""1856 atoms, 50 steps at 2.0 fs completed cleanly, final PE -9243.3 kJ/mol"", ""minimization may not have fully converged: stopped at max_minimization_iterations=50""], ""docking"": [""self-dock RMSD 5.90 \u00c5 (21 matched atoms) exceeds threshold 2.5 \u00c5""]}"
1RU2,P26281,CRYSTAL STRUCTURE OF A TERNARY COMPLEX OF E.COLI HPPK(V83G/DEL84-89) WITH MGAMPCPP AND 6-HYDROXYMETHYLPTERIN AT 1.48 ANGSTROM RESOLUTION (ORTHORHOMBIC FORM),Escherichia coli,152,1347,1.48,X-RAY DIFFRACTION,1,APC,c1nc(c2c(n1)n(cn2)C3C(C(C(O3)COP(=O)(CP(=O)(O)OP(=O)(O)O)O)O)O)N,True,True,False,0.19,0.9605263157894737,False,0,"[""modeling"", ""md_simulation""]",AF-P26281-F1,95.62,0.0,True,pass,,0.03029856819998713,,intro,,"[""AF-P26281-F1: mean pLDDT 95.6, 0.0% low/very-low confidence""]",pass,0.3793801169590643,0.018481187183332016,-0.3608989297757323,intro,,"[""2321 atoms, 50 steps at 2.0 fs completed cleanly, final PE -11578.3 kJ/mol"", ""minimization may not have fully converged: stopped at max_minimization_iterations=50""]",fail,,1.0,,challenge,docking_quality,"[""self-dock RMSD 7.31 \u00c5 (31 matched atoms) exceeds threshold 2.5 \u00c5""]","{""simulability_reasons"": [], ""pocket_reasons"": [""best druggability score 0.19 below threshold 0.5""], ""modeling"": [""AF-P26281-F1: mean pLDDT 95.6, 0.0% low/very-low confidence""], ""md_simulation"": [""2321 atoms, 50 steps at 2.0 fs completed cleanly, final PE -11578.3 kJ/mol"", ""minimization may not have fully converged: stopped at max_minimization_iterations=50""], ""docking"": [""self-dock RMSD 7.31 \u00c5 (31 matched atoms) exceeds threshold 2.5 \u00c5""]}"
1XCM,P01112,Crystal structure of the GppNHp-bound H-Ras G60A mutant,Homo sapiens,167,1515,1.84,X-RAY DIFFRACTION,1,GNP,c1nc2c(n1C3C(C(C(O3)COP(=O)(O)OP(=O)(NP(=O)(O)O)O)O)O)N=C(NC2=O)N,True,False,False,0.493,1.0,True,0,"[""modeling"", ""md_simulation""]",AF-P01112-F1,91.94,0.08,True,pass,,0.02979965539998375,,intro,,"[""AF-P01112-F1: mean pLDDT 91.9, 8.0% low/very-low confidence""]",pass,0.4308888888888889,0.0203333581033318,-0.41055553078555707,intro,,"[""2644 atoms, 50 steps at 2.0 fs completed cleanly, final PE -14038.5 kJ/mol"", ""minimization may not have fully converged: stopped at max_minimization_iterations=50""]",fail,,1.0,,challenge,docking_quality,"[""self-dock RMSD 5.19 \u00c5 (32 matched atoms) exceeds threshold 2.5 \u00c5""]","{""simulability_reasons"": [], ""pocket_reasons"": [""best druggability score 0.493 below threshold 0.5""], ""modeling"": [""AF-P01112-F1: mean pLDDT 91.9, 8.0% low/very-low confidence""], ""md_simulation"": [""2644 atoms, 50 steps at 2.0 fs completed cleanly, final PE -14038.5 kJ/mol"", ""minimization may not have fully converged: stopped at max_minimization_iterations=50""], ""docking"": [""self-dock RMSD 5.19 \u00c5 (32 matched atoms) exceeds threshold 2.5 \u00c5""]}"
1Z2U,P35129,The 1.1A crystallographic structure of ubiquitin-conjugating enzyme (ubc-2) from Caenorhabditis elegans: functional and evolutionary significance,Caenorhabditis elegans,150,1409,1.1,X-RAY DIFFRACTION,1,BU3,CC(C(C)O)O,True,True,False,0.31,1.0,False,0,"[""modeling"", ""md_simulation""]",AF-P35129-F1,96.38,0.0,True,pass,,0.029940931801684202,,intro,,"[""AF-P35129-F1: mean pLDDT 96.4, 0.0% low/very-low confidence""]",pass,0.31333333333333335,0.004848030666665485,-0.30848530266666785,intro,,"[""2378 atoms, 50 steps at 2.0 fs completed cleanly, final PE -10530.1 kJ/mol"", ""minimization may not have fully converged: stopped at max_minimization_iterations=50""]",fail,,1.0,,challenge,docking_quality,"[""self-dock RMSD 6.16 \u00c5 (6 matched atoms) exceeds threshold 2.5 \u00c5""]","{""simulability_reasons"": [], ""pocket_reasons"": [""best druggability score 0.31 below threshold 0.5""], ""modeling"": [""AF-P35129-F1: mean pLDDT 96.4, 0.0% low/very-low confidence""], ""md_simulation"": [""2378 atoms, 50 steps at 2.0 fs completed cleanly, final PE -10530.1 kJ/mol"", ""minimization may not have fully converged: stopped at max_minimization_iterations=50""], ""docking"": [""self-dock RMSD 6.16 \u00c5 (6 matched atoms) exceeds threshold 2.5 \u00c5""]}"
2AT3,Q94734,1.00 A Crystal Structure Of L123V/L133V Mutant of Nitrophorin 4 From Rhodnius Prolixus Complexed With Imidazole at pH 5.6,Rhodnius prolixus,184,2122,1.0,X-RAY DIFFRACTION,1,HEM,Cc1c2n3c(c1CCC(=O)O)C=C4C(=C(C5=[N]4[Fe]36[N]7=C(C=C8N6C(=C5)C(=C8C)C=C)C(=C(C7=C2)C)C=C)C)CCC(=O)O,True,False,True,0.92,1.0,False,0,"[""modeling"", ""md_simulation""]",AF-Q94734-F1,88.75,0.127,True,pass,,0.02790514079388231,,intro,,"[""AF-Q94734-F1: mean pLDDT 88.8, 12.7% low/very-low confidence""]",pass,0.33777777777777773,0.00608979381659689,-0.3316879839611808,intro,,"[""2809 atoms, 50 steps at 2.0 fs completed cleanly, final PE -13028.5 kJ/mol"", ""minimization may not have fully converged: stopped at max_minimization_iterations=50""]",fail,,1.0,,challenge,docking_quality,"[""self-dock RMSD 4.93 \u00c5 (5 matched atoms) exceeds threshold 2.5 \u00c5""]","{""simulability_reasons"": [], ""pocket_reasons"": [], ""modeling"": [""AF-Q94734-F1: mean pLDDT 88.8, 12.7% low/very-low confidence""], ""md_simulation"": [""2809 atoms, 50 steps at 2.0 fs completed cleanly, final PE -13028.5 kJ/mol"", ""minimization may not have fully converged: stopped at max_minimization_iterations=50""], ""docking"": [""self-dock RMSD 4.93 \u00c5 (5 matched atoms) exceeds threshold 2.5 \u00c5""]}"
2AT5,Q94734,1.22 A Crystal Structure Of Nitrophorin 4 From Rhodnius Prolixus Containing Fe(III) Deuteroporphyrin IX Complexed With Nitric Oxide at pH 5.6,Rhodnius prolixus,184,2106,1.22,X-RAY DIFFRACTION,1,FDE,Cc1cc2n3c1C=C4C=C(C5=[N]4[Fe]36[N]7=C(C=C8N6C(=C5)C(=C8CCC(=O)O)C)C(=C(C7=C2)C)CCC(=O)O)C,True,False,True,0.796,1.0,False,0,"[""modeling"", ""md_simulation""]",AF-Q94734-F1,88.75,0.127,True,pass,,0.03236657780362293,,intro,,"[""AF-Q94734-F1: mean pLDDT 88.8, 12.7% low/very-low confidence""]",pass,0.36711111111111105,0.006460364813489529,-0.3606507462976215,intro,,"[""2815 atoms, 50 steps at 2.0 fs completed cleanly, final PE -12026.7 kJ/mol"", ""minimization may not have fully converged: stopped at max_minimization_iterations=50""]",fail,,1.0,,challenge,docking_quality,"[""self-dock RMSD 3.46 \u00c5 (2 matched atoms) exceeds threshold 2.5 \u00c5""]","{""simulability_reasons"": [], ""pocket_reasons"": [], ""modeling"": [""AF-Q94734-F1: mean pLDDT 88.8, 12.7% low/very-low confidence""], ""md_simulation"": [""2815 atoms, 50 steps at 2.0 fs completed cleanly, final PE -12026.7 kJ/mol"", ""minimization may not have fully converged: stopped at max_minimization_iterations=50""], ""docking"": [""self-dock RMSD 3.46 \u00c5 (2 matched atoms) exceeds threshold 2.5 \u00c5""]}"
2BQY,P56153,Inorganic Pyrophosphatase from the Pathogenic Bacterium Helicobacter pylori-Kinetic and Structural Properties,Helicobacter pylori 26695,173,1432,2.3,X-RAY DIFFRACTION,1,POP,OP(=O)([O-])OP(=O)(O)[O-],True,False,False,0.141,0.9826589595375722,False,0,"[""modeling"", ""md_simulation""]",AF-P56153-F1,95.69,0.006,True,pass,,0.029325281199999154,,intro,,"[""AF-P56153-F1: mean pLDDT 95.7, 0.6% low/very-low confidence""]",pass,0.5046692357096981,0.010359655459954714,-0.4943095802497434,intro,,"[""2713 atoms, 50 steps at 2.0 fs completed cleanly, final PE -6234.3 kJ/mol"", ""minimization may not have fully converged: stopped at max_minimization_iterations=50""]",fail,,1.0,,challenge,docking_quality,"[""self-dock RMSD 3.73 \u00c5 (9 matched atoms) exceeds threshold 2.5 \u00c5""]","{""simulability_reasons"": [], ""pocket_reasons"": [""best druggability score 0.141 below threshold 0.5""], ""modeling"": [""AF-P56153-F1: mean pLDDT 95.7, 0.6% low/very-low confidence""], ""md_simulation"": [""2713 atoms, 50 steps at 2.0 fs completed cleanly, final PE -6234.3 kJ/mol"", ""minimization may not have fully converged: stopped at max_minimization_iterations=50""], ""docking"": [""self-dock RMSD 3.73 \u00c5 (9 matched atoms) exceeds threshold 2.5 \u00c5""]}"
2BS8,Q47200,Crystal structure of F17b-G in complex with N-acetyl-D-glucosamine,Escherichia coli B,176,1543,2.25,X-RAY DIFFRACTION,1,NAG,CC(=O)NC1C(C(C(OC1O)CO)O)O,True,False,False,0.459,1.0,False,0,"[""modeling"", ""md_simulation""]",AF-Q47200-F1,91.94,0.064,True,pass,,0.032203905005007985,,intro,,"[""AF-Q47200-F1: mean pLDDT 91.9, 6.4% low/very-low confidence""]",pass,0.4955555555555555,0.007228923436681119,-0.4883266321188744,intro,,"[""2597 atoms, 50 steps at 2.0 fs completed cleanly, final PE -14210.9 kJ/mol"", ""minimization may not have fully converged: stopped at max_minimization_iterations=50""]",fail,,1.0,,challenge,docking_quality,"[""self-dock RMSD 4.03 \u00c5 (15 matched atoms) exceeds threshold 2.5 \u00c5""]","{""simulability_reasons"": [], ""pocket_reasons"": [""best druggability score 0.459 below threshold 0.5""], ""modeling"": [""AF-Q47200-F1: mean pLDDT 91.9, 6.4% low/very-low confidence""], ""md_simulation"": [""2597 atoms, 50 steps at 2.0 fs completed cleanly, final PE -14210.9 kJ/mol"", ""minimization may not have fully converged: stopped at max_minimization_iterations=50""], ""docking"": [""self-dock RMSD 4.03 \u00c5 (15 matched atoms) exceeds threshold 2.5 \u00c5""]}"
2F32,P00720,Xray crystal structure of lysozyme mutant L20/R63A liganded to ethylguanidinium,Tequatrovirus T4,175,1603,1.8,X-RAY DIFFRACTION,1,BME,C(CS)O,True,False,False,0.254,1.0,False,0,"[""md_simulation"", ""docking""]",,,,True,fail,,1.0,,challenge,completeness,"[""no AlphaFold DB entry found for UniProt accession P00720""]",pass,0.4344444444444444,0.008269597963468793,-0.42617484648097564,intro,,"[""2795 atoms, 50 steps at 2.0 fs completed cleanly, final PE -15785.9 kJ/mol"", ""minimization may not have fully converged: stopped at max_minimization_iterations=50""]",pass,,0.028105207908083685,,intro,,"[""self-dock RMSD 1.98 \u00c5, within 2.5 \u00c5"", ""PLIP interactions: {'hydrogen_bonds': 0, 'hydrophobic_contacts': 1, 'pi_stacking': 0, 'pi_cation': 0, 'salt_bridges': 1, 'halogen_bonds': 0, 'water_bridges': 0}""]","{""simulability_reasons"": [], ""pocket_reasons"": [""best druggability score 0.254 below threshold 0.5""], ""modeling"": [""no AlphaFold DB entry found for UniProt accession P00720""], ""md_simulation"": [""2795 atoms, 50 steps at 2.0 fs completed cleanly, final PE -15785.9 kJ/mol"", ""minimization may not have fully converged: stopped at max_minimization_iterations=50""], ""docking"": [""self-dock RMSD 1.98 \u00c5, within 2.5 \u00c5"", ""PLIP interactions: {'hydrogen_bonds': 0, 'hydrophobic_contacts': 1, 'pi_stacking': 0, 'pi_cation': 0, 'salt_bridges': 1, 'halogen_bonds': 0, 'water_bridges': 0}""]}"
2LH5,P02240,X-RAY STRUCTURAL INVESTIGATION OF LEGHEMOGLOBIN. VI. STRUCTURE OF ACETATE-FERRILEGHEMOGLOBIN AT A RESOLUTION OF 2.0 ANGSTROMS (RUSSIAN),Lupinus luteus,153,1291,2.0,X-RAY DIFFRACTION,1,F,[F-],True,True,True,0.964,1.0,False,0,"[""modeling"", ""md_simulation""]",AF-P02240-F1,96.56,0.012,True,pass,,0.0284904945991002,,intro,,"[""AF-P02240-F1: mean pLDDT 96.6, 1.2% low/very-low confidence""]",pass,0.43666666666666665,0.009882875569940856,-0.4267837910967258,intro,,"[""2374 atoms, 50 steps at 2.0 fs completed cleanly, final PE -7735.0 kJ/mol"", ""minimization may not have fully converged: stopped at max_minimization_iterations=50""]",fail,,1.0,,challenge,docking_quality,"[""self-dock RMSD 3.47 \u00c5 (1 matched atoms) exceeds threshold 2.5 \u00c5""]","{""simulability_reasons"": [], ""pocket_reasons"": [], ""modeling"": [""AF-P02240-F1: mean pLDDT 96.6, 1.2% low/very-low confidence""], ""md_simulation"": [""2374 atoms, 50 steps at 2.0 fs completed cleanly, final PE -7735.0 kJ/mol"", ""minimization may not have fully converged: stopped at max_minimization_iterations=50""], ""docking"": [""self-dock RMSD 3.47 \u00c5 (1 matched atoms) exceeds threshold 2.5 \u00c5""]}"
2OLI,P59071,Crystal structure of the complex formed between a group II phospholipase A2 and an indole derivative at 2.2 A resolution,Daboia russelii pulchella,121,1068,2.21,X-RAY DIFFRACTION,1,IOP,c1ccc2c(c1)c(c[nH]2)CCC(=O)O,True,True,True,0.9,1.0,False,0,"[""modeling"", ""md_simulation""]",AF-P59071-F1,97.0,0.0,True,pass,,0.031559604802168906,,intro,,"[""AF-P59071-F1: mean pLDDT 97.0, 0.0% low/very-low confidence""]",pass,0.42911111111111105,0.004908515963470563,-0.42420259514764047,intro,,"[""1851 atoms, 50 steps at 2.0 fs completed cleanly, final PE -7708.1 kJ/mol"", ""minimization may not have fully converged: stopped at max_minimization_iterations=50""]",fail,,1.0,,challenge,docking_quality,"[""self-dock RMSD 4.01 \u00c5 (14 matched atoms) exceeds threshold 2.5 \u00c5""]","{""simulability_reasons"": [], ""pocket_reasons"": [], ""modeling"": [""AF-P59071-F1: mean pLDDT 97.0, 0.0% low/very-low confidence""], ""md_simulation"": [""1851 atoms, 50 steps at 2.0 fs completed cleanly, final PE -7708.1 kJ/mol"", ""minimization may not have fully converged: stopped at max_minimization_iterations=50""], ""docking"": [""self-dock RMSD 4.01 \u00c5 (14 matched atoms) exceeds threshold 2.5 \u00c5""]}"
2OT9,Q886T9,Crystal structure of YaeQ protein from Pseudomonas syringae,Pseudomonas syringae pv. tomato str. DC3000,180,1587,1.97,X-RAY DIFFRACTION,1,NA,[Na+],True,False,True,0.64,0.9944444444444445,True,0,"[""modeling"", ""md_simulation""]",AF-Q886T9-F1,96.62,0.011,True,pass,,0.024655026395339518,,intro,,"[""AF-Q886T9-F1: mean pLDDT 96.6, 1.1% low/very-low confidence""]",pass,0.4645185185185185,0.005923403073296261,-0.45859511544522225,intro,,"[""2906 atoms, 50 steps at 2.0 fs completed cleanly, final PE -12503.2 kJ/mol"", ""minimization may not have fully converged: stopped at max_minimization_iterations=50""]",fail,,1.0,,challenge,docking_quality,"[""self-dock RMSD 4.11 \u00c5 (10 matched atoms) exceeds threshold 2.5 \u00c5""]","{""simulability_reasons"": [], ""pocket_reasons"": [], ""modeling"": [""AF-Q886T9-F1: mean pLDDT 96.6, 1.1% low/very-low confidence""], ""md_simulation"": [""2906 atoms, 50 steps at 2.0 fs completed cleanly, final PE -12503.2 kJ/mol"", ""minimization may not have fully converged: stopped at max_minimization_iterations=50""], ""docking"": [""self-dock RMSD 4.11 \u00c5 (10 matched atoms) exceeds threshold 2.5 \u00c5""]}"
2OTF,P59071,Crystal structure of the complex formed between phospholipase A2 and atenolol at 1.95 A resolution,Daboia russelii pulchella,121,1090,1.95,X-RAY DIFFRACTION,1,2TN,CC(C)NCC(COc1ccc(cc1)CC(=O)N)O,True,True,True,0.688,1.0,False,0,"[""modeling"", ""md_simulation""]",AF-P59071-F1,97.0,0.0,True,pass,,0.028407788602635264,,intro,,"[""AF-P59071-F1: mean pLDDT 97.0, 0.0% low/very-low confidence""]",pass,0.39444444444444443,0.0035772767765835547,-0.3908671676678609,intro,,"[""1851 atoms, 50 steps at 2.0 fs completed cleanly, final PE -8072.5 kJ/mol"", ""minimization may not have fully converged: stopped at max_minimization_iterations=50""]",fail,,1.0,,challenge,docking_quality,"[""self-dock RMSD 8.88 \u00c5 (19 matched atoms) exceeds threshold 2.5 \u00c5""]","{""simulability_reasons"": [], ""pocket_reasons"": [], ""modeling"": [""AF-P59071-F1: mean pLDDT 97.0, 0.0% low/very-low confidence""], ""md_simulation"": [""1851 atoms, 50 steps at 2.0 fs completed cleanly, final PE -8072.5 kJ/mol"", ""minimization may not have fully converged: stopped at max_minimization_iterations=50""], ""docking"": [""self-dock RMSD 8.88 \u00c5 (19 matched atoms) exceeds threshold 2.5 \u00c5""]}"
2PMJ,P59071,"Crystal structure of the complex formed between phospholipase A2 and 1, 2 benzopyrone at 2.4 A resolution",Daboia russelii pulchella,121,1061,2.4,X-RAY DIFFRACTION,1,CCN,CC#N,True,True,False,0.24,1.0,False,0,"[""modeling"", ""md_simulation""]",AF-P59071-F1,97.0,0.0,True,pass,,0.027818846597801893,,intro,,"[""AF-P59071-F1: mean pLDDT 97.0, 0.0% low/very-low confidence""]",pass,0.4544444444444444,0.00824598830678345,-0.4461984561376609,intro,,"[""1851 atoms, 50 steps at 2.0 fs completed cleanly, final PE -7984.9 kJ/mol"", ""minimization may not have fully converged: stopped at max_minimization_iterations=50""]",fail,,1.0,,challenge,docking_quality,"[""self-dock RMSD 3.87 \u00c5 (11 matched atoms) exceeds threshold 2.5 \u00c5""]","{""simulability_reasons"": [], ""pocket_reasons"": [""best druggability score 0.24 below threshold 0.5""], ""modeling"": [""AF-P59071-F1: mean pLDDT 97.0, 0.0% low/very-low confidence""], ""md_simulation"": [""1851 atoms, 50 steps at 2.0 fs completed cleanly, final PE -7984.9 kJ/mol"", ""minimization may not have fully converged: stopped at max_minimization_iterations=50""], ""docking"": [""self-dock RMSD 3.87 \u00c5 (11 matched atoms) exceeds threshold 2.5 \u00c5""]}"
2PWS,P59071,Crystal structure of the complex formed between phospholipase A2 and 2-(4-isobutyl-phenyl)-propionic acid at 2.2 A resolution,Daboia russelii pulchella,121,1053,2.21,X-RAY DIFFRACTION,1,IBP,CC(C)Cc1ccc(cc1)C(C)C(=O)O,True,True,True,0.683,1.0,False,0,"[""modeling"", ""md_simulation""]",AF-P59071-F1,97.0,0.0,True,pass,,0.031006125199928646,,intro,,"[""AF-P59071-F1: mean pLDDT 97.0, 0.0% low/very-low confidence""]",pass,0.42911111111111105,0.0061534946999987974,-0.42295761641111224,intro,,"[""1851 atoms, 50 steps at 2.0 fs completed cleanly, final PE -7892.0 kJ/mol"", ""minimization may not have fully converged: stopped at max_minimization_iterations=50""]",fail,,1.0,,challenge,docking_quality,"[""self-dock RMSD 4.76 \u00c5 (15 matched atoms) exceeds threshold 2.5 \u00c5""]","{""simulability_reasons"": [], ""pocket_reasons"": [], ""modeling"": [""AF-P59071-F1: mean pLDDT 97.0, 0.0% low/very-low confidence""], ""md_simulation"": [""1851 atoms, 50 steps at 2.0 fs completed cleanly, final PE -7892.0 kJ/mol"", ""minimization may not have fully converged: stopped at max_minimization_iterations=50""], ""docking"": [""self-dock RMSD 4.76 \u00c5 (15 matched atoms) exceeds threshold 2.5 \u00c5""]}"
2PYC,P59071,Crystal structure of a monomeric phospholipase A2 from Russell's viper at 1.5A resolution,Daboia russelii pulchella,121,1249,1.5,X-RAY DIFFRACTION,1,ACT,CC(=O)[O-],True,True,True,0.909,1.0,False,0,"[""modeling"", ""md_simulation""]",AF-P59071-F1,97.0,0.0,True,pass,,0.027930607600137592,,intro,,"[""AF-P59071-F1: mean pLDDT 97.0, 0.0% low/very-low confidence""]",pass,0.33444444444444443,0.00481384557671845,-0.329630598867726,intro,,"[""1851 atoms, 50 steps at 2.0 fs completed cleanly, final PE -7920.9 kJ/mol"", ""minimization may not have fully converged: stopped at max_minimization_iterations=50""]",fail,,1.0,,challenge,docking_quality,"[""self-dock RMSD 3.64 \u00c5 (3 matched atoms) exceeds threshold 2.5 \u00c5""]","{""simulability_reasons"": [], ""pocket_reasons"": [], ""modeling"": [""AF-P59071-F1: mean pLDDT 97.0, 0.0% low/very-low confidence""], ""md_simulation"": [""1851 atoms, 50 steps at 2.0 fs completed cleanly, final PE -7920.9 kJ/mol"", ""minimization may not have fully converged: stopped at max_minimization_iterations=50""], ""docking"": [""self-dock RMSD 3.64 \u00c5 (3 matched atoms) exceeds threshold 2.5 \u00c5""]}"
2VBT,Q60365,Riboflavin kinase Mj0056 from Methanocaldococcus jannaschii in complex with CDP and PO4,Methanocaldococcus jannaschii,136,1167,2.7,X-RAY DIFFRACTION,1,CDP,C1=CN(C(=O)N=C1N)C2C(C(C(O2)COP(=O)(O)OP(=O)(O)O)O)O,True,True,False,0.277,1.0,False,0,"[""modeling"", ""md_simulation""]",AF-Q60365-F1,93.31,0.045,True,pass,,0.028663548396434636,,intro,,"[""AF-Q60365-F1: mean pLDDT 93.3, 4.5% low/very-low confidence""]",pass,0.4844444444444444,0.007787326549878344,-0.47665711789456605,intro,,"[""2274 atoms, 50 steps at 2.0 fs completed cleanly, final PE -7849.9 kJ/mol"", ""minimization may not have fully converged: stopped at max_minimization_iterations=50""]",fail,,1.0,,challenge,docking_quality,"[""self-dock RMSD 6.37 \u00c5 (25 matched atoms) exceeds threshold 2.5 \u00c5""]","{""simulability_reasons"": [], ""pocket_reasons"": [""best druggability score 0.277 below threshold 0.5""], ""modeling"": [""AF-Q60365-F1: mean pLDDT 93.3, 4.5% low/very-low confidence""], ""md_simulation"": [""2274 atoms, 50 steps at 2.0 fs completed cleanly, final PE -7849.9 kJ/mol"", ""minimization may not have fully converged: stopped at max_minimization_iterations=50""], ""docking"": [""self-dock RMSD 6.37 \u00c5 (25 matched atoms) exceeds threshold 2.5 \u00c5""]}"
3AGO,P00654,Crystal Structure of Ustilago sphaerogena Ribonuclease U2 complexed with adenosine 3'-monophosphate,Ustilago sphaerogena,114,1022,0.99,X-RAY DIFFRACTION,1,3AM,c1nc(c2c(n1)n(cn2)C3C(C(C(O3)CO)OP(=O)(O)O)O)N,True,True,False,0.001,1.0,False,0,"[""modeling"", ""md_simulation""]",AF-P00654-F1,96.81,0.0,True,pass,,0.2279258309979923,,intro,,"[""AF-P00654-F1: mean pLDDT 96.8, 0.0% low/very-low confidence""]",pass,0.25866666666666666,0.004077817599948806,-0.25458884906671786,intro,,"[""1621 atoms, 50 steps at 2.0 fs completed cleanly, final PE -2404.9 kJ/mol"", ""minimization may not have fully converged: stopped at max_minimization_iterations=50""]",fail,,1.0,,challenge,docking_quality,"[""self-dock RMSD 6.46 \u00c5 (23 matched atoms) exceeds threshold 2.5 \u00c5""]","{""simulability_reasons"": [], ""pocket_reasons"": [""best druggability score 0.001 below threshold 0.5""], ""modeling"": [""AF-P00654-F1: mean pLDDT 96.8, 0.0% low/very-low confidence""], ""md_simulation"": [""1621 atoms, 50 steps at 2.0 fs completed cleanly, final PE -2404.9 kJ/mol"", ""minimization may not have fully converged: stopped at max_minimization_iterations=50""], ""docking"": [""self-dock RMSD 6.46 \u00c5 (23 matched atoms) exceeds threshold 2.5 \u00c5""]}"
3BA2,P68082,Cyanide bound Chlorin substituted Myoglobin,Equus caballus,153,1362,1.8,X-RAY DIFFRACTION,1,CYN,[C-]#N,True,False,True,0.983,0.9934640522875817,False,0,"[""modeling"", ""md_simulation""]",AF-P68082-F1,96.81,0.013,True,pass,,0.05004763338947669,,intro,,"[""AF-P68082-F1: mean pLDDT 96.8, 1.3% low/very-low confidence""]",pass,0.4121786492374727,0.004523464293257954,-0.40765518494421477,intro,,"[""2411 atoms, 50 steps at 2.0 fs completed cleanly, final PE -10338.6 kJ/mol"", ""minimization may not have fully converged: stopped at max_minimization_iterations=50""]",fail,,1.0,,challenge,docking_quality,"[""self-dock RMSD 4.20 \u00c5 (2 matched atoms) exceeds threshold 2.5 \u00c5""]","{""simulability_reasons"": [], ""pocket_reasons"": [], ""modeling"": [""AF-P68082-F1: mean pLDDT 96.8, 1.3% low/very-low confidence""], ""md_simulation"": [""2411 atoms, 50 steps at 2.0 fs completed cleanly, final PE -10338.6 kJ/mol"", ""minimization may not have fully converged: stopped at max_minimization_iterations=50""], ""docking"": [""self-dock RMSD 4.20 \u00c5 (2 matched atoms) exceeds threshold 2.5 \u00c5""]}"
3BAF,P9WPY3,Crystal structure of shikimate kinase from Mycobacterium tuberculosis in complex with AMP-PNP,Mycobacterium tuberculosis,176,1405,2.25,X-RAY DIFFRACTION,1,ANP,c1nc(c2c(n1)n(cn2)C3C(C(C(O3)COP(=O)(O)OP(=O)(NP(=O)(O)O)O)O)O)N,True,True,False,0.314,0.9375,False,0,"[""modeling"", ""md_simulation""]",AF-P9WPY3-F1,91.5,0.073,True,pass,,0.03261475199833512,,intro,,"[""AF-P9WPY3-F1: mean pLDDT 91.5, 7.3% low/very-low confidence""]",pass,0.5163888888888889,0.007827543136663735,-0.5085613457522251,intro,,"[""2664 atoms, 50 steps at 2.0 fs completed cleanly, final PE -11618.8 kJ/mol"", ""minimization may not have fully converged: stopped at max_minimization_iterations=50""]",fail,,1.0,,challenge,docking_quality,"[""self-dock RMSD 8.73 \u00c5 (31 matched atoms) exceeds threshold 2.5 \u00c5""]","{""simulability_reasons"": [], ""pocket_reasons"": [""best druggability score 0.314 below threshold 0.5""], ""modeling"": [""AF-P9WPY3-F1: mean pLDDT 91.5, 7.3% low/very-low confidence""], ""md_simulation"": [""2664 atoms, 50 steps at 2.0 fs completed cleanly, final PE -11618.8 kJ/mol"", ""minimization may not have fully converged: stopped at max_minimization_iterations=50""], ""docking"": [""self-dock RMSD 8.73 \u00c5 (31 matched atoms) exceeds threshold 2.5 \u00c5""]}"
3F0X,Q2YY41,"Staphylococcus aureus F98Y mutant dihydrofolate reductase complexed with NADPH and 2,4-Diamino-5-[3-(3-methoxy-5-(3,5-dimethylphenyl)phenyl)but-1-ynyl]-6-methylpyrimidine",Staphylococcus aureus RF122,157,1407,2.6,X-RAY DIFFRACTION,1,53T,Cc1cc(cc(c1)c2cc(cc(c2)OC)C(C)C#Cc3c(nc(nc3N)N)C)C,True,True,False,0.302,1.0,False,0,"[""md_simulation"", ""docking""]",,,,True,fail,,1.0,,challenge,completeness,"[""no AlphaFold DB entry found for UniProt accession Q2YY41""]",pass,0.5077777777777778,0.008905638303452482,-0.4988721394743253,intro,,"[""2537 atoms, 50 steps at 2.0 fs completed cleanly, final PE -9086.4 kJ/mol"", ""minimization may not have fully converged: stopped at max_minimization_iterations=50""]",pass,,0.26532554460815544,,intro,,"[""self-dock RMSD 0.58 \u00c5, within 2.5 \u00c5"", ""PLIP interactions: {'hydrogen_bonds': 19, 'hydrophobic_contacts': 2, 'pi_stacking': 0, 'pi_cation': 0, 'salt_bridges': 6, 'halogen_bonds': 0, 'water_bridges': 0}""]","{""simulability_reasons"": [], ""pocket_reasons"": [""best druggability score 0.302 below threshold 0.5""], ""modeling"": [""no AlphaFold DB entry found for UniProt accession Q2YY41""], ""md_simulation"": [""2537 atoms, 50 steps at 2.0 fs completed cleanly, final PE -9086.4 kJ/mol"", ""minimization may not have fully converged: stopped at max_minimization_iterations=50""], ""docking"": [""self-dock RMSD 0.58 \u00c5, within 2.5 \u00c5"", ""PLIP interactions: {'hydrogen_bonds': 19, 'hydrophobic_contacts': 2, 'pi_stacking': 0, 'pi_cation': 0, 'salt_bridges': 6, 'halogen_bonds': 0, 'water_bridges': 0}""]}"
3G26,P03322,Crystal structure of the C-terminal domain of the Rous Sarcoma Virus capsid protein: Mutant A184C,Rous sarcoma virus - Prague C,77,719,1.55,X-RAY DIFFRACTION,1,MLA,C(C(=O)O)C(=O)O,True,True,False,0.174,1.0,False,0,"[""md_simulation"", ""docking""]",AF-0000000365763033,65.24,0.61,True,fail,,1.0,,challenge,confidence,"[""61.0% of AF-0000000365763033 is low/very-low pLDDT, exceeds threshold 30.0%""]",pass,0.2922222222222222,0.00519239477000004,-0.28702982745222216,intro,,"[""1199 atoms, 50 steps at 2.0 fs completed cleanly, final PE -6705.1 kJ/mol"", ""minimization may not have fully converged: stopped at max_minimization_iterations=50""]",pass,,0.01366044974166698,,intro,,"[""self-dock RMSD 1.73 \u00c5, within 2.5 \u00c5"", ""PLIP interactions: {'hydrogen_bonds': 2, 'hydrophobic_contacts': 0, 'pi_stacking': 0, 'pi_cation': 0, 'salt_bridges': 2, 'halogen_bonds': 0, 'water_bridges': 0}""]","{""simulability_reasons"": [], ""pocket_reasons"": [""best druggability score 0.174 below threshold 0.5""], ""modeling"": [""61.0% of AF-0000000365763033 is low/very-low pLDDT, exceeds threshold 30.0%""], ""md_simulation"": [""1199 atoms, 50 steps at 2.0 fs completed cleanly, final PE -6705.1 kJ/mol"", ""minimization may not have fully converged: stopped at max_minimization_iterations=50""], ""docking"": [""self-dock RMSD 1.73 \u00c5, within 2.5 \u00c5"", ""PLIP interactions: {'hydrogen_bonds': 2, 'hydrophobic_contacts': 0, 'pi_stacking': 0, 'pi_cation': 0, 'salt_bridges': 2, 'halogen_bonds': 0, 'water_bridges': 0}""]}"
1MUI,Q903J0,Crystal structure of HIV-1 protease complexed with Lopinavir.,Human immunodeficiency virus 1,198,1608,2.8,X-RAY DIFFRACTION,1,AB1,Cc1cccc(c1OCC(=O)NC(Cc2ccccc2)C(CC(Cc3ccccc3)NC(=O)C(C(C)C)N4CCCNC4=O)O)C,True,True,False,0.149,1.0,False,31,"[""md_simulation""]",,,,True,fail,,1.0,,challenge,completeness,"[""no AlphaFold DB entry found for UniProt accession Q903J0""]",pass,0.5533333333333333,0.010514677816666639,-0.5428186555166667,intro,,"[""3128 atoms, 50 steps at 2.0 fs completed cleanly, final PE -12583.5 kJ/mol"", ""minimization may not have fully converged: stopped at max_minimization_iterations=50""]",fail,,1.0,,challenge,docking_quality,"[""self-dock RMSD 10.77 \u00c5 (46 matched atoms) exceeds threshold 2.5 \u00c5""]","{""simulability_reasons"": [], ""pocket_reasons"": [""best druggability score 0.149 below threshold 0.5""], ""modeling"": [""no AlphaFold DB entry found for UniProt accession Q903J0""], ""md_simulation"": [""3128 atoms, 50 steps at 2.0 fs completed cleanly, final PE -12583.5 kJ/mol"", ""minimization may not have fully converged: stopped at max_minimization_iterations=50""], ""docking"": [""self-dock RMSD 10.77 \u00c5 (46 matched atoms) exceeds threshold 2.5 \u00c5""]}"
1JMT,P26368,X-ray Structure of a Core U2AF65/U2AF35 Heterodimer,Homo sapiens,132,1133,2.2,X-RAY DIFFRACTION,2,HEZ,C(CCCO)CCO,True,True,False,0.456,0.9166666666666666,False,19,"[""md_simulation""]",AF-P26368-F1,73.19,0.36,True,fail,,1.0,,challenge,confidence,"[""36.0% of AF-P26368-F1 is low/very-low pLDDT, exceeds threshold 30.0%""]",pass,0.4677777777777778,0.01994326261332996,-0.44783451516444783,intro,,"[""2108 atoms, 50 steps at 2.0 fs completed cleanly, final PE -1283.4 kJ/mol"", ""minimization may not have fully converged: stopped at max_minimization_iterations=50""]",fail,,1.0,,challenge,docking_quality,"[""self-dock RMSD 4.80 \u00c5 (8 matched atoms) exceeds threshold 2.5 \u00c5""]","{""simulability_reasons"": [], ""pocket_reasons"": [""best druggability score 0.456 below threshold 0.5""], ""modeling"": [""36.0% of AF-P26368-F1 is low/very-low pLDDT, exceeds threshold 30.0%""], ""md_simulation"": [""2108 atoms, 50 steps at 2.0 fs completed cleanly, final PE -1283.4 kJ/mol"", ""minimization may not have fully converged: stopped at max_minimization_iterations=50""], ""docking"": [""self-dock RMSD 4.80 \u00c5 (8 matched atoms) exceeds threshold 2.5 \u00c5""]}"
1UW3,P23907,The crystal structure of the globular domain of sheep prion protein,Ovis aries,106,981,2.05,X-RAY DIFFRACTION,1,GSH,C(CC(=O)NC(CS)C(=O)NCC(=O)O)C(C(=O)O)N,True,True,False,0.341,1.0,False,15,"[""md_simulation""]",AF-P23907-F1,64.5,0.497,True,fail,,1.0,,challenge,confidence,"[""49.7% of AF-P23907-F1 is low/very-low pLDDT, exceeds threshold 30.0%""]",pass,0.3911111111111111,0.00534488203333846,-0.38576622907777264,intro,,"[""1706 atoms, 50 steps at 2.0 fs completed cleanly, final PE -11581.1 kJ/mol"", ""minimization may not have fully converged: stopped at max_minimization_iterations=50""]",fail,,1.0,,challenge,docking_quality,"[""self-dock RMSD 6.57 \u00c5 (16 matched atoms) exceeds threshold 2.5 \u00c5""]","{""simulability_reasons"": [], ""pocket_reasons"": [""best druggability score 0.341 below threshold 0.5""], ""modeling"": [""49.7% of AF-P23907-F1 is low/very-low pLDDT, exceeds threshold 30.0%""], ""md_simulation"": [""1706 atoms, 50 steps at 2.0 fs completed cleanly, final PE -11581.1 kJ/mol"", ""minimization may not have fully converged: stopped at max_minimization_iterations=50""], ""docking"": [""self-dock RMSD 6.57 \u00c5 (16 matched atoms) exceeds threshold 2.5 \u00c5""]}"
1LPH,P01308,LYS(B28)PRO(B29)-HUMAN INSULIN,Homo sapiens,102,864,2.3,X-RAY DIFFRACTION,2,CL,[Cl-],True,True,True,0.628,1.0,False,12,"[""md_simulation""]",AF-P01308-F1,52.91,0.873,True,fail,,1.0,,challenge,confidence,"[""87.3% of AF-P01308-F1 is low/very-low pLDDT, exceeds threshold 30.0%""]",pass,0.42,0.0057331616332521665,-0.4142668383667478,intro,,"[""1572 atoms, 50 steps at 2.0 fs completed cleanly, final PE -7053.4 kJ/mol"", ""minimization may not have fully converged: stopped at max_minimization_iterations=50""]",fail,,1.0,,challenge,docking_quality,"[""self-dock RMSD 2.72 \u00c5 (7 matched atoms) exceeds threshold 2.5 \u00c5""]","{""simulability_reasons"": [], ""pocket_reasons"": [], ""modeling"": [""87.3% of AF-P01308-F1 is low/very-low pLDDT, exceeds threshold 30.0%""], ""md_simulation"": [""1572 atoms, 50 steps at 2.0 fs completed cleanly, final PE -7053.4 kJ/mol"", ""minimization may not have fully converged: stopped at max_minimization_iterations=50""], ""docking"": [""self-dock RMSD 2.72 \u00c5 (7 matched atoms) exceeds threshold 2.5 \u00c5""]}"
1HPS,P03366,"RATIONAL DESIGN, SYNTHESIS AND CRYSTALLOGRAPHIC ANALYSIS OF A HYDROXYETHYLENE-BASED HIV-1 PROTEASE INHIBITOR CONTAINING A HETEROCYCLIC P1'-P2' AMIDE BOND ISOSTERE",Human immunodeficiency virus 1,198,1625,2.3,X-RAY DIFFRACTION,1,RUN,CC(C)C(C(=O)NC(Cc1ccccc1)C(CC(Cc2ccccc2)c3[nH]c(cn3)C(=O)C(C)C)O)NC(=O)OCc4ccccc4,True,True,False,0.095,1.0,False,11,"[""md_simulation""]",,,,True,fail,,1.0,,challenge,completeness,"[""no AlphaFold DB entry found for UniProt accession P03366""]",pass,0.5266666666666666,0.012430023206664677,-0.514236643460002,intro,,"[""3128 atoms, 50 steps at 2.0 fs completed cleanly, final PE -13919.7 kJ/mol"", ""minimization may not have fully converged: stopped at max_minimization_iterations=50""]",fail,,1.0,,challenge,docking_quality,"[""self-dock RMSD 11.01 \u00c5 (47 matched atoms) exceeds threshold 2.5 \u00c5""]","{""simulability_reasons"": [], ""pocket_reasons"": [""best druggability score 0.095 below threshold 0.5""], ""modeling"": [""no AlphaFold DB entry found for UniProt accession P03366""], ""md_simulation"": [""3128 atoms, 50 steps at 2.0 fs completed cleanly, final PE -13919.7 kJ/mol"", ""minimization may not have fully converged: stopped at max_minimization_iterations=50""], ""docking"": [""self-dock RMSD 11.01 \u00c5 (47 matched atoms) exceeds threshold 2.5 \u00c5""]}"
2XV7,O43915,Crystal structure of vascular endothelial growth factor D,Homo sapiens,112,887,2.9,X-RAY DIFFRACTION,1,MAN,C(C1C(C(C(C(O1)O)O)O)O)O,True,True,False,0.4,0.9285714285714286,False,11,"[""md_simulation""]",AF-O43915-F1,70.56,0.41600000000000004,True,fail,,1.0,,challenge,confidence,"[""41.6% of AF-O43915-F1 is low/very-low pLDDT, exceeds threshold 30.0%""]",pass,0.48158730158730156,0.005196201113479523,-0.47639110047382205,intro,,"[""1719 atoms, 50 steps at 2.0 fs completed cleanly, final PE -2333.0 kJ/mol"", ""minimization may not have fully converged: stopped at max_minimization_iterations=50""]",fail,,1.0,,challenge,docking_quality,"[""self-dock RMSD 7.20 \u00c5 (11 matched atoms) exceeds threshold 2.5 \u00c5""]","{""simulability_reasons"": [], ""pocket_reasons"": [""best druggability score 0.4 below threshold 0.5""], ""modeling"": [""41.6% of AF-O43915-F1 is low/very-low pLDDT, exceeds threshold 30.0%""], ""md_simulation"": [""1719 atoms, 50 steps at 2.0 fs completed cleanly, final PE -2333.0 kJ/mol"", ""minimization may not have fully converged: stopped at max_minimization_iterations=50""], ""docking"": [""self-dock RMSD 7.20 \u00c5 (11 matched atoms) exceeds threshold 2.5 \u00c5""]}"
1HVS,P04587,STRUCTURAL BASIS OF DRUG RESISTANCE FOR THE V82A MUTANT OF HIV-1 PROTEASE: BACKBONE FLEXIBILITY AND SUBSITE REPACKING,Human immunodeficiency virus 1,198,1570,2.25,X-RAY DIFFRACTION,1,A77,CC(C)C(C(=O)NC(Cc1ccccc1)C(C(C(Cc2ccccc2)NC(=O)C(C(C)C)NC(=O)N(C)Cc3ccccn3)O)O)NC(=O)N(C)Cc4ccccn4,True,True,False,0.408,1.0,False,10,"[""md_simulation""]",,,,True,fail,,1.0,,challenge,completeness,"[""no AlphaFold DB entry found for UniProt accession P04587""]",pass,0.52,0.016276943526663673,-0.5037230564733364,intro,,"[""3118 atoms, 50 steps at 2.0 fs completed cleanly, final PE -15277.8 kJ/mol"", ""minimization may not have fully converged: stopped at max_minimization_iterations=50""]",fail,,1.0,,challenge,docking_quality,"[""self-dock RMSD 11.99 \u00c5 (58 matched atoms) exceeds threshold 2.5 \u00c5""]","{""simulability_reasons"": [], ""pocket_reasons"": [""best druggability score 0.408 below threshold 0.5""], ""modeling"": [""no AlphaFold DB entry found for UniProt accession P04587""], ""md_simulation"": [""3118 atoms, 50 steps at 2.0 fs completed cleanly, final PE -15277.8 kJ/mol"", ""minimization may not have fully converged: stopped at max_minimization_iterations=50""], ""docking"": [""self-dock RMSD 11.99 \u00c5 (58 matched atoms) exceeds threshold 2.5 \u00c5""]}"
2IDW,P03366,Crystal structure analysis of HIV-1 protease mutant V82A with a potent non-peptide inhibitor (UIC-94017),Human immunodeficiency virus 1,198,2042,1.1,X-RAY DIFFRACTION,1,017,CC(C)CN(CC(C(Cc1ccccc1)NC(=O)OC2COC3C2CCO3)O)S(=O)(=O)c4ccc(cc4)N,True,True,False,0.193,1.0,False,10,"[""md_simulation""]",,,,True,fail,,1.0,,challenge,completeness,"[""no AlphaFold DB entry found for UniProt accession P03366""]",pass,0.3666666666666667,0.01188687162333281,-0.3547797950433339,intro,,"[""3122 atoms, 50 steps at 2.0 fs completed cleanly, final PE -13939.5 kJ/mol"", ""minimization may not have fully converged: stopped at max_minimization_iterations=50""]",fail,,1.0,,challenge,docking_quality,"[""self-dock RMSD 4.90 \u00c5 (38 matched atoms) exceeds threshold 2.5 \u00c5""]","{""simulability_reasons"": [], ""pocket_reasons"": [""best druggability score 0.193 below threshold 0.5""], ""modeling"": [""no AlphaFold DB entry found for UniProt accession P03366""], ""md_simulation"": [""3122 atoms, 50 steps at 2.0 fs completed cleanly, final PE -13939.5 kJ/mol"", ""minimization may not have fully converged: stopped at max_minimization_iterations=50""], ""docking"": [""self-dock RMSD 4.90 \u00c5 (38 matched atoms) exceeds threshold 2.5 \u00c5""]}"
3CYW,P04587,Effect of Flap Mutations on Structure of HIV-1 Protease and Inhibition by Saquinavir and Darunavir,,198,1832,1.4,X-RAY DIFFRACTION,1,017,CC(C)CN(CC(C(Cc1ccccc1)NC(=O)OC2COC3C2CCO3)O)S(=O)(=O)c4ccc(cc4)N,True,True,True,0.735,1.0,False,10,"[""md_simulation""]",,,,True,fail,,1.0,,challenge,completeness,"[""no AlphaFold DB entry found for UniProt accession P04587""]",pass,0.4066666666666666,0.025995663893336313,-0.3806710027733303,intro,,"[""3152 atoms, 50 steps at 2.0 fs completed cleanly, final PE -14509.9 kJ/mol"", ""minimization may not have fully converged: stopped at max_minimization_iterations=50""]",fail,,1.0,,challenge,docking_quality,"[""self-dock RMSD 9.33 \u00c5 (38 matched atoms) exceeds threshold 2.5 \u00c5""]","{""simulability_reasons"": [], ""pocket_reasons"": [], ""modeling"": [""no AlphaFold DB entry found for UniProt accession P04587""], ""md_simulation"": [""3152 atoms, 50 steps at 2.0 fs completed cleanly, final PE -14509.9 kJ/mol"", ""minimization may not have fully converged: stopped at max_minimization_iterations=50""], ""docking"": [""self-dock RMSD 9.33 \u00c5 (38 matched atoms) exceeds threshold 2.5 \u00c5""]}"
3FA0,P00720,Evaulaution at Atomic Resolution of the Role of Strain in Destabilizing the Temperature Sensitive T4 Lysozyme Mutant Arg96-->His,Tequatrovirus T4,162,1568,1.09,X-RAY DIFFRACTION,1,BME,C(CS)O,True,False,False,0.307,1.0,False,10,"[""md_simulation""]",,,,True,fail,,1.0,,challenge,completeness,"[""no AlphaFold DB entry found for UniProt accession P00720""]",pass,0.32533333333333336,0.005654652259933452,-0.3196786810733999,intro,,"[""2610 atoms, 50 steps at 2.0 fs completed cleanly, final PE -17340.8 kJ/mol"", ""minimization may not have fully converged: stopped at max_minimization_iterations=50""]",fail,,1.0,,challenge,docking_quality,"[""self-dock RMSD 3.84 \u00c5 (8 matched atoms) exceeds threshold 2.5 \u00c5""]","{""simulability_reasons"": [], ""pocket_reasons"": [""best druggability score 0.307 below threshold 0.5""], ""modeling"": [""no AlphaFold DB entry found for UniProt accession P00720""], ""md_simulation"": [""2610 atoms, 50 steps at 2.0 fs completed cleanly, final PE -17340.8 kJ/mol"", ""minimization may not have fully converged: stopped at max_minimization_iterations=50""], ""docking"": [""self-dock RMSD 3.84 \u00c5 (8 matched atoms) exceeds threshold 2.5 \u00c5""]}"
1GNO,P03366,HIV-1 PROTEASE (WILD TYPE) COMPLEXED WITH U89360E (INHIBITOR),Human immunodeficiency virus 1,198,1679,2.3,X-RAY DIFFRACTION,1,U0E,CC(C)C(CC(C(CC1CCCCC1)NC(=O)C)O)C(=O)NC(CCC(=O)N)C(=O)NC(CCCNC(=N)N)C(=O)N,True,True,False,0.136,1.0,False,9,"[""md_simulation""]",,,,True,fail,,1.0,,challenge,completeness,"[""no AlphaFold DB entry found for UniProt accession P03366""]",pass,0.5266666666666666,0.009382987643333156,-0.5172836790233335,intro,,"[""3128 atoms, 50 steps at 2.0 fs completed cleanly, final PE -12662.7 kJ/mol"", ""minimization may not have fully converged: stopped at max_minimization_iterations=50""]",fail,,1.0,,challenge,docking_quality,"[""self-dock RMSD 4.27 \u00c5 (42 matched atoms) exceeds threshold 2.5 \u00c5""]","{""simulability_reasons"": [], ""pocket_reasons"": [""best druggability score 0.136 below threshold 0.5""], ""modeling"": [""no AlphaFold DB entry found for UniProt accession P03366""], ""md_simulation"": [""3128 atoms, 50 steps at 2.0 fs completed cleanly, final PE -12662.7 kJ/mol"", ""minimization may not have fully converged: stopped at max_minimization_iterations=50""], ""docking"": [""self-dock RMSD 4.27 \u00c5 (42 matched atoms) exceeds threshold 2.5 \u00c5""]}"
2YEL,O60885,Crystal Structure of the First Bromodomain of Human Brd4 with the inhibitor GW841819X,Homo sapiens,127,1343,1.65,X-RAY DIFFRACTION,1,EDO,C(CO)O,True,False,True,0.793,1.0,False,9,"[""md_simulation""]",AF-O60885-F1,55.31,0.703,True,fail,,1.0,,challenge,confidence,"[""70.3% of AF-O60885-F1 is low/very-low pLDDT, exceeds threshold 30.0%""]",pass,0.36111111111111105,0.0064519625632480405,-0.354659148547863,intro,,"[""2121 atoms, 50 steps at 2.0 fs completed cleanly, final PE -9687.9 kJ/mol"", ""minimization may not have fully converged: stopped at max_minimization_iterations=50""]",fail,,1.0,,challenge,docking_quality,"[""self-dock RMSD 6.51 \u00c5 (32 matched atoms) exceeds threshold 2.5 \u00c5""]","{""simulability_reasons"": [], ""pocket_reasons"": [], ""modeling"": [""70.3% of AF-O60885-F1 is low/very-low pLDDT, exceeds threshold 30.0%""], ""md_simulation"": [""2121 atoms, 50 steps at 2.0 fs completed cleanly, final PE -9687.9 kJ/mol"", ""minimization may not have fully converged: stopped at max_minimization_iterations=50""], ""docking"": [""self-dock RMSD 6.51 \u00c5 (32 matched atoms) exceeds threshold 2.5 \u00c5""]}"
1A8G,P03367,HIV-1 PROTEASE IN COMPLEX WITH SDZ283-910,Human immunodeficiency virus 1,198,1649,2.5,X-RAY DIFFRACTION,1,2Z4,CC(C)C(C(=O)NCc1ccc(cc1O)OC)NC(=O)C(C(C(Cc2ccccc2)NC(=O)C(C(C)(C)C)NC(=O)OCc3ccccc3)O)NCc4ccc(cc4)OC,True,True,False,0.056,1.0,False,8,"[""md_simulation""]",,,,True,fail,,1.0,,challenge,completeness,"[""no AlphaFold DB entry found for UniProt accession P03367""]",pass,0.5533333333333333,0.00778519924012168,-0.5455481340932117,intro,,"[""3134 atoms, 50 steps at 2.0 fs completed cleanly, final PE -13632.0 kJ/mol"", ""minimization may not have fully converged: stopped at max_minimization_iterations=50""]",fail,,1.0,,challenge,docking_quality,"[""self-dock RMSD 12.40 \u00c5 (60 matched atoms) exceeds threshold 2.5 \u00c5""]","{""simulability_reasons"": [], ""pocket_reasons"": [""best druggability score 0.056 below threshold 0.5""], ""modeling"": [""no AlphaFold DB entry found for UniProt accession P03367""], ""md_simulation"": [""3134 atoms, 50 steps at 2.0 fs completed cleanly, final PE -13632.0 kJ/mol"", ""minimization may not have fully converged: stopped at max_minimization_iterations=50""], ""docking"": [""self-dock RMSD 12.40 \u00c5 (60 matched atoms) exceeds threshold 2.5 \u00c5""]}"
2NTH,P00720,Structure of Spin-labeled T4 Lysozyme Mutant L118R1,Tequatrovirus T4,164,1504,1.8,X-RAY DIFFRACTION,1,MTN,CC1(C=C(C(N1[O])(C)C)CSS(=O)(=O)C)C,True,True,True,0.604,1.0,False,8,"[""md_simulation""]",,,,True,fail,,1.0,,challenge,completeness,"[""no AlphaFold DB entry found for UniProt accession P00720""]",pass,0.42222222222222217,0.00882872002000113,-0.41339350220222104,intro,,"[""2637 atoms, 50 steps at 2.0 fs completed cleanly, final PE -15835.4 kJ/mol"", ""minimization may not have fully converged: stopped at max_minimization_iterations=50""]",fail,,1.0,,challenge,docking_quality,"[""self-dock RMSD 4.39 \u00c5 (12 matched atoms) exceeds threshold 2.5 \u00c5""]","{""simulability_reasons"": [], ""pocket_reasons"": [], ""modeling"": [""no AlphaFold DB entry found for UniProt accession P00720""], ""md_simulation"": [""2637 atoms, 50 steps at 2.0 fs completed cleanly, final PE -15835.4 kJ/mol"", ""minimization may not have fully converged: stopped at max_minimization_iterations=50""], ""docking"": [""self-dock RMSD 4.39 \u00c5 (12 matched atoms) exceeds threshold 2.5 \u00c5""]}"
3DMX,P00720,Benzene binding in the hydrophobic cavity of T4 lysozyme L99A mutant,Tequatrovirus T4,164,1616,1.8,X-RAY DIFFRACTION,1,BNZ,c1ccccc1,True,True,False,0.432,1.0,False,8,"[""md_simulation""]",,,,True,fail,,1.0,,challenge,completeness,"[""no AlphaFold DB entry found for UniProt accession P00720""]",pass,0.42222222222222217,0.006073965193354525,-0.41614825702886765,intro,,"[""2636 atoms, 50 steps at 2.0 fs completed cleanly, final PE -18125.5 kJ/mol"", ""minimization may not have fully converged: stopped at max_minimization_iterations=50""]",fail,,1.0,,challenge,docking_quality,"[""self-dock RMSD 4.12 \u00c5 (8 matched atoms) exceeds threshold 2.5 \u00c5""]","{""simulability_reasons"": [], ""pocket_reasons"": [""best druggability score 0.432 below threshold 0.5""], ""modeling"": [""no AlphaFold DB entry found for UniProt accession P00720""], ""md_simulation"": [""2636 atoms, 50 steps at 2.0 fs completed cleanly, final PE -18125.5 kJ/mol"", ""minimization may not have fully converged: stopped at max_minimization_iterations=50""], ""docking"": [""self-dock RMSD 4.12 \u00c5 (8 matched atoms) exceeds threshold 2.5 \u00c5""]}"
2HAH,P16088,The structure of FIV 12S protease in complex with TL-3,Feline immunodeficiency virus (isolate Petaluma),116,1134,1.7,X-RAY DIFFRACTION,1,3TL,CC(C)C(C(=O)NC(Cc1ccccc1)C(C(C(Cc2ccccc2)NC(=O)C(C(C)C)NC(=O)C(C)NC(=O)OCc3ccccc3)O)O)NC(=O)C(C)NC(=O)OCc4ccccc4,True,True,True,0.588,0.9655172413793104,False,7,"[""md_simulation""]",,,,True,fail,,1.0,,challenge,completeness,"[""no AlphaFold DB entry found for UniProt accession P16088""]",pass,0.3670498084291187,0.006177177073356385,-0.3608726313557623,intro,,"[""1874 atoms, 50 steps at 2.0 fs completed cleanly, final PE -10802.9 kJ/mol"", ""minimization may not have fully converged: stopped at max_minimization_iterations=50""]",fail,,1.0,,challenge,docking_quality,"[""self-dock RMSD 8.52 \u00c5 (33 matched atoms) exceeds threshold 2.5 \u00c5""]","{""simulability_reasons"": [], ""pocket_reasons"": [], ""modeling"": [""no AlphaFold DB entry found for UniProt accession P16088""], ""md_simulation"": [""1874 atoms, 50 steps at 2.0 fs completed cleanly, final PE -10802.9 kJ/mol"", ""minimization may not have fully converged: stopped at max_minimization_iterations=50""], ""docking"": [""self-dock RMSD 8.52 \u00c5 (33 matched atoms) exceeds threshold 2.5 \u00c5""]}"
2QNQ,P03367,HIV-1 Protease in complex with a chloro decorated pyrrolidine-based inhibitor,Human immunodeficiency virus 1,198,1605,2.3,X-RAY DIFFRACTION,1,CL,[Cl-],True,True,False,0.017,1.0,False,7,"[""md_simulation""]",,,,True,fail,,1.0,,challenge,completeness,"[""no AlphaFold DB entry found for UniProt accession P03367""]",pass,0.5266666666666666,0.005102803466725163,-0.5215638631999414,intro,,"[""3128 atoms, 50 steps at 2.0 fs completed cleanly, final PE -16638.1 kJ/mol"", ""minimization may not have fully converged: stopped at max_minimization_iterations=50""]",fail,,1.0,,challenge,docking_quality,"[""self-dock RMSD 7.16 \u00c5 (41 matched atoms) exceeds threshold 2.5 \u00c5""]","{""simulability_reasons"": [], ""pocket_reasons"": [""best druggability score 0.017 below threshold 0.5""], ""modeling"": [""no AlphaFold DB entry found for UniProt accession P03367""], ""md_simulation"": [""3128 atoms, 50 steps at 2.0 fs completed cleanly, final PE -16638.1 kJ/mol"", ""minimization may not have fully converged: stopped at max_minimization_iterations=50""], ""docking"": [""self-dock RMSD 7.16 \u00c5 (41 matched atoms) exceeds threshold 2.5 \u00c5""]}"
1B6L,P03369,HIV-1 PROTEASE COMPLEXED WITH MACROCYCLIC PEPTIDOMIMETIC INHIBITOR 4,Human immunodeficiency virus 1,198,1713,1.75,X-RAY DIFFRACTION,1,PI4,CC(C)(C)NC(=O)C1CCCCN1CC(C2Cc3ccc(cc3)OCCCC(=O)NC(C(=O)N2)CC(=O)N)O,True,True,False,0.382,1.0,True,6,"[""md_simulation""]",,,,True,fail,,1.0,,challenge,completeness,"[""no AlphaFold DB entry found for UniProt accession P03369""]",pass,0.4533333333333333,0.012237373243333422,-0.4410959600899999,intro,,"[""3124 atoms, 50 steps at 2.0 fs completed cleanly, final PE -13376.1 kJ/mol"", ""minimization may not have fully converged: stopped at max_minimization_iterations=50""]",fail,,1.0,,challenge,docking_quality,"[""self-dock RMSD 8.55 \u00c5 (39 matched atoms) exceeds threshold 2.5 \u00c5""]","{""simulability_reasons"": [], ""pocket_reasons"": [""best druggability score 0.382 below threshold 0.5""], ""modeling"": [""no AlphaFold DB entry found for UniProt accession P03369""], ""md_simulation"": [""3124 atoms, 50 steps at 2.0 fs completed cleanly, final PE -13376.1 kJ/mol"", ""minimization may not have fully converged: stopped at max_minimization_iterations=50""], ""docking"": [""self-dock RMSD 8.55 \u00c5 (39 matched atoms) exceeds threshold 2.5 \u00c5""]}"
1HII,P04584,"COMPARATIVE ANALYSIS OF THE X-RAY STRUCTURES OF HIV-1 AND HIV-2 PROTEASES IN COMPLEX WITH CGP 53820, A NOVEL PSEUDOSYMMETRIC INHIBITOR",Human immunodeficiency virus 2,198,1755,2.3,X-RAY DIFFRACTION,1,C20,CC(C)C(C(=O)NC(Cc1ccccc1)C(CN(CC2CCCCC2)NC(=O)C(C(C)C)NC(=O)C)O)NC(=O)C,True,True,False,0.034,1.0,False,6,"[""md_simulation""]",,,,True,fail,,1.0,,challenge,completeness,"[""no AlphaFold DB entry found for UniProt accession P04584""]",pass,0.5266666666666666,0.012369670769937027,-0.5142969958967296,intro,,"[""3070 atoms, 50 steps at 2.0 fs completed cleanly, final PE -13751.0 kJ/mol"", ""minimization may not have fully converged: stopped at max_minimization_iterations=50""]",fail,,1.0,,challenge,docking_quality,"[""self-dock RMSD 9.75 \u00c5 (41 matched atoms) exceeds threshold 2.5 \u00c5""]","{""simulability_reasons"": [], ""pocket_reasons"": [""best druggability score 0.034 below threshold 0.5""], ""modeling"": [""no AlphaFold DB entry found for UniProt accession P04584""], ""md_simulation"": [""3070 atoms, 50 steps at 2.0 fs completed cleanly, final PE -13751.0 kJ/mol"", ""minimization may not have fully converged: stopped at max_minimization_iterations=50""], ""docking"": [""self-dock RMSD 9.75 \u00c5 (41 matched atoms) exceeds threshold 2.5 \u00c5""]}"
3FQO,Q2YY41,"Staphylococcus aureus F98Y mutant dihydrofolate reductase complexed with NADPH and 2,4-diamino-5-[3-(2,5-dimethoxyphenyl)prop-1-ynyl]-6-ethylpyrimidine (UCP120B)",Staphylococcus aureus RF122,157,1458,2.09,X-RAY DIFFRACTION,1,N22,CCc1c(c(nc(n1)N)N)C#CCc2cc(ccc2OC)OC,True,True,False,0.383,1.0,False,6,"[""md_simulation""]",,,,True,fail,,1.0,,challenge,completeness,"[""no AlphaFold DB entry found for UniProt accession Q2YY41""]",pass,0.453111111111111,0.008505640316664842,-0.4446054707944462,intro,,"[""2537 atoms, 50 steps at 2.0 fs completed cleanly, final PE -9355.3 kJ/mol"", ""minimization may not have fully converged: stopped at max_minimization_iterations=50""]",fail,,1.0,,challenge,docking_quality,"[""self-dock RMSD 6.72 \u00c5 (23 matched atoms) exceeds threshold 2.5 \u00c5""]","{""simulability_reasons"": [], ""pocket_reasons"": [""best druggability score 0.383 below threshold 0.5""], ""modeling"": [""no AlphaFold DB entry found for UniProt accession Q2YY41""], ""md_simulation"": [""2537 atoms, 50 steps at 2.0 fs completed cleanly, final PE -9355.3 kJ/mol"", ""minimization may not have fully converged: stopped at max_minimization_iterations=50""], ""docking"": [""self-dock RMSD 6.72 \u00c5 (23 matched atoms) exceeds threshold 2.5 \u00c5""]}"
2QI5,P03369,"Crystal structure of protease inhibitor, MIT-2-KC08 in complex with wild type HIV-1 protease",Human immunodeficiency virus 1,198,1743,1.85,X-RAY DIFFRACTION,1,MZ7,CCCCCN(CC(C(Cc1ccccc1)NC(=O)C(C(C)C)NC(=O)C)O)S(=O)(=O)c2ccc3c(c2)scn3,True,True,False,0.076,1.0,False,5,"[""md_simulation""]",,,,True,fail,,1.0,,challenge,completeness,"[""no AlphaFold DB entry found for UniProt accession P03369""]",pass,0.4666666666666667,0.008525627829949372,-0.4581410388367173,intro,,"[""3134 atoms, 50 steps at 2.0 fs completed cleanly, final PE -12369.6 kJ/mol"", ""minimization may not have fully converged: stopped at max_minimization_iterations=50""]",fail,,1.0,,challenge,docking_quality,"[""self-dock RMSD 9.62 \u00c5 (40 matched atoms) exceeds threshold 2.5 \u00c5""]","{""simulability_reasons"": [], ""pocket_reasons"": [""best druggability score 0.076 below threshold 0.5""], ""modeling"": [""no AlphaFold DB entry found for UniProt accession P03369""], ""md_simulation"": [""3134 atoms, 50 steps at 2.0 fs completed cleanly, final PE -12369.6 kJ/mol"", ""minimization may not have fully converged: stopped at max_minimization_iterations=50""], ""docking"": [""self-dock RMSD 9.62 \u00c5 (40 matched atoms) exceeds threshold 2.5 \u00c5""]}"
3DJK,P03367,Wild Type HIV-1 Protease with potent Antiviral inhibitor GRL-0255A,Human immunodeficiency virus type 1 (BRU ISOLATE),198,1979,1.0,X-RAY DIFFRACTION,1,CL,[Cl-],True,True,False,0.143,1.0,False,5,"[""md_simulation""]",,,,True,fail,,1.0,,challenge,completeness,"[""no AlphaFold DB entry found for UniProt accession P03367""]",pass,0.35333333333333333,0.00787627517672566,-0.34545705815660765,intro,,"[""3134 atoms, 50 steps at 2.0 fs completed cleanly, final PE -14101.4 kJ/mol"", ""minimization may not have fully converged: stopped at max_minimization_iterations=50""]",fail,,1.0,,challenge,docking_quality,"[""self-dock RMSD 4.62 \u00c5 (38 matched atoms) exceeds threshold 2.5 \u00c5""]","{""simulability_reasons"": [], ""pocket_reasons"": [""best druggability score 0.143 below threshold 0.5""], ""modeling"": [""no AlphaFold DB entry found for UniProt accession P03367""], ""md_simulation"": [""3134 atoms, 50 steps at 2.0 fs completed cleanly, final PE -14101.4 kJ/mol"", ""minimization may not have fully converged: stopped at max_minimization_iterations=50""], ""docking"": [""self-dock RMSD 4.62 \u00c5 (38 matched atoms) exceeds threshold 2.5 \u00c5""]}"
3EL9,P03369,Crystal structure of atazanavir (ATV) in complex with a multidrug HIV-1 protease (V82T/I84V),HIV-1 M:B_ARV2/SF2,198,1692,1.6,X-RAY DIFFRACTION,1,ACT,CC(=O)[O-],True,True,False,0.037,1.0,False,5,"[""md_simulation""]",,,,True,fail,,1.0,,challenge,completeness,"[""no AlphaFold DB entry found for UniProt accession P03369""]",pass,0.43333333333333335,0.009733410796616226,-0.42359992253671713,intro,,"[""3118 atoms, 50 steps at 2.0 fs completed cleanly, final PE -14326.3 kJ/mol"", ""minimization may not have fully converged: stopped at max_minimization_iterations=50""]",fail,,1.0,,challenge,docking_quality,"[""self-dock RMSD 11.44 \u00c5 (51 matched atoms) exceeds threshold 2.5 \u00c5""]","{""simulability_reasons"": [], ""pocket_reasons"": [""best druggability score 0.037 below threshold 0.5""], ""modeling"": [""no AlphaFold DB entry found for UniProt accession P03369""], ""md_simulation"": [""3118 atoms, 50 steps at 2.0 fs completed cleanly, final PE -14326.3 kJ/mol"", ""minimization may not have fully converged: stopped at max_minimization_iterations=50""], ""docking"": [""self-dock RMSD 11.44 \u00c5 (51 matched atoms) exceeds threshold 2.5 \u00c5""]}"
1C6Z,O09893,ALTERNATE BINDING SITE FOR THE P1-P3 GROUP OF A CLASS OF POTENT HIV-1 PROTEASE INHIBITORS AS A RESULT OF CONCERTED STRUCTURAL CHANGE IN 80'S LOOP.,Human immunodeficiency virus 1,198,1688,2.5,X-RAY DIFFRACTION,1,ROC,CC(C)(C)NC(=O)C1CC2CCCCC2CN1CC(C(Cc3ccccc3)NC(=O)C(CC(=O)N)NC(=O)c4ccc5ccccc5n4)O,True,True,False,0.292,1.0,False,4,"[""md_simulation""]",,,,True,fail,,1.0,,challenge,completeness,"[""no AlphaFold DB entry found for UniProt accession O09893""]",pass,0.5533333333333333,0.02384683751666671,-0.5294864958166666,intro,,"[""3110 atoms, 50 steps at 2.0 fs completed cleanly, final PE -13955.5 kJ/mol"", ""minimization may not have fully converged: stopped at max_minimization_iterations=50""]",fail,,1.0,,challenge,docking_quality,"[""self-dock RMSD 11.62 \u00c5 (49 matched atoms) exceeds threshold 2.5 \u00c5""]","{""simulability_reasons"": [], ""pocket_reasons"": [""best druggability score 0.292 below threshold 0.5""], ""modeling"": [""no AlphaFold DB entry found for UniProt accession O09893""], ""md_simulation"": [""3110 atoms, 50 steps at 2.0 fs completed cleanly, final PE -13955.5 kJ/mol"", ""minimization may not have fully converged: stopped at max_minimization_iterations=50""], ""docking"": [""self-dock RMSD 11.62 \u00c5 (49 matched atoms) exceeds threshold 2.5 \u00c5""]}"
1K1T,P04587,Combining Mutations in HIV-1 Protease to Understand Mechanisms of Resistance,Human immunodeficiency virus 1,198,1892,1.2,X-RAY DIFFRACTION,1,0Q4,CCCCC(C(=O)N)NC(=O)C(C)NC(=O)C(CCC(=O)O)NC(=O)C(Cc1ccccc1)NCC(CC(C)C)NC(=O)C(C(C)C)NC(=O)C(CCCNC(=[NH2+])N)N,True,True,False,0.092,1.0,False,4,"[""md_simulation""]",,,,True,fail,,1.0,,challenge,completeness,"[""no AlphaFold DB entry found for UniProt accession P04587""]",pass,0.38,0.00861077634326648,-0.37138922365673355,intro,,"[""3118 atoms, 50 steps at 2.0 fs completed cleanly, final PE -14322.5 kJ/mol"", ""minimization may not have fully converged: stopped at max_minimization_iterations=50""]",fail,,1.0,,challenge,docking_quality,"[""self-dock RMSD 10.16 \u00c5 (59 matched atoms) exceeds threshold 2.5 \u00c5""]","{""simulability_reasons"": [], ""pocket_reasons"": [""best druggability score 0.092 below threshold 0.5""], ""modeling"": [""no AlphaFold DB entry found for UniProt accession P04587""], ""md_simulation"": [""3118 atoms, 50 steps at 2.0 fs completed cleanly, final PE -14322.5 kJ/mol"", ""minimization may not have fully converged: stopped at max_minimization_iterations=50""], ""docking"": [""self-dock RMSD 10.16 \u00c5 (59 matched atoms) exceeds threshold 2.5 \u00c5""]}"
3G3X,P00720,Crystal structure of spin labeled T4 Lysozyme (T151R1) at 100 K,Tequatrovirus T4,164,1508,1.8,X-RAY DIFFRACTION,1,AZI,[N-]=[N+]=[N-],True,True,False,0.289,0.9878048780487805,False,4,"[""md_simulation""]",,,,True,fail,,1.0,,challenge,completeness,"[""no AlphaFold DB entry found for UniProt accession P00720""]",pass,0.4262872628726287,0.005957855853333361,-0.42032940701929533,intro,,"[""2642 atoms, 50 steps at 2.0 fs completed cleanly, final PE -18041.8 kJ/mol"", ""minimization may not have fully converged: stopped at max_minimization_iterations=50""]",fail,,1.0,,challenge,docking_quality,"[""self-dock RMSD 4.33 \u00c5 (12 matched atoms) exceeds threshold 2.5 \u00c5""]","{""simulability_reasons"": [], ""pocket_reasons"": [""best druggability score 0.289 below threshold 0.5""], ""modeling"": [""no AlphaFold DB entry found for UniProt accession P00720""], ""md_simulation"": [""2642 atoms, 50 steps at 2.0 fs completed cleanly, final PE -18041.8 kJ/mol"", ""minimization may not have fully converged: stopped at max_minimization_iterations=50""], ""docking"": [""self-dock RMSD 4.33 \u00c5 (12 matched atoms) exceeds threshold 2.5 \u00c5""]}"
1CU0,P00720,T4 LYSOZYME MUTANT I78M,Tequatrovirus T4,164,1408,2.2,X-RAY DIFFRACTION,1,CL,[Cl-],True,True,False,0.244,0.9878048780487805,False,3,"[""md_simulation""]",,,,True,fail,,1.0,,challenge,completeness,"[""no AlphaFold DB entry found for UniProt accession P00720""]",pass,0.47962059620596204,0.019624468103332522,-0.4599961281026295,intro,,"[""2643 atoms, 50 steps at 2.0 fs completed cleanly, final PE -14860.5 kJ/mol"", ""minimization may not have fully converged: stopped at max_minimization_iterations=50""]",fail,,1.0,,challenge,docking_quality,"[""self-dock RMSD 4.43 \u00c5 (8 matched atoms) exceeds threshold 2.5 \u00c5""]","{""simulability_reasons"": [], ""pocket_reasons"": [""best druggability score 0.244 below threshold 0.5""], ""modeling"": [""no AlphaFold DB entry found for UniProt accession P00720""], ""md_simulation"": [""2643 atoms, 50 steps at 2.0 fs completed cleanly, final PE -14860.5 kJ/mol"", ""minimization may not have fully converged: stopped at max_minimization_iterations=50""], ""docking"": [""self-dock RMSD 4.43 \u00c5 (8 matched atoms) exceeds threshold 2.5 \u00c5""]}"
1QT8,P00720,T26H Mutant of T4 Lysozyme,Tequatrovirus T4,164,1460,1.9,X-RAY DIFFRACTION,1,HED,C(CSSCCO)O,True,False,True,0.503,1.0,False,3,"[""md_simulation""]",,,,True,fail,,1.0,,challenge,completeness,"[""no AlphaFold DB entry found for UniProt accession P00720""]",pass,0.4355555555555555,0.006288172946660779,-0.4292673826088947,intro,,"[""2648 atoms, 50 steps at 2.0 fs completed cleanly, final PE -17610.8 kJ/mol"", ""minimization may not have fully converged: stopped at max_minimization_iterations=50""]",fail,,1.0,,challenge,docking_quality,"[""self-dock RMSD 6.76 \u00c5 (8 matched atoms) exceeds threshold 2.5 \u00c5""]","{""simulability_reasons"": [], ""pocket_reasons"": [], ""modeling"": [""no AlphaFold DB entry found for UniProt accession P00720""], ""md_simulation"": [""2648 atoms, 50 steps at 2.0 fs completed cleanly, final PE -17610.8 kJ/mol"", ""minimization may not have fully converged: stopped at max_minimization_iterations=50""], ""docking"": [""self-dock RMSD 6.76 \u00c5 (8 matched atoms) exceeds threshold 2.5 \u00c5""]}"
1UPJ,P03367,HIV-1 PROTEASE COMPLEX WITH U095438 [3-[1-(4-BROMOPHENYL) ISOBUTYL]-4-HYDROXYCOUMARIN,Human immunodeficiency virus 1,99,874,2.22,X-RAY DIFFRACTION,1,U01,CC(C)C(c1ccc(cc1)Br)C2=C(c3ccccc3OC2=O)O,True,True,False,0.406,1.0,False,3,"[""md_simulation""]",,,,True,fail,,1.0,,challenge,completeness,"[""no AlphaFold DB entry found for UniProt accession P03367""]",pass,0.406,0.003248040243336921,-0.4027519597566631,intro,,"[""1564 atoms, 50 steps at 2.0 fs completed cleanly, final PE -6335.7 kJ/mol"", ""minimization may not have fully converged: stopped at max_minimization_iterations=50""]",fail,,1.0,,challenge,docking_quality,"[""self-dock RMSD 5.08 \u00c5 (23 matched atoms) exceeds threshold 2.5 \u00c5""]","{""simulability_reasons"": [], ""pocket_reasons"": [""best druggability score 0.406 below threshold 0.5""], ""modeling"": [""no AlphaFold DB entry found for UniProt accession P03367""], ""md_simulation"": [""1564 atoms, 50 steps at 2.0 fs completed cleanly, final PE -6335.7 kJ/mol"", ""minimization may not have fully converged: stopped at max_minimization_iterations=50""], ""docking"": [""self-dock RMSD 5.08 \u00c5 (23 matched atoms) exceeds threshold 2.5 \u00c5""]}"
1VIJ,P12499,HIV-1 PROTEASE COMPLEXED WITH THE INHIBITOR HOE/BAY 793 HEXAGONAL FORM,Human immunodeficiency virus 1,198,1701,2.4,X-RAY DIFFRACTION,1,BAY,CC(C)C(C(=O)NC(Cc1ccccc1)C(C(C(Cc2ccccc2)NC(=O)C(C(C)C)NC(=O)C(Cc3cccc4c3cccc4)CS(=O)(=O)C(C)(C)C)O)O)NC(=O)C(Cc5cccc6c5cccc6)CS(=O)(=O)C(C)(C)C,True,True,False,0.182,1.0,False,3,"[""md_simulation""]",,,,True,fail,,1.0,,challenge,completeness,"[""no AlphaFold DB entry found for UniProt accession P12499""]",pass,0.5399999999999999,0.04252463742999983,-0.4974753625700001,intro,,"[""3134 atoms, 50 steps at 2.0 fs completed cleanly, final PE -12136.2 kJ/mol"", ""minimization may not have fully converged: stopped at max_minimization_iterations=50""]",fail,,1.0,,challenge,docking_quality,"[""self-dock RMSD 15.13 \u00c5 (80 matched atoms) exceeds threshold 2.5 \u00c5""]","{""simulability_reasons"": [], ""pocket_reasons"": [""best druggability score 0.182 below threshold 0.5""], ""modeling"": [""no AlphaFold DB entry found for UniProt accession P12499""], ""md_simulation"": [""3134 atoms, 50 steps at 2.0 fs completed cleanly, final PE -12136.2 kJ/mol"", ""minimization may not have fully converged: stopped at max_minimization_iterations=50""], ""docking"": [""self-dock RMSD 15.13 \u00c5 (80 matched atoms) exceeds threshold 2.5 \u00c5""]}"
2QI0,P03369,"Crystal structure of protease inhibitor, MIT-1-KK80 in complex with wild type HIV-1 protease",Human immunodeficiency virus 1,198,1677,2.1,X-RAY DIFFRACTION,1,MZ3,Cc1c(cccc1F)C(=O)NC(Cc2ccccc2)C(CN(Cc3cccs3)S(=O)(=O)c4cccc(c4)OC)O,True,True,False,0.289,1.0,False,3,"[""md_simulation""]",,,,True,fail,,1.0,,challenge,completeness,"[""no AlphaFold DB entry found for UniProt accession P03369""]",pass,0.5,0.008150956793300187,-0.4918490432066998,intro,,"[""3134 atoms, 50 steps at 2.0 fs completed cleanly, final PE -14001.3 kJ/mol"", ""minimization may not have fully converged: stopped at max_minimization_iterations=50""]",fail,,1.0,,challenge,docking_quality,"[""self-dock RMSD 4.95 \u00c5 (40 matched atoms) exceeds threshold 2.5 \u00c5""]","{""simulability_reasons"": [], ""pocket_reasons"": [""best druggability score 0.289 below threshold 0.5""], ""modeling"": [""no AlphaFold DB entry found for UniProt accession P03369""], ""md_simulation"": [""3134 atoms, 50 steps at 2.0 fs completed cleanly, final PE -14001.3 kJ/mol"", ""minimization may not have fully converged: stopped at max_minimization_iterations=50""], ""docking"": [""self-dock RMSD 4.95 \u00c5 (40 matched atoms) exceeds threshold 2.5 \u00c5""]}"
2ZTX,P03313,Complex structure of CVB3 3C protease with EPDTC,Coxsackievirus B3,183,1609,1.72,X-RAY DIFFRACTION,1,DTZ,S[Zn]S,True,True,False,0.215,0.9836065573770492,False,3,"[""md_simulation""]",,,,True,fail,,1.0,,challenge,completeness,"[""no AlphaFold DB entry found for UniProt accession P03313""]",pass,0.43813114754098353,0.010668601919993914,-0.4274625456209896,intro,,"[""2850 atoms, 50 steps at 2.0 fs completed cleanly, final PE -16328.4 kJ/mol"", ""minimization may not have fully converged: stopped at max_minimization_iterations=50""]",fail,,1.0,,challenge,docking_quality,"[""self-dock RMSD 4.46 \u00c5 (3 matched atoms) exceeds threshold 2.5 \u00c5""]","{""simulability_reasons"": [], ""pocket_reasons"": [""best druggability score 0.215 below threshold 0.5""], ""modeling"": [""no AlphaFold DB entry found for UniProt accession P03313""], ""md_simulation"": [""2850 atoms, 50 steps at 2.0 fs completed cleanly, final PE -16328.4 kJ/mol"", ""minimization may not have fully converged: stopped at max_minimization_iterations=50""], ""docking"": [""self-dock RMSD 4.46 \u00c5 (3 matched atoms) exceeds threshold 2.5 \u00c5""]}"
1G0Q,P00720,CRYSTAL STRUCTURE OF T4 LYSOZYME MUTANT V149I,Tequatrovirus T4,164,1459,1.8,X-RAY DIFFRACTION,1,CL,[Cl-],True,True,False,0.273,1.0,False,2,"[""md_simulation""]",,,,True,fail,,1.0,,challenge,completeness,"[""no AlphaFold DB entry found for UniProt accession P00720""]",pass,0.42222222222222217,0.019329861716663194,-0.402892360505559,intro,,"[""2648 atoms, 50 steps at 2.0 fs completed cleanly, final PE -16595.0 kJ/mol"", ""minimization may not have fully converged: stopped at max_minimization_iterations=50""]",fail,,1.0,,challenge,docking_quality,"[""self-dock RMSD 5.33 \u00c5 (8 matched atoms) exceeds threshold 2.5 \u00c5""]","{""simulability_reasons"": [], ""pocket_reasons"": [""best druggability score 0.273 below threshold 0.5""], ""modeling"": [""no AlphaFold DB entry found for UniProt accession P00720""], ""md_simulation"": [""2648 atoms, 50 steps at 2.0 fs completed cleanly, final PE -16595.0 kJ/mol"", ""minimization may not have fully converged: stopped at max_minimization_iterations=50""], ""docking"": [""self-dock RMSD 5.33 \u00c5 (8 matched atoms) exceeds threshold 2.5 \u00c5""]}"
1H02,P05019,Human Insulin-like growth factor; SRS Daresbury data,Homo sapiens,70,524,2.0,X-RAY DIFFRACTION,1,C15,CCCCCCCCCCCC[N+](C)(C)CCCS(=O)(=O)O,True,True,False,0.1,0.9142857142857143,False,2,"[""md_simulation""]",AF-P05019-F1,59.53,0.672,True,fail,,1.0,,challenge,confidence,"[""67.2% of AF-P05019-F1 is low/very-low pLDDT, exceeds threshold 30.0%""]",pass,0.373015873015873,0.006395980113496383,-0.3666198929023766,intro,,"[""1046 atoms, 50 steps at 2.0 fs completed cleanly, final PE -3901.1 kJ/mol"", ""minimization may not have fully converged: stopped at max_minimization_iterations=50""]",fail,,1.0,,challenge,stability,"[""Vina docking run failed: \n\nPDBQT parsing error: Unknown or inappropriate tag found in flex residue or ligand.\n > ROOT\n""]","{""simulability_reasons"": [], ""pocket_reasons"": [""best druggability score 0.1 below threshold 0.5""], ""modeling"": [""67.2% of AF-P05019-F1 is low/very-low pLDDT, exceeds threshold 30.0%""], ""md_simulation"": [""1046 atoms, 50 steps at 2.0 fs completed cleanly, final PE -3901.1 kJ/mol"", ""minimization may not have fully converged: stopped at max_minimization_iterations=50""], ""docking"": [""Vina docking run failed: \n\nPDBQT parsing error: Unknown or inappropriate tag found in flex residue or ligand.\n > ROOT\n""]}"
1NPA,P03366,crystal structure of HIV-1 protease-hup,Human immunodeficiency virus 1,198,1684,2.0,X-RAY DIFFRACTION,1,3NH,c1ccc(cc1)CC(C(CC2(C(=O)C(CN2)C3c4ccccc4CC3OC(N)O)Cc5ccccc5)O)NC(=O)OC6CCOC6,True,True,False,0.386,1.0,False,2,"[""md_simulation""]",,,,True,fail,,1.0,,challenge,completeness,"[""no AlphaFold DB entry found for UniProt accession P03366""]",pass,0.4866666666666667,0.005299507793388329,-0.48136715887327836,intro,,"[""3128 atoms, 50 steps at 2.0 fs completed cleanly, final PE -14571.3 kJ/mol"", ""minimization may not have fully converged: stopped at max_minimization_iterations=50""]",fail,,1.0,,challenge,docking_quality,"[""self-dock RMSD 3.94 \u00c5 (46 matched atoms) exceeds threshold 2.5 \u00c5""]","{""simulability_reasons"": [], ""pocket_reasons"": [""best druggability score 0.386 below threshold 0.5""], ""modeling"": [""no AlphaFold DB entry found for UniProt accession P03366""], ""md_simulation"": [""3128 atoms, 50 steps at 2.0 fs completed cleanly, final PE -14571.3 kJ/mol"", ""minimization may not have fully converged: stopped at max_minimization_iterations=50""], ""docking"": [""self-dock RMSD 3.94 \u00c5 (46 matched atoms) exceeds threshold 2.5 \u00c5""]}"
1ZSR,P03366,Crystal structure of wild type HIV-1 protease (BRU isolate) with a hydroxyethylamine peptidomimetic inhibitor BOC-PHE-PSI[S-CH(OH)CH2NH]-PHE-GLU-PHE-NH2,Human immunodeficiency virus 1,198,1792,2.06,X-RAY DIFFRACTION,1,0ZT,CC(C)(C)OC(=O)NC(Cc1ccccc1)C(CNC(Cc2ccccc2)C(=O)NC(CCC(=O)O)C(=O)NC(Cc3ccccc3)C(=O)N)O,True,True,False,0.012,1.0,True,2,"[""md_simulation""]",,,,True,fail,,1.0,,challenge,completeness,"[""no AlphaFold DB entry found for UniProt accession P03366""]",pass,0.4946666666666667,0.006879165950037228,-0.48778750071662946,intro,,"[""3128 atoms, 50 steps at 2.0 fs completed cleanly, final PE -15118.8 kJ/mol"", ""minimization may not have fully converged: stopped at max_minimization_iterations=50""]",fail,,1.0,,challenge,docking_quality,"[""self-dock RMSD 9.73 \u00c5 (51 matched atoms) exceeds threshold 2.5 \u00c5""]","{""simulability_reasons"": [], ""pocket_reasons"": [""best druggability score 0.012 below threshold 0.5""], ""modeling"": [""no AlphaFold DB entry found for UniProt accession P03366""], ""md_simulation"": [""3128 atoms, 50 steps at 2.0 fs completed cleanly, final PE -15118.8 kJ/mol"", ""minimization may not have fully converged: stopped at max_minimization_iterations=50""], ""docking"": [""self-dock RMSD 9.73 \u00c5 (51 matched atoms) exceeds threshold 2.5 \u00c5""]}"
2RAZ,P00720,4-(methylthio)nitrobenzene in complex with T4 lysozyme L99A,Tequatrovirus T4,162,1620,1.641,X-RAY DIFFRACTION,1,259,CSc1ccc(cc1)[N+](=O)[O-],True,True,True,0.657,1.0,False,2,"[""md_simulation""]",,,,True,fail,,1.0,,challenge,completeness,"[""no AlphaFold DB entry found for UniProt accession P00720""]",pass,0.3988,0.005315892496534313,-0.3934841075034657,intro,,"[""2603 atoms, 50 steps at 2.0 fs completed cleanly, final PE -17804.0 kJ/mol"", ""minimization may not have fully converged: stopped at max_minimization_iterations=50""]",fail,,1.0,,challenge,docking_quality,"[""self-dock RMSD 4.91 \u00c5 (11 matched atoms) exceeds threshold 2.5 \u00c5""]","{""simulability_reasons"": [], ""pocket_reasons"": [], ""modeling"": [""no AlphaFold DB entry found for UniProt accession P00720""], ""md_simulation"": [""2603 atoms, 50 steps at 2.0 fs completed cleanly, final PE -17804.0 kJ/mol"", ""minimization may not have fully converged: stopped at max_minimization_iterations=50""], ""docking"": [""self-dock RMSD 4.91 \u00c5 (11 matched atoms) exceeds threshold 2.5 \u00c5""]}"
2WGR,Q00277,Combining crystallography and molecular dynamics: The case of Schistosoma mansoni phospholipid glutathione peroxidase,Schistosoma mansoni,169,1482,1.7,X-RAY DIFFRACTION,1,POP,OP(=O)([O-])OP(=O)(O)[O-],True,False,False,0.257,0.9644970414201184,False,2,"[""md_simulation""]",,,,True,fail,,1.0,,challenge,completeness,"[""no AlphaFold DB entry found for UniProt accession Q00277""]",pass,0.4262787639710716,0.00631271242008855,-0.41996605155098304,intro,,"[""2726 atoms, 50 steps at 2.0 fs completed cleanly, final PE -12726.3 kJ/mol"", ""minimization may not have fully converged: stopped at max_minimization_iterations=50""]",fail,,1.0,,challenge,docking_quality,"[""self-dock RMSD 2.77 \u00c5 (9 matched atoms) exceeds threshold 2.5 \u00c5""]","{""simulability_reasons"": [], ""pocket_reasons"": [""best druggability score 0.257 below threshold 0.5""], ""modeling"": [""no AlphaFold DB entry found for UniProt accession Q00277""], ""md_simulation"": [""2726 atoms, 50 steps at 2.0 fs completed cleanly, final PE -12726.3 kJ/mol"", ""minimization may not have fully converged: stopped at max_minimization_iterations=50""], ""docking"": [""self-dock RMSD 2.77 \u00c5 (9 matched atoms) exceeds threshold 2.5 \u00c5""]}"
3BC4,P04587,I84V HIV-1 protease in complex with a pyrrolidine diester,Human immunodeficiency virus 1,99,864,1.82,X-RAY DIFFRACTION,1,DMS,CS(=O)C,True,True,False,0.315,1.0,False,2,"[""md_simulation""]",,,,True,fail,,1.0,,challenge,completeness,"[""no AlphaFold DB entry found for UniProt accession P04587""]",pass,0.35266666666666663,0.006497061593334668,-0.34616960507333194,intro,,"[""1561 atoms, 50 steps at 2.0 fs completed cleanly, final PE -6820.6 kJ/mol"", ""minimization may not have fully converged: stopped at max_minimization_iterations=50""]",fail,,1.0,,challenge,docking_quality,"[""self-dock RMSD 5.03 \u00c5 (17 matched atoms) exceeds threshold 2.5 \u00c5""]","{""simulability_reasons"": [], ""pocket_reasons"": [""best druggability score 0.315 below threshold 0.5""], ""modeling"": [""no AlphaFold DB entry found for UniProt accession P04587""], ""md_simulation"": [""1561 atoms, 50 steps at 2.0 fs completed cleanly, final PE -6820.6 kJ/mol"", ""minimization may not have fully converged: stopped at max_minimization_iterations=50""], ""docking"": [""self-dock RMSD 5.03 \u00c5 (17 matched atoms) exceeds threshold 2.5 \u00c5""]}"
3CDR,P00720,R96Q Mutant of wildtype phage T4 lysozyme at 298 K,,164,1417,1.7,X-RAY DIFFRACTION,1,CL,[Cl-],True,True,False,0.227,1.0,False,2,"[""md_simulation""]",,,,True,fail,,1.0,,challenge,completeness,"[""no AlphaFold DB entry found for UniProt accession P00720""]",pass,0.40888888888888886,0.006603961410000921,-0.40228492747888794,intro,,"[""2636 atoms, 50 steps at 2.0 fs completed cleanly, final PE -18007.7 kJ/mol"", ""minimization may not have fully converged: stopped at max_minimization_iterations=50""]",fail,,1.0,,challenge,docking_quality,"[""self-dock RMSD 4.39 \u00c5 (8 matched atoms) exceeds threshold 2.5 \u00c5""]","{""simulability_reasons"": [], ""pocket_reasons"": [""best druggability score 0.227 below threshold 0.5""], ""modeling"": [""no AlphaFold DB entry found for UniProt accession P00720""], ""md_simulation"": [""2636 atoms, 50 steps at 2.0 fs completed cleanly, final PE -18007.7 kJ/mol"", ""minimization may not have fully converged: stopped at max_minimization_iterations=50""], ""docking"": [""self-dock RMSD 4.39 \u00c5 (8 matched atoms) exceeds threshold 2.5 \u00c5""]}"
1CX7,P00720,T4 LYSOZYME METHIONINE CORE MUTANT,Tequatrovirus T4,164,1413,1.94,X-RAY DIFFRACTION,1,CL,[Cl-],True,True,False,0.231,0.9878048780487805,False,1,"[""md_simulation""]",,,,True,fail,,1.0,,challenge,completeness,"[""no AlphaFold DB entry found for UniProt accession P00720""]",pass,0.44495392953929536,0.007022142113225224,-0.43793178742607014,intro,,"[""2630 atoms, 50 steps at 2.0 fs completed cleanly, final PE -15233.5 kJ/mol"", ""minimization may not have fully converged: stopped at max_minimization_iterations=50""]",fail,,1.0,,challenge,docking_quality,"[""self-dock RMSD 4.10 \u00c5 (8 matched atoms) exceeds threshold 2.5 \u00c5""]","{""simulability_reasons"": [], ""pocket_reasons"": [""best druggability score 0.231 below threshold 0.5""], ""modeling"": [""no AlphaFold DB entry found for UniProt accession P00720""], ""md_simulation"": [""2630 atoms, 50 steps at 2.0 fs completed cleanly, final PE -15233.5 kJ/mol"", ""minimization may not have fully converged: stopped at max_minimization_iterations=50""], ""docking"": [""self-dock RMSD 4.10 \u00c5 (8 matched atoms) exceeds threshold 2.5 \u00c5""]}"
1QS5,P00720,THE INTRODUCTION OF STRAIN AND ITS EFFECTS ON THE STRUCTURE AND STABILITY OF T4 LYSOZYME,Tequatrovirus T4,162,1429,2.5,X-RAY DIFFRACTION,1,CL,[Cl-],True,True,False,0.328,1.0,False,1,"[""md_simulation""]",,,,True,fail,,1.0,,challenge,completeness,"[""no AlphaFold DB entry found for UniProt accession P00720""]",pass,0.5133333333333333,0.006907846180062431,-0.5064254871532708,intro,,"[""2621 atoms, 50 steps at 2.0 fs completed cleanly, final PE -17403.7 kJ/mol"", ""minimization may not have fully converged: stopped at max_minimization_iterations=50""]",fail,,1.0,,challenge,docking_quality,"[""self-dock RMSD 4.55 \u00c5 (8 matched atoms) exceeds threshold 2.5 \u00c5""]","{""simulability_reasons"": [], ""pocket_reasons"": [""best druggability score 0.328 below threshold 0.5""], ""modeling"": [""no AlphaFold DB entry found for UniProt accession P00720""], ""md_simulation"": [""2621 atoms, 50 steps at 2.0 fs completed cleanly, final PE -17403.7 kJ/mol"", ""minimization may not have fully converged: stopped at max_minimization_iterations=50""], ""docking"": [""self-dock RMSD 4.55 \u00c5 (8 matched atoms) exceeds threshold 2.5 \u00c5""]}"
1QUH,P00720,L99G/E108V MUTANT OF T4 LYSOZYME,Tequatrovirus T4,162,1410,1.85,X-RAY DIFFRACTION,1,CL,[Cl-],True,True,True,0.642,1.0,False,1,"[""md_simulation""]",,,,True,fail,,1.0,,challenge,completeness,"[""no AlphaFold DB entry found for UniProt accession P00720""]",pass,0.42666666666666664,0.00942753860009058,-0.41723912806657604,intro,,"[""2601 atoms, 50 steps at 2.0 fs completed cleanly, final PE -16569.5 kJ/mol"", ""minimization may not have fully converged: stopped at max_minimization_iterations=50""]",fail,,1.0,,challenge,docking_quality,"[""self-dock RMSD 6.53 \u00c5 (8 matched atoms) exceeds threshold 2.5 \u00c5""]","{""simulability_reasons"": [], ""pocket_reasons"": [], ""modeling"": [""no AlphaFold DB entry found for UniProt accession P00720""], ""md_simulation"": [""2601 atoms, 50 steps at 2.0 fs completed cleanly, final PE -16569.5 kJ/mol"", ""minimization may not have fully converged: stopped at max_minimization_iterations=50""], ""docking"": [""self-dock RMSD 6.53 \u00c5 (8 matched atoms) exceeds threshold 2.5 \u00c5""]}"
1ZJ7,P03367,"Crystal structure of a complex of mutant HIV-1 protease (A71V, V82T, I84V) with a hydroxyethylamine peptidomimetic inhibitor BOC-PHE-PSI[S-CH(OH)CH2NH]-PHE-GLU-PHE-NH2",Human immunodeficiency virus 1,99,917,1.93,X-RAY DIFFRACTION,1,0ZT,CC(C)(C)OC(=O)NC(Cc1ccccc1)C(CNC(Cc2ccccc2)C(=O)NC(CCC(=O)O)C(=O)NC(Cc3ccccc3)C(=O)N)O,True,True,False,0.124,1.0,False,1,"[""md_simulation""]",,,,True,fail,,1.0,,challenge,completeness,"[""no AlphaFold DB entry found for UniProt accession P03367""]",pass,0.3673333333333333,0.0035437297099997524,-0.3637896036233335,intro,,"[""1565 atoms, 50 steps at 2.0 fs completed cleanly, final PE -6529.3 kJ/mol"", ""minimization may not have fully converged: stopped at max_minimization_iterations=50""]",fail,,1.0,,challenge,docking_quality,"[""self-dock RMSD 6.16 \u00c5 (51 matched atoms) exceeds threshold 2.5 \u00c5""]","{""simulability_reasons"": [], ""pocket_reasons"": [""best druggability score 0.124 below threshold 0.5""], ""modeling"": [""no AlphaFold DB entry found for UniProt accession P03367""], ""md_simulation"": [""1565 atoms, 50 steps at 2.0 fs completed cleanly, final PE -6529.3 kJ/mol"", ""minimization may not have fully converged: stopped at max_minimization_iterations=50""], ""docking"": [""self-dock RMSD 6.16 \u00c5 (51 matched atoms) exceeds threshold 2.5 \u00c5""]}"
2HZC,P26368,Crystal structure of the N-terminal RRM of the U2AF large subunit,Homo sapiens,87,927,1.47,X-RAY DIFFRACTION,1,P6G,C(COCCOCCOCCOCCOCCO)O,True,True,False,0.162,1.0,False,1,"[""md_simulation""]",AF-P26368-F1,73.19,0.36,True,fail,,1.0,,challenge,confidence,"[""36.0% of AF-P26368-F1 is low/very-low pLDDT, exceeds threshold 30.0%""]",pass,0.29266666666666663,0.005579557276602524,-0.2870871093900641,intro,,"[""1350 atoms, 50 steps at 2.0 fs completed cleanly, final PE -8085.3 kJ/mol"", ""minimization may not have fully converged: stopped at max_minimization_iterations=50""]",fail,,1.0,,challenge,docking_quality,"[""self-dock RMSD 5.74 \u00c5 (19 matched atoms) exceeds threshold 2.5 \u00c5""]","{""simulability_reasons"": [], ""pocket_reasons"": [""best druggability score 0.162 below threshold 0.5""], ""modeling"": [""36.0% of AF-P26368-F1 is low/very-low pLDDT, exceeds threshold 30.0%""], ""md_simulation"": [""1350 atoms, 50 steps at 2.0 fs completed cleanly, final PE -8085.3 kJ/mol"", ""minimization may not have fully converged: stopped at max_minimization_iterations=50""], ""docking"": [""self-dock RMSD 5.74 \u00c5 (19 matched atoms) exceeds threshold 2.5 \u00c5""]}"
2PQZ,P03367,HIV-1 Protease in complex with a pyrrolidine-based inhibitor,Human immunodeficiency virus 1,198,1745,1.55,X-RAY DIFFRACTION,1,CL,[Cl-],True,True,False,0.087,1.0,False,1,"[""md_simulation""]",,,,True,fail,,1.0,,challenge,completeness,"[""no AlphaFold DB entry found for UniProt accession P03367""]",pass,0.42666666666666664,0.0049901019467506556,-0.421676564719916,intro,,"[""3128 atoms, 50 steps at 2.0 fs completed cleanly, final PE -15519.2 kJ/mol"", ""minimization may not have fully converged: stopped at max_minimization_iterations=50""]",fail,,1.0,,challenge,docking_quality,"[""self-dock RMSD 6.59 \u00c5 (39 matched atoms) exceeds threshold 2.5 \u00c5""]","{""simulability_reasons"": [], ""pocket_reasons"": [""best druggability score 0.087 below threshold 0.5""], ""modeling"": [""no AlphaFold DB entry found for UniProt accession P03367""], ""md_simulation"": [""3128 atoms, 50 steps at 2.0 fs completed cleanly, final PE -15519.2 kJ/mol"", ""minimization may not have fully converged: stopped at max_minimization_iterations=50""], ""docking"": [""self-dock RMSD 6.59 \u00c5 (39 matched atoms) exceeds threshold 2.5 \u00c5""]}"
2ZGA,P03367,HIV-1 protease in complex with a dimethylallyl decorated pyrrolidine based inhibitor (hexagonal space group),Human immunodeficiency virus 1,99,801,1.65,X-RAY DIFFRACTION,1,YDP,CC(=CCN(C1CNCC1N(CC=C(C)C)S(=O)(=O)c2ccc(cc2)C(=O)N)S(=O)(=O)c3ccc(cc3)C(=O)N)C,True,True,False,0.111,1.0,False,1,"[""md_simulation""]",,,,True,fail,,1.0,,challenge,completeness,"[""no AlphaFold DB entry found for UniProt accession P03367""]",pass,0.32999999999999996,0.0038013951133325464,-0.3261986048866674,intro,,"[""1564 atoms, 50 steps at 2.0 fs completed cleanly, final PE -7201.3 kJ/mol"", ""minimization may not have fully converged: stopped at max_minimization_iterations=50""]",fail,,1.0,,challenge,docking_quality,"[""self-dock RMSD 7.48 \u00c5 (21 matched atoms) exceeds threshold 2.5 \u00c5""]","{""simulability_reasons"": [], ""pocket_reasons"": [""best druggability score 0.111 below threshold 0.5""], ""modeling"": [""no AlphaFold DB entry found for UniProt accession P03367""], ""md_simulation"": [""1564 atoms, 50 steps at 2.0 fs completed cleanly, final PE -7201.3 kJ/mol"", ""minimization may not have fully converged: stopped at max_minimization_iterations=50""], ""docking"": [""self-dock RMSD 7.48 \u00c5 (21 matched atoms) exceeds threshold 2.5 \u00c5""]}"
3DN0,P00720,Pentafluorobenzene binding in the hydrophobic cavity of T4 lysozyme L99A mutant,Tequatrovirus T4,164,1609,1.8,X-RAY DIFFRACTION,1,CL,[Cl-],True,True,True,0.607,1.0,False,1,"[""md_simulation""]",,,,True,fail,,1.0,,challenge,completeness,"[""no AlphaFold DB entry found for UniProt accession P00720""]",pass,0.42222222222222217,0.011067018600006123,-0.411155203622216,intro,,"[""2636 atoms, 50 steps at 2.0 fs completed cleanly, final PE -18049.3 kJ/mol"", ""minimization may not have fully converged: stopped at max_minimization_iterations=50""]",fail,,1.0,,challenge,stability,"[""Vina docking run failed: \n\nPDBQT parsing error: Unknown or inappropriate tag found in flex residue or ligand.\n > ROOT\n""]","{""simulability_reasons"": [], ""pocket_reasons"": [], ""modeling"": [""no AlphaFold DB entry found for UniProt accession P00720""], ""md_simulation"": [""2636 atoms, 50 steps at 2.0 fs completed cleanly, final PE -18049.3 kJ/mol"", ""minimization may not have fully converged: stopped at max_minimization_iterations=50""], ""docking"": [""Vina docking run failed: \n\nPDBQT parsing error: Unknown or inappropriate tag found in flex residue or ligand.\n > ROOT\n""]}"
1BKM,P00524,COCRYSTAL STRUCTURE OF D-AMINO ACID SUBSTITUTED PHOSPHOPEPTIDE COMPLEX,Rous sarcoma virus,113,914,2.0,X-RAY DIFFRACTION,1,1C5,CC(=O)NC(Cc1ccc(cc1)OP(=O)(O)O)C(=O)NC(CCC(=O)O)C(=O)NC(CCC2CCCCC2)C(=O)N,True,False,False,0.037,0.9026548672566371,False,0,"[""md_simulation""]",,,,True,fail,,1.0,,challenge,completeness,"[""no AlphaFold DB entry found for UniProt accession P00524""]",pass,0.42467059980334315,0.004997374359906341,-0.4196732254434368,intro,,"[""1788 atoms, 50 steps at 2.0 fs completed cleanly, final PE -6507.6 kJ/mol"", ""minimization may not have fully converged: stopped at max_minimization_iterations=50""]",fail,,1.0,,challenge,docking_quality,"[""self-dock RMSD 4.37 \u00c5 (41 matched atoms) exceeds threshold 2.5 \u00c5""]","{""simulability_reasons"": [], ""pocket_reasons"": [""best druggability score 0.037 below threshold 0.5""], ""modeling"": [""no AlphaFold DB entry found for UniProt accession P00524""], ""md_simulation"": [""1788 atoms, 50 steps at 2.0 fs completed cleanly, final PE -6507.6 kJ/mol"", ""minimization may not have fully converged: stopped at max_minimization_iterations=50""], ""docking"": [""self-dock RMSD 4.37 \u00c5 (41 matched atoms) exceeds threshold 2.5 \u00c5""]}"
1KW5,P00720,METHIONINE CORE MUTANT OF T4 LYSOZYME,Tequatrovirus T4,162,1426,1.75,X-RAY DIFFRACTION,1,CL,[Cl-],True,True,False,0.271,1.0,False,0,"[""md_simulation""]",,,,True,fail,,1.0,,challenge,completeness,"[""no AlphaFold DB entry found for UniProt accession P00720""]",pass,0.41333333333333333,0.01224135655333157,-0.40109197678000175,intro,,"[""2606 atoms, 50 steps at 2.0 fs completed cleanly, final PE -17528.5 kJ/mol"", ""minimization may not have fully converged: stopped at max_minimization_iterations=50""]",fail,,1.0,,challenge,docking_quality,"[""self-dock RMSD 4.57 \u00c5 (8 matched atoms) exceeds threshold 2.5 \u00c5""]","{""simulability_reasons"": [], ""pocket_reasons"": [""best druggability score 0.271 below threshold 0.5""], ""modeling"": [""no AlphaFold DB entry found for UniProt accession P00720""], ""md_simulation"": [""2606 atoms, 50 steps at 2.0 fs completed cleanly, final PE -17528.5 kJ/mol"", ""minimization may not have fully converged: stopped at max_minimization_iterations=50""], ""docking"": [""self-dock RMSD 4.57 \u00c5 (8 matched atoms) exceeds threshold 2.5 \u00c5""]}"
1PQM,P00720,T4 Lysozyme Core Repacking Mutant V149I/T152V/TA,Tequatrovirus T4,164,1578,1.52,X-RAY DIFFRACTION,1,CL,[Cl-],True,True,True,0.791,1.0,False,0,"[""md_simulation""]",,,,True,fail,,1.0,,challenge,completeness,"[""no AlphaFold DB entry found for UniProt accession P00720""]",pass,0.38488888888888884,0.008859647060004743,-0.3760292418288841,intro,,"[""2650 atoms, 50 steps at 2.0 fs completed cleanly, final PE -18137.9 kJ/mol"", ""minimization may not have fully converged: stopped at max_minimization_iterations=50""]",fail,,1.0,,challenge,docking_quality,"[""self-dock RMSD 3.80 \u00c5 (8 matched atoms) exceeds threshold 2.5 \u00c5""]","{""simulability_reasons"": [], ""pocket_reasons"": [], ""modeling"": [""no AlphaFold DB entry found for UniProt accession P00720""], ""md_simulation"": [""2650 atoms, 50 steps at 2.0 fs completed cleanly, final PE -18137.9 kJ/mol"", ""minimization may not have fully converged: stopped at max_minimization_iterations=50""], ""docking"": [""self-dock RMSD 3.80 \u00c5 (8 matched atoms) exceeds threshold 2.5 \u00c5""]}"
1PQO,P00720,T4 Lysozyme Core Repacking Mutant L118I/TA,Tequatrovirus T4,164,1453,1.65,X-RAY DIFFRACTION,1,CL,[Cl-],True,True,False,0.308,1.0,False,0,"[""md_simulation""]",,,,True,fail,,1.0,,challenge,completeness,"[""no AlphaFold DB entry found for UniProt accession P00720""]",pass,0.40222222222222215,0.007203870236796016,-0.3950183519854261,intro,,"[""2645 atoms, 50 steps at 2.0 fs completed cleanly, final PE -17090.3 kJ/mol"", ""minimization may not have fully converged: stopped at max_minimization_iterations=50""]",fail,,1.0,,challenge,docking_quality,"[""self-dock RMSD 3.38 \u00c5 (8 matched atoms) exceeds threshold 2.5 \u00c5""]","{""simulability_reasons"": [], ""pocket_reasons"": [""best druggability score 0.308 below threshold 0.5""], ""modeling"": [""no AlphaFold DB entry found for UniProt accession P00720""], ""md_simulation"": [""2645 atoms, 50 steps at 2.0 fs completed cleanly, final PE -17090.3 kJ/mol"", ""minimization may not have fully converged: stopped at max_minimization_iterations=50""], ""docking"": [""self-dock RMSD 3.38 \u00c5 (8 matched atoms) exceeds threshold 2.5 \u00c5""]}"
1QTC,P00720,THE INTRODUCTION OF STRAIN AND ITS EFFECTS ON THE STRUCTURE AND STABILITY OF T4 LYSOZYME,Tequatrovirus T4,162,1384,2.5,X-RAY DIFFRACTION,1,CL,[Cl-],True,True,False,0.203,1.0,False,0,"[""md_simulation""]",,,,True,fail,,1.0,,challenge,completeness,"[""no AlphaFold DB entry found for UniProt accession P00720""]",pass,0.5133333333333333,0.009001523673332486,-0.5043318096600008,intro,,"[""2622 atoms, 50 steps at 2.0 fs completed cleanly, final PE -17236.3 kJ/mol"", ""minimization may not have fully converged: stopped at max_minimization_iterations=50""]",fail,,1.0,,challenge,docking_quality,"[""self-dock RMSD 4.03 \u00c5 (8 matched atoms) exceeds threshold 2.5 \u00c5""]","{""simulability_reasons"": [], ""pocket_reasons"": [""best druggability score 0.203 below threshold 0.5""], ""modeling"": [""no AlphaFold DB entry found for UniProt accession P00720""], ""md_simulation"": [""2622 atoms, 50 steps at 2.0 fs completed cleanly, final PE -17236.3 kJ/mol"", ""minimization may not have fully converged: stopped at max_minimization_iterations=50""], ""docking"": [""self-dock RMSD 4.03 \u00c5 (8 matched atoms) exceeds threshold 2.5 \u00c5""]}"
1Z8C,P03367,"Crystal structure of the complex of mutant HIV-1 protease (l63P, A71V, V82T, I84V) with a hydroxyethylamine peptidomimetic inhibitor BOC-PHE-PSI[R-CH(OH)CH2NH]-PHE-GLU-PHE-NH2",Human immunodeficiency virus 1,198,1706,2.2,X-RAY DIFFRACTION,1,0ZS,CC(C)(C)OC(=O)NC(Cc1ccccc1)C(CNC(Cc2ccccc2)C(=O)NC(CCC(=O)O)C(=O)NC(Cc3ccccc3)C(=O)N)O,True,True,False,0.013,1.0,True,0,"[""md_simulation""]",,,,True,fail,,1.0,,challenge,completeness,"[""no AlphaFold DB entry found for UniProt accession P03367""]",pass,0.5133333333333333,0.015002234310001465,-0.49833109902333184,intro,,"[""3120 atoms, 50 steps at 2.0 fs completed cleanly, final PE -15044.0 kJ/mol"", ""minimization may not have fully converged: stopped at max_minimization_iterations=50""]",fail,,1.0,,challenge,docking_quality,"[""self-dock RMSD 10.73 \u00c5 (51 matched atoms) exceeds threshold 2.5 \u00c5""]","{""simulability_reasons"": [], ""pocket_reasons"": [""best druggability score 0.013 below threshold 0.5""], ""modeling"": [""no AlphaFold DB entry found for UniProt accession P03367""], ""md_simulation"": [""3120 atoms, 50 steps at 2.0 fs completed cleanly, final PE -15044.0 kJ/mol"", ""minimization may not have fully converged: stopped at max_minimization_iterations=50""], ""docking"": [""self-dock RMSD 10.73 \u00c5 (51 matched atoms) exceeds threshold 2.5 \u00c5""]}"
1ZBG,P03367,"Crystal structure of a complex of mutant hiv-1 protease (A71V, V82T, I84V) with a hydroxyethylamine peptidomimetic inhibitor BOC-PHE-PSI[R-CH(OH)CH2NH]-PHE-GLU-PHE-NH2",Human immunodeficiency virus 1,198,1784,1.995,X-RAY DIFFRACTION,1,0ZS,CC(C)(C)OC(=O)NC(Cc1ccccc1)C(CNC(Cc2ccccc2)C(=O)NC(CCC(=O)O)C(=O)NC(Cc3ccccc3)C(=O)N)O,True,True,False,0.019,1.0,True,0,"[""md_simulation""]",,,,True,fail,,1.0,,challenge,completeness,"[""no AlphaFold DB entry found for UniProt accession P03367""]",pass,0.486,0.009403255989891477,-0.4765967440101085,intro,,"[""3130 atoms, 50 steps at 2.0 fs completed cleanly, final PE -13732.7 kJ/mol"", ""minimization may not have fully converged: stopped at max_minimization_iterations=50""]",fail,,1.0,,challenge,docking_quality,"[""self-dock RMSD 10.80 \u00c5 (51 matched atoms) exceeds threshold 2.5 \u00c5""]","{""simulability_reasons"": [], ""pocket_reasons"": [""best druggability score 0.019 below threshold 0.5""], ""modeling"": [""no AlphaFold DB entry found for UniProt accession P03367""], ""md_simulation"": [""3130 atoms, 50 steps at 2.0 fs completed cleanly, final PE -13732.7 kJ/mol"", ""minimization may not have fully converged: stopped at max_minimization_iterations=50""], ""docking"": [""self-dock RMSD 10.80 \u00c5 (51 matched atoms) exceeds threshold 2.5 \u00c5""]}"
1ZPK,P03367,"Crystal structure of the complex of mutant HIV-1 protease (A71V, V82T, I84V) with a hydroxyethylamine peptidomimetic inhibitor BOC-PHE-PSI[R-CH(OH)CH2NH]-PHE-GLU-PHE-NH2",Human immunodeficiency virus 1,198,1856,1.65,X-RAY DIFFRACTION,1,0ZS,CC(C)(C)OC(=O)NC(Cc1ccccc1)C(CNC(Cc2ccccc2)C(=O)NC(CCC(=O)O)C(=O)NC(Cc3ccccc3)C(=O)N)O,True,True,False,0.106,1.0,True,0,"[""md_simulation""]",,,,True,fail,,1.0,,challenge,completeness,"[""no AlphaFold DB entry found for UniProt accession P03367""]",pass,0.43999999999999995,0.017616701546667172,-0.4223832984533328,intro,,"[""3130 atoms, 50 steps at 2.0 fs completed cleanly, final PE -14556.7 kJ/mol"", ""minimization may not have fully converged: stopped at max_minimization_iterations=50""]",fail,,1.0,,challenge,docking_quality,"[""self-dock RMSD 5.40 \u00c5 (51 matched atoms) exceeds threshold 2.5 \u00c5""]","{""simulability_reasons"": [], ""pocket_reasons"": [""best druggability score 0.106 below threshold 0.5""], ""modeling"": [""no AlphaFold DB entry found for UniProt accession P03367""], ""md_simulation"": [""3130 atoms, 50 steps at 2.0 fs completed cleanly, final PE -14556.7 kJ/mol"", ""minimization may not have fully converged: stopped at max_minimization_iterations=50""], ""docking"": [""self-dock RMSD 5.40 \u00c5 (51 matched atoms) exceeds threshold 2.5 \u00c5""]}"
225L,P00720,GENERATING LIGAND BINDING SITES IN T4 LYSOZYME USING DEFICIENCY-CREATING SUBSTITUTIONS,Tequatrovirus T4,164,1441,1.9,X-RAY DIFFRACTION,1,BME,C(CS)O,True,False,True,0.663,0.9878048780487805,False,0,"[""md_simulation""]",,,,True,fail,,1.0,,challenge,completeness,"[""no AlphaFold DB entry found for UniProt accession P00720""]",pass,0.439620596205962,0.0076651550165843215,-0.4319554411893777,intro,,"[""2631 atoms, 50 steps at 2.0 fs completed cleanly, final PE -17376.6 kJ/mol"", ""minimization may not have fully converged: stopped at max_minimization_iterations=50""]",fail,,1.0,,challenge,docking_quality,"[""self-dock RMSD 3.42 \u00c5 (8 matched atoms) exceeds threshold 2.5 \u00c5""]","{""simulability_reasons"": [], ""pocket_reasons"": [], ""modeling"": [""no AlphaFold DB entry found for UniProt accession P00720""], ""md_simulation"": [""2631 atoms, 50 steps at 2.0 fs completed cleanly, final PE -17376.6 kJ/mol"", ""minimization may not have fully converged: stopped at max_minimization_iterations=50""], ""docking"": [""self-dock RMSD 3.42 \u00c5 (8 matched atoms) exceeds threshold 2.5 \u00c5""]}"
25HL,P01308,SFX crystal structure of insulin detemir,Homo sapiens,200,1762,2.85,X-RAY DIFFRACTION,2,CL,[Cl-],True,True,False,0.014,1.0,False,0,"[""md_simulation""]",AF-P01308-F1,52.91,0.873,True,fail,,1.0,,challenge,confidence,"[""87.3% of AF-P01308-F1 is low/very-low pLDDT, exceeds threshold 30.0%""]",pass,0.5555555555555556,0.011185748926751936,-0.5443698066288036,intro,,"[""3090 atoms, 50 steps at 2.0 fs completed cleanly, final PE -13237.9 kJ/mol"", ""minimization may not have fully converged: stopped at max_minimization_iterations=50""]",fail,,1.0,,challenge,docking_quality,"[""self-dock RMSD 3.14 \u00c5 (15 matched atoms) exceeds threshold 2.5 \u00c5""]","{""simulability_reasons"": [], ""pocket_reasons"": [""best druggability score 0.014 below threshold 0.5""], ""modeling"": [""87.3% of AF-P01308-F1 is low/very-low pLDDT, exceeds threshold 30.0%""], ""md_simulation"": [""3090 atoms, 50 steps at 2.0 fs completed cleanly, final PE -13237.9 kJ/mol"", ""minimization may not have fully converged: stopped at max_minimization_iterations=50""], ""docking"": [""self-dock RMSD 3.14 \u00c5 (15 matched atoms) exceeds threshold 2.5 \u00c5""]}"
2QMP,Q9WFL7,Crystal Structure of HIV-1 protease complexed with PL-100,Human immunodeficiency virus 1,198,1850,1.8,X-RAY DIFFRACTION,1,A00,CC(C)CN(C(CCCCNC(=O)C(C(c1ccccc1)c2ccccc2)NC(=O)OC)CO)S(=O)(=O)c3ccc(cc3)N,True,True,False,0.051,1.0,False,0,"[""md_simulation""]",,,,True,fail,,1.0,,challenge,completeness,"[""no AlphaFold DB entry found for UniProt accession Q9WFL7""]",pass,0.45999999999999996,0.005827724706667444,-0.45417227529333254,intro,,"[""3134 atoms, 50 steps at 2.0 fs completed cleanly, final PE -13887.4 kJ/mol"", ""minimization may not have fully converged: stopped at max_minimization_iterations=50""]",fail,,1.0,,challenge,docking_quality,"[""self-dock RMSD 9.89 \u00c5 (44 matched atoms) exceeds threshold 2.5 \u00c5""]","{""simulability_reasons"": [], ""pocket_reasons"": [""best druggability score 0.051 below threshold 0.5""], ""modeling"": [""no AlphaFold DB entry found for UniProt accession Q9WFL7""], ""md_simulation"": [""3134 atoms, 50 steps at 2.0 fs completed cleanly, final PE -13887.4 kJ/mol"", ""minimization may not have fully converged: stopped at max_minimization_iterations=50""], ""docking"": [""self-dock RMSD 9.89 \u00c5 (44 matched atoms) exceeds threshold 2.5 \u00c5""]}"
3EL0,P03369,Crystal structure of the inhibitor Nelfinavir (NFV) in complex with a multi-drug resistant HIV-1 protease variant (L10I/G48V/I54V/V64I/V82A) (Refer: FLAP+ in citation),HIV-1 M:B_ARV2/SF2,198,1709,2.0,X-RAY DIFFRACTION,1,1UN,Cc1c(cccc1O)C(=O)NC(CSc2ccccc2)C(CN3CC4CCCCC4CC3C(=O)NC(C)(C)C)O,True,True,True,0.664,1.0,False,0,"[""md_simulation""]",,,,True,fail,,1.0,,challenge,completeness,"[""no AlphaFold DB entry found for UniProt accession P03369""]",pass,0.4866666666666667,0.009014019743332635,-0.47765264692333403,intro,,"[""3134 atoms, 50 steps at 2.0 fs completed cleanly, final PE -12708.2 kJ/mol"", ""minimization may not have fully converged: stopped at max_minimization_iterations=50""]",fail,,1.0,,challenge,docking_quality,"[""self-dock RMSD 7.08 \u00c5 (40 matched atoms) exceeds threshold 2.5 \u00c5""]","{""simulability_reasons"": [], ""pocket_reasons"": [], ""modeling"": [""no AlphaFold DB entry found for UniProt accession P03369""], ""md_simulation"": [""3134 atoms, 50 steps at 2.0 fs completed cleanly, final PE -12708.2 kJ/mol"", ""minimization may not have fully converged: stopped at max_minimization_iterations=50""], ""docking"": [""self-dock RMSD 7.08 \u00c5 (40 matched atoms) exceeds threshold 2.5 \u00c5""]}"
3EM3,P03369,Crystal structure of amprenavir (APV) in complex with a drug resistant HIV-1 protease variant (I50L/A71V).,HIV-1 M:B_ARV2/SF2,198,1642,2.2,X-RAY DIFFRACTION,1,478,CC(C)CN(CC(C(Cc1ccccc1)NC(=O)OC2CCOC2)O)S(=O)(=O)c3ccc(cc3)N,True,True,False,0.036,1.0,False,0,"[""md_simulation""]",,,,True,fail,,1.0,,challenge,completeness,"[""no AlphaFold DB entry found for UniProt accession P03369""]",pass,0.5133333333333333,0.0065424828132381666,-0.5067908505200951,intro,,"[""3146 atoms, 50 steps at 2.0 fs completed cleanly, final PE -13833.6 kJ/mol"", ""minimization may not have fully converged: stopped at max_minimization_iterations=50""]",fail,,1.0,,challenge,docking_quality,"[""self-dock RMSD 8.70 \u00c5 (35 matched atoms) exceeds threshold 2.5 \u00c5""]","{""simulability_reasons"": [], ""pocket_reasons"": [""best druggability score 0.036 below threshold 0.5""], ""modeling"": [""no AlphaFold DB entry found for UniProt accession P03369""], ""md_simulation"": [""3146 atoms, 50 steps at 2.0 fs completed cleanly, final PE -13833.6 kJ/mol"", ""minimization may not have fully converged: stopped at max_minimization_iterations=50""], ""docking"": [""self-dock RMSD 8.70 \u00c5 (35 matched atoms) exceeds threshold 2.5 \u00c5""]}"
1BTE,P27038,CRYSTAL STRUCTURE OF THE EXTRACELLULAR DOMAIN OF THE TYPE II ACTIVIN RECEPTOR,Mus musculus,194,1745,1.5,X-RAY DIFFRACTION,1,NAG,CC(=O)NC1C(C(C(OC1O)CO)O)O,True,False,,,0.9587628865979382,False,5,"[""modeling""]",AF-P27038-F1,83.06,0.203,True,pass,,0.02878273900005297,,intro,,"[""AF-P27038-F1: mean pLDDT 83.1, 20.3% low/very-low confidence""]",fail,0.42930126002290947,1.0,0.5706987399770905,challenge,stability,"[""simulation failed to complete: Particle coordinate is NaN.  For more information, see https://github.com/openmm/openmm/wiki/Frequently-Asked-Questions#nan""]",not_run,,,,,,[],"{""simulability_reasons"": [], ""pocket_reasons"": [], ""modeling"": [""AF-P27038-F1: mean pLDDT 83.1, 20.3% low/very-low confidence""], ""md_simulation"": [""simulation failed to complete: Particle coordinate is NaN.  For more information, see https://github.com/openmm/openmm/wiki/Frequently-Asked-Questions#nan""], ""docking"": []}"
2Y6N,,STRUCTURE OF LINEAR GRAMICIDIN D OBTAINED USING TYPE I CRYSTALS GROWN IN A 8.8 MONOACYLGLYCEROL LIPID CUBIC PHASE.,Brevibacillus brevis,96,974,1.26,X-RAY DIFFRACTION,1,15P,COCCOCCOCCOCCOCCOCCOCCOCCOCCOCCOCCOCCOCCOCCOCCOCCOCCOCCOCCOCCOCCOCCOCCOCCOCCOCCOCCOCCOCCOCCOCCOCCOCCOCCO,True,False,True,0.995,1.0,True,2,"[""md_simulation""]",,,,True,not_run,,,,,,[],pass,0.2746666666666666,0.0035325230033292124,-0.2711341436633374,intro,,"[""1596 atoms, 50 steps at 2.0 fs completed cleanly, final PE -5318.4 kJ/mol"", ""minimization may not have fully converged: stopped at max_minimization_iterations=50""]",fail,,1.0,,challenge,docking_quality,"[""self-dock RMSD 7.26 \u00c5 (22 matched atoms) exceeds threshold 2.5 \u00c5""]","{""simulability_reasons"": [], ""pocket_reasons"": [], ""modeling"": [], ""md_simulation"": [""1596 atoms, 50 steps at 2.0 fs completed cleanly, final PE -5318.4 kJ/mol"", ""minimization may not have fully converged: stopped at max_minimization_iterations=50""], ""docking"": [""self-dock RMSD 7.26 \u00c5 (22 matched atoms) exceeds threshold 2.5 \u00c5""]}"
10XA,U5EFM3,Nocardia asteroides DnaA DI in the P31(1)21 space group,Nocardia asteroides,99,963,1.25,X-RAY DIFFRACTION,1,SO4,[O-]S(=O)(=O)[O-],True,False,True,0.542,0.9292929292929293,False,0,"[""md_simulation""]",AF-U5EFM3-F1,66.38,0.449,True,fail,,1.0,,challenge,confidence,"[""44.9% of AF-U5EFM3-F1 is low/very-low pLDDT, exceeds threshold 30.0%""]",pass,0.30023569023569024,0.01199997816666837,-0.2882357120690219,intro,,"[""1497 atoms, 50 steps at 2.0 fs completed cleanly, final PE -7477.2 kJ/mol"", ""minimization may not have fully converged: stopped at max_minimization_iterations=50""]",not_run,,,,,,[],"{""simulability_reasons"": [], ""pocket_reasons"": [], ""modeling"": [""44.9% of AF-U5EFM3-F1 is low/very-low pLDDT, exceeds threshold 30.0%""], ""md_simulation"": [""1497 atoms, 50 steps at 2.0 fs completed cleanly, final PE -7477.2 kJ/mol"", ""minimization may not have fully converged: stopped at max_minimization_iterations=50""], ""docking"": []}"
12AK,P50120,Q108K:K40L:T51V:T53S:R58W:Y19W:L117E mutant of hCRBPII bound to fluorophore TD-1V-6,Homo sapiens,133,1234,1.37,X-RAY DIFFRACTION,1,A1CKY,CN(C)c1ccc(cc1)c2ccc(s2)C(=CC=O)C(F)(F)F,True,True,,,1.0,False,0,"[""modeling""]",AF-P50120-F1,96.5,0.007,False,pass,,0.030284367999774985,,intro,,"[""AF-P50120-F1: mean pLDDT 96.5, 0.7% low/very-low confidence""]",fail,0.33044444444444443,1.0,0.6695555555555556,challenge,completeness,"[""PDBFixer repair failed: HTTP Error 404: Not Found""]",not_run,,,,,,[],"{""simulability_reasons"": [], ""pocket_reasons"": [], ""modeling"": [""AF-P50120-F1: mean pLDDT 96.5, 0.7% low/very-low confidence""], ""md_simulation"": [""PDBFixer repair failed: HTTP Error 404: Not Found""], ""docking"": []}"
1A34,P17574,SATELLITE TOBACCO MOSAIC VIRUS/RNA COMPLEX,Satellite tobacco mosaic virus,179,1763,1.81,X-RAY DIFFRACTION,1,SO4,[O-]S(=O)(=O)[O-],True,False,,,0.9329608938547486,False,28,[],,,,True,fail,,1.0,,challenge,completeness,"[""no AlphaFold DB entry found for UniProt accession P17574""]",fail,0.462568590937306,1.0,0.5374314090626939,challenge,parameterization,"[""ForceField could not parameterize repaired structure: No template found for residue 159 (A).  The set of heavy atoms matches G3, but the residue has 1 H atom too many.  Is the chain terminated in a way that is unsupported by the force field?  For more information, see https://github.com/openmm/openmm/wiki/Frequently-Asked-Questions#template""]",not_run,,,,,,[],"{""simulability_reasons"": [], ""pocket_reasons"": [], ""modeling"": [""no AlphaFold DB entry found for UniProt accession P17574""], ""md_simulation"": [""ForceField could not parameterize repaired structure: No template found for residue 159 (A).  The set of heavy atoms matches G3, but the residue has 1 H atom too many.  Is the chain terminated in a way that is unsupported by the force field?  For more information, see https://github.com/openmm/openmm/wiki/Frequently-Asked-Questions#template""], ""docking"": []}"
102L,P00720,HOW AMINO-ACID INSERTIONS ARE ALLOWED IN AN ALPHA-HELIX OF T4 LYSOZYME,Tequatrovirus T4,165,1439,1.74,X-RAY DIFFRACTION,1,BME,C(CS)O,True,False,,,0.9878787878787879,False,5,[],,,,,fail,,1.0,,challenge,completeness,"[""no AlphaFold DB entry found for UniProt accession P00720""]",not_run,0.4193737373737374,,,core,,[],not_run,,,,,,[],"{""simulability_reasons"": [], ""pocket_reasons"": [], ""modeling"": [""no AlphaFold DB entry found for UniProt accession P00720""], ""md_simulation"": [], ""docking"": []}"
